run_date,code,name,close,market_cap_억원,stock_return_pct,kospi_return_pct,rs_index,ma20,ma20_gap_pct,volatility_contraction,price_change_5d_pct,ma120,avg_volume_55,avg_volume_10,volume_change_pct,industry,core_theme,etf_trend_good,etf_names,etf_details,source_url
2026-08-10,009150,삼성전기,1.274e+06,1164474,311.63,17.65,349.87,1246750.00,2.19,X,+7.87,1070858.33,,1023978,-11.42,전자장비와기기,S7(삼성전자/SK하이닉스 등) / 자율주행차 / 카메라모듈/부품,통과,KODEX 200 / TIGER 200 / KODEX 200TR,"KODEX 200 (비중 2.32%, 20일선 -5.07%) / TIGER 200 (비중 2.33%, 20일선 -5.08%) / KODEX 200TR (비중 2.31%, 20일선 -5.10%)",https://finance.naver.com/item/main.naver?code=009150
2026-08-10,010120,LS ELECTRIC,208500,307500,56.30,17.65,132.85,191600.00,8.82,X,+10.67,203262.50,,927127,-14.80,전기장비,전기차 / 전력저장장치(ESS) / 스마트팩토리(스마트공장),통과,KODEX AI전력핵심설비 / HANARO 원자력iSelect / HANARO 전력설비투자,"KODEX AI전력핵심설비 (비중 21.03%, 20일선 +8.82%) / HANARO 원자력iSelect (비중 14.56%, 20일선 +9.10%) / HANARO 전력설비투자 (비중 20.99%, 20일선 +8.95%)",https://finance.naver.com/item/main.naver?code=010120
2026-08-10,034730,SK,513000,424140,51.78,17.65,129.00,561475.00,-8.63,X,-1.91,501508.33,,233296,-19.55,석유와가스,LNG(액화천연가스) / 냉각시스템(액침냉각 등) / SI(시스템통합),통과,TIGER 지주회사 / TIGER 200 에너지화학 / HK 베스트일레븐액티브,"TIGER 지주회사 (비중 11.95%, 20일선 +5.85%) / TIGER 200 에너지화학 (비중 22.05%, 20일선 +4.94%) / HK 베스트일레븐액티브 (비중 7.39%, 20일선 -4.08%)",https://finance.naver.com/item/main.naver?code=034730
2026-08-10,066570,LG전자,190000,346944,48.55,17.65,126.27,173410.00,9.57,X,+19.65,168371.67,,1232268,-48.17,전자제품,피지컬 AI/휴머노이드 로봇 / IT 대표주 / 제습기,통과,KODEX 로봇액티브 / TIGER LG그룹플러스 / FOCUS AI코리아액티브,"KODEX 로봇액티브 (비중 7.50%, 20일선 +7.37%) / TIGER LG그룹플러스 (비중 13.84%, 20일선 +8.21%) / FOCUS AI코리아액티브 (비중 5.95%, 20일선 -1.71%)",https://finance.naver.com/item/main.naver?code=066570
2026-08-10,161890,한국콜마,105900,32032,44.08,17.65,122.46,102305.00,3.51,X,+9.40,87465.83,,252388,-19.34,화장품,화장품,통과,TIGER 화장품 / TIGER 중국소비테마 / HANARO K-뷰티,"TIGER 화장품 (비중 10.07%, 20일선 +9.23%) / TIGER 중국소비테마 (비중 6.68%, 20일선 +6.20%) / HANARO K-뷰티 (비중 8.48%, 20일선 +9.99%)",https://finance.naver.com/item/main.naver?code=161890
2026-08-10,483650,달바글로벌,241500,28486,42.73,17.65,121.32,231215.00,4.45,X,+8.05,198530.83,,211486,+13.12,화장품,미용기기 / 화장품,미통과,,,https://finance.naver.com/item/main.naver?code=483650
2026-08-10,078930,GS,97300,108873,39.60,17.65,118.65,88605.00,9.81,X,+15.01,74348.33,,536554,+28.77,석유와가스,정유 / 윤활유 / LPG(액화석유가스),통과,PLUS 고배당주 / PLUS 고배당주위클리커버드콜 / ACE 라이프자산주주가치액티브,"PLUS 고배당주 (비중 5.17%, 20일선 +1.35%) / PLUS 고배당주위클리커버드콜 (비중 4.77%, 20일선 +3.33%) / ACE 라이프자산주주가치액티브 (비중 3.94%, 20일선 +0.97%)",https://finance.naver.com/item/main.naver?code=078930
2026-08-10,278470,에이피알,387000,146195,37.23,17.65,116.64,360025.00,7.49,X,+14.50,368908.33,,360003,+22.33,화장품,패션/의류 / 미용기기 / 화장품,통과,TIGER 화장품 / HANARO K-뷰티 / KODEX 필수소비재,"TIGER 화장품 (비중 9.53%, 20일선 +9.23%) / HANARO K-뷰티 (비중 15.98%, 20일선 +9.99%) / KODEX 필수소비재 (비중 17.62%, 20일선 +7.78%)",https://finance.naver.com/item/main.naver?code=278470
2026-08-10,010950,S-Oil,139600,166847,29.98,17.65,110.48,135450.00,3.06,X,+14.71,117656.67,,397561,-10.61,석유와가스,정유 / 윤활유 / LPG(액화석유가스),통과,에셋플러스 코리아대장장이액티브 / TIGER 200 에너지화학 / RISE 우량업종대표주,"에셋플러스 코리아대장장이액티브 (비중 4.94%, 20일선 +3.71%) / TIGER 200 에너지화학 (비중 6.62%, 20일선 +4.94%) / RISE 우량업종대표주 (비중 3.05%, 20일선 +3.32%)",https://finance.naver.com/item/main.naver?code=010950
2026-08-10,018260,삼성에스디에스,222500,187254,29.59,17.65,110.14,206605.00,7.69,X,+9.61,190410.83,,361767,-36.52,IT서비스,IT 대표주 / SI(시스템통합) / 스마트팩토리(스마트공장),통과,TIGER 소프트웨어 / ACE 코리아AI테크핵심산업,"TIGER 소프트웨어 (비중 14.06%, 20일선 +5.91%) / ACE 코리아AI테크핵심산업 (비중 11.62%, 20일선 +1.86%)",https://finance.naver.com/item/main.naver?code=018260
2026-08-10,001450,현대해상,41000,38532,25.00,17.65,106.25,38147.50,7.48,X,+9.92,34233.33,,591527,+10.02,손해보험,손해보험,통과,KODEX 보험,"KODEX 보험 (비중 13.21%, 20일선 +0.86%)",https://finance.naver.com/item/main.naver?code=001450
2026-08-10,028670,팬오션,5830,30844,18.74,17.65,100.92,5313.00,9.73,X,+18.14,5308.67,,4691387,+72.53,해운사,LNG(액화천연가스) / 해운,통과,KODEX 운송 / TIGER 우량가치,"KODEX 운송 (비중 11.38%, 20일선 +4.59%) / TIGER 우량가치 (비중 2.31%, 20일선 +6.04%)",https://finance.naver.com/item/main.naver?code=028670
2026-08-10,001800,오리온홀딩스,27950,16091,17.68,17.65,100.03,25902.50,7.90,X,+9.61,24904.17,,89066,-30.50,식품,지주사,통과,KODEX 코리아배당성장 / TIGER 배당성장,"KODEX 코리아배당성장 (비중 3.69%, 20일선 +2.10%) / TIGER 배당성장 (비중 3.68%, 20일선 +2.25%)",https://finance.naver.com/item/main.naver?code=001800
2026-08-10,000810,삼성화재,630000,273242,14.75,17.65,97.54,632400.00,-0.38,X,+2.27,559587.50,,116552,-24.68,손해보험,손해보험 / 밸류업(25년 기업가치 제고계획 발표) / 코리아 밸류업 지수(Korea Value-up Index),통과,KODEX 금융고배당TOP10타겟위클리커버드콜 / KODEX 보험 / TIGER KTOP30,"KODEX 금융고배당TOP10타겟위클리커버드콜 (비중 9.52%, 20일선 +0.36%) / KODEX 보험 (비중 21.18%, 20일선 +0.86%) / TIGER KTOP30 (비중 3.39%, 20일선 -0.94%)",https://finance.naver.com/item/main.naver?code=000810
2026-08-10,012330,현대모비스,505000,493585,13.23,17.65,96.24,482650.00,4.63,O,+2.33,493941.67,,316007,-41.03,자동차부품,자동차 대표주 / 스마트카(SMART CAR) / 피지컬 AI/휴머노이드 로봇,통과,KODEX 로봇액티브 / TIGER 현대차그룹플러스 / KODEX 자동차,"KODEX 로봇액티브 (비중 7.78%, 20일선 +7.37%) / TIGER 현대차그룹플러스 (비중 15.64%, 20일선 +3.64%) / KODEX 자동차 (비중 21.38%, 20일선 +3.52%)",https://finance.naver.com/item/main.naver?code=012330
2026-08-10,096770,SK이노베이션,124500,217909,9.69,17.65,93.23,115765.00,7.55,X,+15.28,117044.17,,861084,+26.86,석유와가스,정유 / 2차전지(생산) / 윤활유,통과,TIGER 200 에너지화학 / HK 베스트일레븐액티브 / KIWOOM 블루칩,"TIGER 200 에너지화학 (비중 10.19%, 20일선 +4.94%) / HK 베스트일레븐액티브 (비중 8.84%, 20일선 -4.08%) / KIWOOM 블루칩 (비중 3.04%, 20일선 +3.85%)",https://finance.naver.com/item/main.naver?code=096770
2026-08-10,003550,LG,107600,181581,9.46,17.65,93.04,99850.00,7.76,X,+7.92,101502.50,,333770,-53.95,복합기업,밸류업(24년 기업가치 제고계획 발표) / 지주사 / 스마트팩토리(스마트공장),통과,TIGER 지주회사 / TIGER LG그룹플러스 / TIGER MKF배당귀족,"TIGER 지주회사 (비중 8.73%, 20일선 +5.85%) / TIGER LG그룹플러스 (비중 9.12%, 20일선 +8.21%) / TIGER MKF배당귀족 (비중 3.63%, 20일선 +3.89%)",https://finance.naver.com/item/main.naver?code=003550
2026-08-10,192080,더블유게임즈,61600,12979,9.41,17.65,93.00,60610.00,1.63,O,+1.99,58399.17,,43237,-45.61,게임엔터테인먼트,코리아 밸류업 지수(Korea Value-up Index) / 게임 / 모바일게임(스마트폰),통과,ACE 주주환원가치주액티브 / RISE 게임테마 / TIGER K게임,"ACE 주주환원가치주액티브 (비중 9.02%, 20일선 +3.14%) / RISE 게임테마 (비중 11.00%, 20일선 +5.49%) / TIGER K게임 (비중 9.64%, 20일선 +6.09%)",https://finance.naver.com/item/main.naver?code=192080
2026-08-10,021240,코웨이,94300,69705,9.40,17.65,92.98,93060.00,1.33,X,+2.28,85917.50,,213579,-8.77,가정용기기와용품,제습기 / 여름 / 밸류업(25년 기업가치 제고계획 발표),통과,KODEX 경기소비재 / RISE 우량업종대표주 / TIGER 200 경기소비재,"KODEX 경기소비재 (비중 13.19%, 20일선 +0.86%) / RISE 우량업종대표주 (비중 2.59%, 20일선 +3.32%) / TIGER 200 경기소비재 (비중 5.91%, 20일선 +2.08%)",https://finance.naver.com/item/main.naver?code=021240
2026-08-10,033780,KT&G,185700,182810,8.41,17.65,92.14,179515.00,3.45,X,+5.75,172546.67,,328870,+5.12,담배,밸류업(24년 기업가치 제고계획 발표) / 코리아 밸류업 지수(Korea Value-up Index) / 건강기능식품,통과,TIGER 경기방어 / KODEX 필수소비재 / KODEX 모멘텀Plus,"TIGER 경기방어 (비중 9.29%, 20일선 +6.28%) / KODEX 필수소비재 (비중 21.53%, 20일선 +7.78%) / KODEX 모멘텀Plus (비중 4.20%, 20일선 +0.95%)",https://finance.naver.com/item/main.naver?code=033780
2026-08-10,003490,대한항공,26850,96657,7.62,17.65,91.47,26002.50,3.26,X,+2.48,25809.17,,2508942,-14.29,항공사,환율하락 수혜 / UAM(도심항공모빌리티) / 밸류업(24년 기업가치 제고계획 발표),통과,TIGER 여행레저 / RISE K엔터&여행레저 / KODEX 운송,"TIGER 여행레저 (비중 9.92%, 20일선 +3.52%) / RISE K엔터&여행레저 (비중 12.77%, 20일선 -0.65%) / KODEX 운송 (비중 20.72%, 20일선 +4.59%)",https://finance.naver.com/item/main.naver?code=003490
2026-08-10,271560,오리온,137500,53008,5.77,17.65,89.90,131505.00,4.56,X,+3.00,133804.17,,129151,+5.41,식품,환율하락 수혜 / 밸류업(25년 기업가치 제고계획 발표) / 음식료업종,통과,KODEX 필수소비재 / HANARO Fn K-푸드 / PLUS 중형주저변동50,"KODEX 필수소비재 (비중 5.19%, 20일선 +7.78%) / HANARO Fn K-푸드 (비중 14.79%, 20일선 +7.09%) / PLUS 중형주저변동50 (비중 2.88%, 20일선 +4.77%)",https://finance.naver.com/item/main.naver?code=271560
2026-08-10,055550,신한지주,106400,502781,5.45,17.65,89.63,104380.00,1.94,X,+3.60,98489.17,,1197374,-20.85,은행,밸류업(24년 기업가치 제고계획 발표) / STO(토큰증권 발행) / 지주사,통과,KODEX Top5PlusTR / TIGER 은행고배당플러스TOP10 / SOL 금융지주플러스고배당,"KODEX Top5PlusTR (비중 7.22%, 20일선 -4.28%) / TIGER 은행고배당플러스TOP10 (비중 15.56%, 20일선 +0.74%) / SOL 금융지주플러스고배당 (비중 21.31%, 20일선 +0.72%)",https://finance.naver.com/item/main.naver?code=055550
2026-08-10,105560,KB금융,171700,597294,4.38,17.65,88.72,172820.00,-0.65,O,+1.30,159685.00,,1084302,-28.85,은행,밸류업(24년 기업가치 제고계획 발표) / STO(토큰증권 발행) / 지주사,통과,TIGER 코리아TOP10 / KODEX Top5PlusTR / RISE 코리아밸류업,"TIGER 코리아TOP10 (비중 6.03%, 20일선 -5.27%) / KODEX Top5PlusTR (비중 8.61%, 20일선 -4.28%) / RISE 코리아밸류업 (비중 4.26%, 20일선 -2.97%)",https://finance.naver.com/item/main.naver?code=105560
2026-08-10,086790,하나금융지주,130400,365457,3.66,17.65,88.10,130310.00,0.07,X,+2.76,120752.50,,810652,-14.07,은행,밸류업(24년 기업가치 제고계획 발표) / STO(토큰증권 발행) / 토스(toss),통과,KODEX 금융고배당TOP10타겟위클리커버드콜 / TIGER 은행고배당플러스TOP10 / SOL 금융지주플러스고배당,"KODEX 금융고배당TOP10타겟위클리커버드콜 (비중 15.19%, 20일선 +0.36%) / TIGER 은행고배당플러스TOP10 (비중 16.14%, 20일선 +0.74%) / SOL 금융지주플러스고배당 (비중 20.16%, 20일선 +0.72%)",https://finance.naver.com/item/main.naver?code=086790
2026-08-10,011200,HMM,21450,200438,1.90,17.65,86.61,20643.00,3.91,X,+3.37,20477.58,,1281543,-18.19,해운사,해운 / 밸류업(25년 기업가치 제고계획 발표) / 코리아 밸류업 지수(Korea Value-up Index),통과,HANARO Fn조선해운 / KODEX 운송 / RISE 수출주,"HANARO Fn조선해운 (비중 17.95%, 20일선 +7.57%) / KODEX 운송 (비중 15.68%, 20일선 +4.59%) / RISE 수출주 (비중 2.44%, 20일선 +5.98%)",https://finance.naver.com/item/main.naver?code=011200
2026-08-10,192820,코스맥스,203500,27976,0.25,17.65,85.21,185475.00,9.72,X,+9.70,184830.00,,98736,+16.79,화장품,밸류업(25년 기업가치 제고계획 발표) / 코리아 밸류업 지수(Korea Value-up Index) / 화장품,통과,TIGER 화장품 / TIGER 중국소비테마 / TIGER KEDI혁신기업ESG30,"TIGER 화장품 (비중 11.69%, 20일선 +9.23%) / TIGER 중국소비테마 (비중 6.43%, 20일선 +6.20%) / TIGER KEDI혁신기업ESG30 (비중 4.28%, 20일선 +5.75%)",https://finance.naver.com/item/main.naver?code=192820
2026-08-10,241560,두산밥캣,64900,63073,0.00,17.65,85.00,62420.00,3.97,X,+7.45,64893.33,,164536,-33.22,기계,건설기계 / 밸류업(24년 기업가치 제고계획 발표) / 지주사,미통과,,,https://finance.naver.com/item/main.naver?code=241560
2026-08-10,161390,한국타이어앤테크놀로지,70000,89190,-3.71,17.65,81.84,69610.00,0.56,X,+4.79,64526.67,,308770,-29.40,자동차부품,밸류업(25년 기업가치 제고계획 발표) / 타이어,통과,KODEX 자동차 / KODEX 자율주행액티브,"KODEX 자동차 (비중 12.52%, 20일선 +3.52%) / KODEX 자율주행액티브 (비중 5.91%, 20일선 +5.39%)",https://finance.naver.com/item/main.naver?code=161390
2026-08-10,111770,영원무역,90500,38019,-3.83,17.65,81.74,87850.00,3.02,X,+2.96,84045.83,,72291,-9.83,"섬유,의류,신발,호화품",밸류업(25년 기업가치 제고계획 발표) / 패션/의류 / 겨울,통과,RISE K엔터&여행레저 / KODEX 경기소비재 / 에셋플러스 코리아플랫폼액티브,"RISE K엔터&여행레저 (비중 6.91%, 20일선 -0.65%) / KODEX 경기소비재 (비중 4.64%, 20일선 +0.86%) / 에셋플러스 코리아플랫폼액티브 (비중 6.08%, 20일선 +1.64%)",https://finance.naver.com/item/main.naver?code=111770
2026-08-10,026960,동서,26550,26171,-5.18,17.65,80.59,25667.50,3.44,X,+4.53,25957.08,,88390,-8.73,식품,음식료업종 / 코리아 밸류업 지수(Korea Value-up Index),통과,RISE 중소형고배당,"RISE 중소형고배당 (비중 3.90%, 20일선 +3.79%)",https://finance.naver.com/item/main.naver?code=026960
2026-08-10,138040,메리츠금융지주,123500,194290,-5.87,17.65,80.01,119560.00,3.30,X,+2.66,114430.83,,289082,-9.66,증권,밸류업(24년 기업가치 제고계획 발표) / 지주사 / 밸류업(25년 기업가치 제고계획 발표),통과,TIME Korea플러스배당액티브 / RISE V&S셀렉트밸류,"TIME Korea플러스배당액티브 (비중 4.17%, 20일선 -4.34%) / RISE V&S셀렉트밸류 (비중 5.11%, 20일선 +1.09%)",https://finance.naver.com/item/main.naver?code=138040
2026-08-11,009150,삼성전기,1.262e+06,1167462,294.99,14.91,343.75,1245400.00,1.33,X,+6.50,1078795.83,,976623,-12.12,전자장비와기기,S7(삼성전자/SK하이닉스 등) / 자율주행차 / 카메라모듈/부품,통과,KODEX 200 / TIGER 200 / KODEX 200TR,"KODEX 200 (비중 2.32%, 20일선 -3.67%) / TIGER 200 (비중 2.33%, 20일선 -3.69%) / KODEX 200TR (비중 2.31%, 20일선 -3.76%)",https://finance.naver.com/item/main.naver?code=009150
2026-08-11,034730,SK,524000,424865,52.99,14.91,133.14,558525.00,-6.18,O,+1.16,503058.33,,216042,-23.94,석유와가스,LNG(액화천연가스) / 냉각시스템(액침냉각 등) / SI(시스템통합),통과,TIGER 지주회사 / TIGER 200 에너지화학 / HK 베스트일레븐액티브,"TIGER 지주회사 (비중 11.95%, 20일선 +4.71%) / TIGER 200 에너지화학 (비중 22.05%, 20일선 +5.38%) / HK 베스트일레븐액티브 (비중 7.39%, 20일선 -1.95%)",https://finance.naver.com/item/main.naver?code=034730
2026-08-11,066570,LG전자,181700,346944,49.67,14.91,130.25,173215.00,4.90,X,+9.79,168820.00,,1217313,-44.94,전자제품,피지컬 AI/휴머노이드 로봇 / IT 대표주 / 제습기,통과,KODEX 로봇액티브 / TIGER LG그룹플러스 / FOCUS AI코리아액티브,"KODEX 로봇액티브 (비중 7.50%, 20일선 +6.78%) / TIGER LG그룹플러스 (비중 13.84%, 20일선 +7.62%) / FOCUS AI코리아액티브 (비중 5.95%, 20일선 -0.83%)",https://finance.naver.com/item/main.naver?code=066570
2026-08-11,161890,한국콜마,107900,32126,49.03,14.91,129.70,101910.00,5.88,X,+6.52,87752.50,,262865,-16.71,화장품,화장품,통과,TIGER 중국소비테마 / TIGER KEDI혁신기업ESG30 / KODEX 200동일가중,"TIGER 중국소비테마 (비중 6.68%, 20일선 +6.27%) / TIGER KEDI혁신기업ESG30 (비중 5.63%, 20일선 +5.06%) / KODEX 200동일가중 (비중 0.81%, 20일선 +5.82%)",https://finance.naver.com/item/main.naver?code=161890
2026-08-11,028050,삼성E&A,48950,97608,44.82,14.91,126.03,44625.00,9.69,X,+2.51,44895.00,,2065505,-11.57,건설,전후 재건(우크라/중동 전쟁 등) / 수자원(양적/질적 개선),통과,KODEX 삼성그룹밸류 / TIGER 200 건설 / TIGER 모멘텀,"KODEX 삼성그룹밸류 (비중 8.20%, 20일선 +1.55%) / TIGER 200 건설 (비중 23.92%, 20일선 +8.56%) / TIGER 모멘텀 (비중 3.81%, 20일선 +2.96%)",https://finance.naver.com/item/main.naver?code=028050
2026-08-11,483650,달바글로벌,246000,28486,42.69,14.91,124.18,233540.00,5.34,X,+2.71,199170.83,,199039,+8.52,화장품,미용기기 / 화장품,미통과,,,https://finance.naver.com/item/main.naver?code=483650
2026-08-11,078930,GS,97500,108780,38.89,14.91,120.87,89505.00,8.93,X,+0.62,74580.00,,545553,+30.04,석유와가스,정유 / 윤활유 / LPG(액화석유가스),통과,PLUS 고배당주 / PLUS 고배당주위클리커버드콜 / ACE 라이프자산주주가치액티브,"PLUS 고배당주 (비중 5.17%, 20일선 +1.30%) / PLUS 고배당주위클리커버드콜 (비중 4.77%, 20일선 +2.42%) / ACE 라이프자산주주가치액티브 (비중 3.94%, 20일선 +1.77%)",https://finance.naver.com/item/main.naver?code=078930
2026-08-11,278470,에이피알,385500,146008,36.70,14.91,118.97,360300.00,6.99,X,+7.23,369770.83,,367836,+27.46,화장품,패션/의류 / 미용기기 / 화장품,통과,KODEX 필수소비재 / KODEX 모멘텀Plus / RISE 내수주플러스,"KODEX 필수소비재 (비중 17.62%, 20일선 +6.24%) / KODEX 모멘텀Plus (비중 4.11%, 20일선 +2.61%) / RISE 내수주플러스 (비중 5.96%, 20일선 +4.02%)",https://finance.naver.com/item/main.naver?code=278470
2026-08-11,010950,S-Oil,141600,167635,31.11,14.91,114.10,135555.00,4.46,X,+12.56,117941.67,,403336,-7.20,석유와가스,정유 / 윤활유 / LPG(액화석유가스),통과,에셋플러스 코리아대장장이액티브 / KODEX 에너지화학 / TIGER 200 에너지화학,"에셋플러스 코리아대장장이액티브 (비중 4.94%, 20일선 +4.22%) / KODEX 에너지화학 (비중 8.49%, 20일선 +9.44%) / TIGER 200 에너지화학 (비중 6.62%, 20일선 +5.38%)",https://finance.naver.com/item/main.naver?code=010950
2026-08-11,007070,GS리테일,27550,23242,22.99,14.91,107.03,25687.50,7.25,X,+9.98,23594.83,,285251,+38.11,백화점과일반상점,편의점 / 홈쇼핑 / 소매유통,미통과,,,https://finance.naver.com/item/main.naver?code=007070
2026-08-11,001800,오리온홀딩스,27950,16091,15.26,14.91,100.30,25960.00,7.67,X,+10.04,24939.17,,89397,-29.04,식품,지주사,통과,KODEX 코리아배당성장 / TIGER 배당성장,"KODEX 코리아배당성장 (비중 3.69%, 20일선 +2.05%) / TIGER 배당성장 (비중 3.68%, 20일선 +2.27%)",https://finance.naver.com/item/main.naver?code=001800
2026-08-11,028670,팬오션,5780,30844,12.89,14.91,98.24,5340.00,8.24,X,+2.48,5315.92,,4885206,+79.26,해운사,LNG(액화천연가스) / 해운,통과,KODEX 운송 / TIGER 우량가치,"KODEX 운송 (비중 11.38%, 20일선 +4.00%) / TIGER 우량가치 (비중 2.31%, 20일선 +5.09%)",https://finance.naver.com/item/main.naver?code=028670
2026-08-11,003550,LG,108300,182337,12.58,14.91,97.97,100300.00,7.98,X,+6.18,101585.83,,322928,-46.71,복합기업,밸류업(24년 기업가치 제고계획 발표) / 지주사 / 스마트팩토리(스마트공장),통과,TIGER 지주회사 / TIGER LG그룹플러스 / TIGER MKF배당귀족,"TIGER 지주회사 (비중 8.73%, 20일선 +4.71%) / TIGER LG그룹플러스 (비중 9.12%, 20일선 +7.62%) / TIGER MKF배당귀족 (비중 3.63%, 20일선 +3.58%)",https://finance.naver.com/item/main.naver?code=003550
2026-08-11,192080,더블유게임즈,61800,13000,11.75,14.91,97.26,60645.00,1.90,O,+0.49,58445.00,,43483,-44.15,게임엔터테인먼트,코리아 밸류업 지수(Korea Value-up Index) / 게임 / 모바일게임(스마트폰),통과,ACE 주주환원가치주액티브 / RISE 게임테마 / TIGER K게임,"ACE 주주환원가치주액티브 (비중 9.02%, 20일선 +3.50%) / RISE 게임테마 (비중 11.00%, 20일선 +7.84%) / TIGER K게임 (비중 9.64%, 20일선 +8.77%)",https://finance.naver.com/item/main.naver?code=192080
2026-08-11,012330,현대모비스,495500,495399,11.10,14.91,96.68,483050.00,2.58,O,+2.91,494354.17,,293164,-41.34,자동차부품,자동차 대표주 / 스마트카(SMART CAR) / 피지컬 AI/휴머노이드 로봇,통과,KODEX 로봇액티브 / TIGER 현대차그룹플러스 / KODEX 자동차,"KODEX 로봇액티브 (비중 7.78%, 20일선 +6.78%) / TIGER 현대차그룹플러스 (비중 15.64%, 20일선 +2.89%) / KODEX 자동차 (비중 21.38%, 20일선 +2.38%)",https://finance.naver.com/item/main.naver?code=012330
2026-08-11,021240,코웨이,97600,69635,11.04,14.91,96.63,93355.00,4.55,X,+3.50,86012.50,,212360,-8.08,가정용기기와용품,제습기 / 여름 / 밸류업(25년 기업가치 제고계획 발표),통과,KODEX 경기소비재 / RISE 우량업종대표주 / TIGER 200 경기소비재,"KODEX 경기소비재 (비중 13.19%, 20일선 +0.62%) / RISE 우량업종대표주 (비중 2.59%, 20일선 +2.31%) / TIGER 200 경기소비재 (비중 5.91%, 20일선 +0.91%)",https://finance.naver.com/item/main.naver?code=021240
2026-08-11,000810,삼성화재,641000,273689,10.33,14.91,96.01,632500.00,1.34,X,+3.39,560354.17,,115770,-23.76,손해보험,손해보험 / 밸류업(25년 기업가치 제고계획 발표) / 코리아 밸류업 지수(Korea Value-up Index),통과,KODEX 금융고배당TOP10타겟위클리커버드콜 / KODEX 보험 / TIGER KTOP30,"KODEX 금융고배당TOP10타겟위클리커버드콜 (비중 9.52%, 20일선 +0.39%) / KODEX 보험 (비중 21.18%, 20일선 +3.73%) / TIGER KTOP30 (비중 3.39%, 20일선 +0.48%)",https://finance.naver.com/item/main.naver?code=000810
2026-08-11,003490,대한항공,26650,96842,7.46,14.91,93.52,26042.50,2.33,X,+2.11,25823.33,,2424191,-15.70,항공사,환율하락 수혜 / UAM(도심항공모빌리티) / 밸류업(24년 기업가치 제고계획 발표),통과,TIGER 여행레저 / RISE K엔터&여행레저 / KODEX 운송,"TIGER 여행레저 (비중 9.92%, 20일선 +4.07%) / RISE K엔터&여행레저 (비중 12.77%, 20일선 -0.79%) / KODEX 운송 (비중 20.72%, 20일선 +4.00%)",https://finance.naver.com/item/main.naver?code=003490
2026-08-11,096770,SK이노베이션,124100,218078,6.71,14.91,92.86,116460.00,6.56,X,+11.50,117132.50,,866624,+28.44,석유와가스,정유 / 2차전지(생산) / 윤활유,통과,TIGER 2차전지테마 / RISE 2차전지TOP10 / KODEX 에너지화학,"TIGER 2차전지테마 (비중 9.28%, 20일선 +8.18%) / RISE 2차전지TOP10 (비중 12.82%, 20일선 +7.92%) / KODEX 에너지화학 (비중 13.10%, 20일선 +9.44%)",https://finance.naver.com/item/main.naver?code=096770
2026-08-11,033780,KT&G,179900,182602,4.47,14.91,90.92,179795.00,0.06,X,+2.45,172618.33,,326835,+7.03,담배,밸류업(24년 기업가치 제고계획 발표) / 코리아 밸류업 지수(Korea Value-up Index) / 건강기능식품,통과,TIGER 경기방어 / KODEX 필수소비재 / KODEX 모멘텀Plus,"TIGER 경기방어 (비중 9.29%, 20일선 +7.11%) / KODEX 필수소비재 (비중 21.53%, 20일선 +6.24%) / KODEX 모멘텀Plus (비중 4.20%, 20일선 +2.61%)",https://finance.naver.com/item/main.naver?code=033780
2026-08-11,003230,삼양식품,1.254e+06,95443,2.87,14.91,89.52,1173250.00,6.88,X,+2.87,1198416.67,,75186,+30.89,식품,밸류업(25년 기업가치 제고계획 발표) / 음식료업종 / 코리아 밸류업 지수(Korea Value-up Index),통과,TIME Korea플러스배당액티브 / TIME 코스피액티브 / KODEX 필수소비재,"TIME Korea플러스배당액티브 (비중 5.79%, 20일선 -3.31%) / TIME 코스피액티브 (비중 4.35%, 20일선 -3.82%) / KODEX 필수소비재 (비중 8.64%, 20일선 +6.24%)",https://finance.naver.com/item/main.naver?code=003230
2026-08-11,011200,HMM,21650,199966,1.41,14.91,88.25,20748.00,4.35,X,+2.12,20482.58,,1242721,-16.26,해운사,해운 / 밸류업(25년 기업가치 제고계획 발표) / 코리아 밸류업 지수(Korea Value-up Index),통과,HANARO Fn조선해운 / KODEX 운송 / RISE 수출주,"HANARO Fn조선해운 (비중 17.95%, 20일선 +4.51%) / KODEX 운송 (비중 15.68%, 20일선 +4.00%) / RISE 수출주 (비중 2.44%, 20일선 +4.98%)",https://finance.naver.com/item/main.naver?code=011200
2026-08-11,111770,영원무역,90700,38152,-0.77,14.91,86.36,88155.00,2.89,X,+1.68,84017.50,,71557,-9.11,"섬유,의류,신발,호화품",밸류업(25년 기업가치 제고계획 발표) / 패션/의류 / 겨울,통과,RISE K엔터&여행레저 / KODEX 경기소비재 / 에셋플러스 코리아플랫폼액티브,"RISE K엔터&여행레저 (비중 6.91%, 20일선 -0.79%) / KODEX 경기소비재 (비중 4.64%, 20일선 +0.62%) / 에셋플러스 코리아플랫폼액티브 (비중 6.08%, 20일선 +2.62%)",https://finance.naver.com/item/main.naver?code=111770
2026-08-11,105560,KB금융,166600,597648,-1.13,14.91,86.04,171840.00,-3.05,X,-1.30,159702.50,,1058501,-29.65,은행,밸류업(24년 기업가치 제고계획 발표) / STO(토큰증권 발행) / 지주사,통과,TIGER 코리아TOP10 / KODEX Top5PlusTR / RISE 코리아밸류업,"TIGER 코리아TOP10 (비중 6.03%, 20일선 -4.04%) / KODEX Top5PlusTR (비중 8.61%, 20일선 -3.58%) / RISE 코리아밸류업 (비중 4.26%, 20일선 -2.80%)",https://finance.naver.com/item/main.naver?code=105560
2026-08-11,055550,신한지주,104500,502781,-1.42,14.91,85.79,104175.00,0.31,X,+2.15,98519.17,,1157894,-21.46,은행,밸류업(24년 기업가치 제고계획 발표) / STO(토큰증권 발행) / 지주사,통과,KODEX Top5PlusTR / TIGER 은행고배당플러스TOP10 / SOL 금융지주플러스고배당,"KODEX Top5PlusTR (비중 7.22%, 20일선 -3.58%) / TIGER 은행고배당플러스TOP10 (비중 15.56%, 20일선 -0.05%) / SOL 금융지주플러스고배당 (비중 21.31%, 20일선 -0.16%)",https://finance.naver.com/item/main.naver?code=055550
2026-08-11,086790,하나금융지주,127700,365183,-1.77,14.91,85.49,130065.00,-1.82,X,+0.08,120768.33,,750840,-18.83,은행,밸류업(24년 기업가치 제고계획 발표) / STO(토큰증권 발행) / 토스(toss),통과,KODEX 금융고배당TOP10타겟위클리커버드콜 / TIGER 은행고배당플러스TOP10 / SOL 금융지주플러스고배당,"KODEX 금융고배당TOP10타겟위클리커버드콜 (비중 15.19%, 20일선 +0.39%) / TIGER 은행고배당플러스TOP10 (비중 16.14%, 20일선 -0.05%) / SOL 금융지주플러스고배당 (비중 20.16%, 20일선 -0.16%)",https://finance.naver.com/item/main.naver?code=086790
2026-08-11,271560,오리온,136000,53166,-1.88,14.91,85.39,131620.00,3.33,X,+2.49,133854.17,,125435,+3.66,식품,환율하락 수혜 / 밸류업(25년 기업가치 제고계획 발표) / 음식료업종,통과,KODEX 필수소비재 / HANARO Fn K-푸드 / PLUS 중형주저변동50,"KODEX 필수소비재 (비중 5.19%, 20일선 +6.24%) / HANARO Fn K-푸드 (비중 14.79%, 20일선 +5.00%) / PLUS 중형주저변동50 (비중 2.88%, 20일선 +4.85%)",https://finance.naver.com/item/main.naver?code=271560
2026-08-11,207940,삼성바이오로직스,1.609e+06,717972,-6.40,14.91,81.46,1468950.00,9.53,X,+9.01,1490558.33,,62906,-2.47,제약,모더나(MODERNA) / 오가노이드 / 제약업체,통과,TIGER 경기방어 / SOL 200 Top10 / HANARO 200 TOP10,"TIGER 경기방어 (비중 9.69%, 20일선 +7.11%) / SOL 200 Top10 (비중 13.23%, 20일선 +2.28%) / HANARO 200 TOP10 (비중 13.16%, 20일선 +1.73%)",https://finance.naver.com/item/main.naver?code=207940
2026-08-11,026960,동서,26500,26171,-7.50,14.91,80.50,25715.00,3.05,X,+4.33,25944.58,,70204,-26.67,식품,음식료업종 / 코리아 밸류업 지수(Korea Value-up Index),통과,RISE 중소형고배당,"RISE 중소형고배당 (비중 3.90%, 20일선 +4.39%)",https://finance.naver.com/item/main.naver?code=026960
2026-08-12,009150,삼성전기,1.335e+06,1171944,331.34,19.47,361.06,1249150.00,6.87,X,-1.55,1087258.33,,903171,-17.33,전자장비와기기,S7(삼성전자/SK하이닉스 등) / 자율주행차 / 카메라모듈/부품,통과,KODEX 200 / TIGER 200 / KODEX 200TR,"KODEX 200 (비중 2.32%, 20일선 +0.50%) / TIGER 200 (비중 2.33%, 20일선 +0.55%) / KODEX 200TR (비중 2.31%, 20일선 +0.56%)",https://finance.naver.com/item/main.naver?code=009150
2026-08-12,402340,SK스퀘어,1.024e+06,1518841,83.51,19.47,153.61,1066150.00,-3.95,X,-8.49,989183.33,,796259,-26.81,반도체와반도체장비,S7(삼성전자/SK하이닉스 등) / 밸류업(24년 기업가치 제고계획 발표) / 지주사,통과,KODEX 200 / TIGER 200 / TIGER 반도체TOP10,"KODEX 200 (비중 2.84%, 20일선 +0.50%) / TIGER 200 (비중 2.84%, 20일선 +0.55%) / TIGER 반도체TOP10 (비중 21.26%, 20일선 +0.46%)",https://finance.naver.com/item/main.naver?code=402340
2026-08-12,079550,LIG디펜스앤에어로스페이스,788000,178640,71.30,19.47,143.39,725150.00,8.67,X,-1.25,776375.00,,156501,-17.64,우주항공과국방,로봇(산업용/협동로봇 등) / UAM(도심항공모빌리티) / 코리아 밸류업 지수(Korea Value-up Index),통과,PLUS K방산 / TIGER K방산&우주 / SOL K방산,"PLUS K방산 (비중 16.19%, 20일선 +8.38%) / TIGER K방산&우주 (비중 21.43%, 20일선 +9.29%) / SOL K방산 (비중 15.46%, 20일선 +9.91%)",https://finance.naver.com/item/main.naver?code=079550
2026-08-12,010120,LS ELECTRIC,208500,307500,57.72,19.47,132.02,193565.00,7.72,O,-1.65,204461.67,,791836,-22.87,전기장비,전기차 / 전력저장장치(ESS) / 스마트팩토리(스마트공장),통과,KODEX AI전력핵심설비 / HANARO 원자력iSelect / HANARO 전력설비투자,"KODEX AI전력핵심설비 (비중 21.03%, 20일선 +9.87%) / HANARO 원자력iSelect (비중 14.56%, 20일선 +9.29%) / HANARO 전력설비투자 (비중 20.99%, 20일선 +9.84%)",https://finance.naver.com/item/main.naver?code=010120
2026-08-12,034730,SK,545000,425590,55.94,19.47,130.53,557675.00,-2.27,O,-3.02,504745.83,,191139,-32.46,석유와가스,LNG(액화천연가스) / 냉각시스템(액침냉각 등) / SI(시스템통합),통과,TIGER 지주회사 / TIGER 200 에너지화학 / HK 베스트일레븐액티브,"TIGER 지주회사 (비중 11.95%, 20일선 +6.20%) / TIGER 200 에너지화학 (비중 22.05%, 20일선 +6.04%) / HK 베스트일레븐액티브 (비중 7.39%, 20일선 +1.48%)",https://finance.naver.com/item/main.naver?code=034730
2026-08-12,032830,삼성생명,302500,602000,47.20,19.47,123.22,299300.00,1.07,X,+2.89,299720.83,,456542,-10.34,생명보험,생명보험 / S7(삼성전자/SK하이닉스 등),통과,KODEX 삼성그룹 / RISE 대형고배당10TR / KODEX 삼성그룹밸류,"KODEX 삼성그룹 (비중 7.53%, 20일선 +5.39%) / RISE 대형고배당10TR (비중 6.99%, 20일선 -1.28%) / KODEX 삼성그룹밸류 (비중 6.64%, 20일선 +4.34%)",https://finance.naver.com/item/main.naver?code=032830
2026-08-12,278470,에이피알,397000,146757,45.96,19.47,122.17,361400.00,9.85,X,+11.05,370729.17,,366283,+29.69,화장품,패션/의류 / 미용기기 / 화장품,통과,KODEX 필수소비재 / KODEX 모멘텀Plus / RISE 내수주플러스,"KODEX 필수소비재 (비중 17.62%, 20일선 +6.68%) / KODEX 모멘텀Plus (비중 4.11%, 20일선 +4.31%) / RISE 내수주플러스 (비중 5.96%, 20일선 +4.93%)",https://finance.naver.com/item/main.naver?code=278470
2026-08-12,028050,삼성E&A,49300,97412,45.43,19.47,121.73,45082.50,9.36,X,+0.41,45024.17,,1916444,-17.64,건설,전후 재건(우크라/중동 전쟁 등) / 수자원(양적/질적 개선),통과,KODEX 삼성그룹밸류 / TIGER 200 건설 / TIGER 모멘텀,"KODEX 삼성그룹밸류 (비중 8.20%, 20일선 +4.34%) / TIGER 200 건설 (비중 23.92%, 20일선 +9.94%) / TIGER 모멘텀 (비중 3.81%, 20일선 +3.46%)",https://finance.naver.com/item/main.naver?code=028050
2026-08-12,005930,삼성전자,255500,15931109,41.00,19.47,118.03,244075.00,4.68,X,+3.86,250194.17,,29839859,-4.26,반도체와반도체장비,피지컬 AI/휴머노이드 로봇 / IT 대표주 / S7(삼성전자/SK하이닉스 등),통과,KODEX 200 / TIGER 200 / TIGER 반도체TOP10,"KODEX 200 (비중 34.47%, 20일선 +0.50%) / TIGER 200 (비중 34.49%, 20일선 +0.55%) / TIGER 반도체TOP10 (비중 30.82%, 20일선 +0.46%)",https://finance.naver.com/item/main.naver?code=005930
2026-08-12,010950,S-Oil,141500,167635,33.24,19.47,111.53,136060.00,4.00,X,+15.51,118220.83,,387341,-9.48,석유와가스,정유 / 윤활유 / LPG(액화석유가스),통과,에셋플러스 코리아대장장이액티브 / KODEX 에너지화학 / TIGER 200 에너지화학,"에셋플러스 코리아대장장이액티브 (비중 4.94%, 20일선 +5.91%) / KODEX 에너지화학 (비중 8.49%, 20일선 +8.65%) / TIGER 200 에너지화학 (비중 6.62%, 20일선 +6.04%)",https://finance.naver.com/item/main.naver?code=010950
2026-08-12,007070,GS리테일,27000,23159,21.62,19.47,101.80,25762.50,4.80,X,+8.87,23633.17,,281495,+35.81,백화점과일반상점,편의점 / 홈쇼핑 / 소매유통,미통과,,,https://finance.naver.com/item/main.naver?code=007070
2026-08-12,001450,현대해상,41650,38660,17.49,19.47,98.34,38645.00,7.78,X,+13.49,34395.00,,643050,+16.69,손해보험,손해보험,통과,KODEX 보험,"KODEX 보험 (비중 13.21%, 20일선 +2.24%)",https://finance.naver.com/item/main.naver?code=001450
2026-08-12,036570,NC,246500,53213,16.27,19.47,97.33,231450.00,6.50,X,+4.89,245063.33,,84399,-29.42,게임엔터테인먼트,게임 / 모바일게임(스마트폰) / 증강현실(AR),통과,TIGER 소프트웨어 / TIGER BBIG / RISE 메타버스,"TIGER 소프트웨어 (비중 6.68%, 20일선 +5.45%) / TIGER BBIG (비중 10.04%, 20일선 +7.55%) / RISE 메타버스 (비중 11.30%, 20일선 +2.80%)",https://finance.naver.com/item/main.naver?code=036570
2026-08-12,192080,더블유게임즈,62000,12979,15.46,19.47,96.64,60745.00,2.07,X,+1.81,58500.83,,45174,-41.46,게임엔터테인먼트,코리아 밸류업 지수(Korea Value-up Index) / 게임 / 모바일게임(스마트폰),통과,ACE 주주환원가치주액티브 / RISE 게임테마 / TIGER K게임,"ACE 주주환원가치주액티브 (비중 9.02%, 20일선 +1.74%) / RISE 게임테마 (비중 11.00%, 20일선 +4.82%) / TIGER K게임 (비중 9.64%, 20일선 +4.64%)",https://finance.naver.com/item/main.naver?code=192080
2026-08-12,012330,현대모비스,498500,494946,14.60,19.47,95.92,484675.00,2.85,O,-0.89,494791.67,,266839,-43.05,자동차부품,자동차 대표주 / 스마트카(SMART CAR) / 피지컬 AI/휴머노이드 로봇,통과,KODEX 로봇액티브 / TIGER 현대차그룹플러스 / KODEX 자동차,"KODEX 로봇액티브 (비중 7.78%, 20일선 +8.99%) / TIGER 현대차그룹플러스 (비중 15.64%, 20일선 +3.54%) / KODEX 자동차 (비중 21.38%, 20일선 +3.83%)",https://finance.naver.com/item/main.naver?code=012330
2026-08-12,003550,LG,109600,182186,14.52,19.47,95.86,100960.00,8.56,O,+2.62,101697.50,,296045,-41.35,복합기업,밸류업(24년 기업가치 제고계획 발표) / 지주사 / 스마트팩토리(스마트공장),통과,TIGER 지주회사 / TIGER LG그룹플러스 / TIGER MKF배당귀족,"TIGER 지주회사 (비중 8.73%, 20일선 +6.20%) / TIGER LG그룹플러스 (비중 9.12%, 20일선 +9.63%) / TIGER MKF배당귀족 (비중 3.63%, 20일선 +3.40%)",https://finance.naver.com/item/main.naver?code=003550
2026-08-12,028670,팬오션,5800,30791,14.17,19.47,95.57,5374.50,7.92,X,-1.02,5321.58,,4741184,+75.99,해운사,LNG(액화천연가스) / 해운,통과,KODEX 운송 / TIGER 우량가치,"KODEX 운송 (비중 11.38%, 20일선 +2.75%) / TIGER 우량가치 (비중 2.31%, 20일선 +3.78%)",https://finance.naver.com/item/main.naver?code=028670
2026-08-12,000810,삼성화재,628000,273689,12.34,19.47,94.04,632500.00,-0.71,X,-1.41,560745.83,,95413,-35.35,손해보험,손해보험 / 밸류업(25년 기업가치 제고계획 발표) / 코리아 밸류업 지수(Korea Value-up Index),통과,KODEX 금융고배당TOP10타겟위클리커버드콜 / KODEX 보험 / TIGER KTOP30,"KODEX 금융고배당TOP10타겟위클리커버드콜 (비중 9.52%, 20일선 -1.20%) / KODEX 보험 (비중 21.18%, 20일선 +2.24%) / TIGER KTOP30 (비중 3.39%, 20일선 +4.30%)",https://finance.naver.com/item/main.naver?code=000810
2026-08-12,001800,오리온홀딩스,26850,16061,8.48,19.47,90.81,26002.50,3.26,X,+3.87,24960.83,,83365,-33.24,식품,지주사,통과,KODEX 코리아배당성장 / TIGER 배당성장,"KODEX 코리아배당성장 (비중 3.69%, 20일선 +1.20%) / TIGER 배당성장 (비중 3.68%, 20일선 +1.18%)",https://finance.naver.com/item/main.naver?code=001800
2026-08-12,096770,SK이노베이션,122400,218416,7.56,19.47,90.03,117335.00,4.32,X,+12.09,117183.33,,859424,+26.93,석유와가스,정유 / 2차전지(생산) / 윤활유,통과,TIGER 2차전지테마 / RISE 2차전지TOP10 / KODEX 에너지화학,"TIGER 2차전지테마 (비중 9.28%, 20일선 +8.67%) / RISE 2차전지TOP10 (비중 12.82%, 20일선 +8.95%) / KODEX 에너지화학 (비중 13.10%, 20일선 +8.65%)",https://finance.naver.com/item/main.naver?code=096770
2026-08-12,021240,코웨이,95800,69422,6.92,19.47,89.50,93435.00,2.53,X,+3.23,86078.33,,202599,-12.32,가정용기기와용품,제습기 / 여름 / 밸류업(25년 기업가치 제고계획 발표),통과,KODEX 경기소비재 / RISE 우량업종대표주 / TIGER 200 경기소비재,"KODEX 경기소비재 (비중 13.19%, 20일선 +2.33%) / RISE 우량업종대표주 (비중 2.59%, 20일선 +3.53%) / TIGER 200 경기소비재 (비중 5.91%, 20일선 +1.14%)",https://finance.naver.com/item/main.naver?code=021240
2026-08-12,003490,대한항공,26500,96842,6.85,19.47,89.44,26042.50,1.76,X,-1.49,25837.50,,2250881,-21.46,항공사,환율하락 수혜 / UAM(도심항공모빌리티) / 밸류업(24년 기업가치 제고계획 발표),통과,TIGER 여행레저 / RISE K엔터&여행레저 / KODEX 운송,"TIGER 여행레저 (비중 9.92%, 20일선 +4.08%) / RISE K엔터&여행레저 (비중 12.77%, 20일선 -2.17%) / KODEX 운송 (비중 20.72%, 20일선 +2.75%)",https://finance.naver.com/item/main.naver?code=003490
2026-08-12,033780,KT&G,177400,182602,2.07,19.47,85.44,180115.00,-1.51,X,+0.80,172661.67,,311425,+1.84,담배,밸류업(24년 기업가치 제고계획 발표) / 코리아 밸류업 지수(Korea Value-up Index) / 건강기능식품,통과,TIGER 경기방어 / KODEX 필수소비재 / KODEX 모멘텀Plus,"TIGER 경기방어 (비중 9.29%, 20일선 +5.09%) / KODEX 필수소비재 (비중 21.53%, 20일선 +6.68%) / KODEX 모멘텀Plus (비중 4.20%, 20일선 +4.31%)",https://finance.naver.com/item/main.naver?code=033780
2026-08-12,055550,신한지주,103800,504189,1.27,19.47,84.77,104040.00,-0.23,X,+0.19,98500.83,,1140584,-22.21,은행,밸류업(24년 기업가치 제고계획 발표) / STO(토큰증권 발행) / 지주사,통과,KODEX Top5PlusTR / TIGER 은행고배당플러스TOP10 / SOL 금융지주플러스고배당,"KODEX Top5PlusTR (비중 7.22%, 20일선 -0.58%) / TIGER 은행고배당플러스TOP10 (비중 15.56%, 20일선 -0.77%) / SOL 금융지주플러스고배당 (비중 21.31%, 20일선 -0.49%)",https://finance.naver.com/item/main.naver?code=055550
2026-08-12,003230,삼양식품,1.204e+06,95518,1.18,19.47,84.69,1179850.00,2.05,X,-0.50,1198291.67,,66860,+16.54,식품,밸류업(25년 기업가치 제고계획 발표) / 음식료업종 / 코리아 밸류업 지수(Korea Value-up Index),통과,TIME Korea플러스배당액티브 / TIME 코스피액티브 / KODEX 필수소비재,"TIME Korea플러스배당액티브 (비중 5.79%, 20일선 -1.62%) / TIME 코스피액티브 (비중 4.35%, 20일선 +0.15%) / KODEX 필수소비재 (비중 8.64%, 20일선 +6.68%)",https://finance.naver.com/item/main.naver?code=003230
2026-08-12,086790,하나금융지주,127900,365732,0.24,19.47,83.90,129760.00,-1.43,X,-0.54,120750.83,,705695,-22.85,은행,밸류업(24년 기업가치 제고계획 발표) / STO(토큰증권 발행) / 토스(toss),통과,KODEX 금융고배당TOP10타겟위클리커버드콜 / TIGER 은행고배당플러스TOP10 / SOL 금융지주플러스고배당,"KODEX 금융고배당TOP10타겟위클리커버드콜 (비중 15.19%, 20일선 -1.20%) / TIGER 은행고배당플러스TOP10 (비중 16.14%, 20일선 -0.77%) / SOL 금융지주플러스고배당 (비중 20.16%, 20일선 -0.49%)",https://finance.naver.com/item/main.naver?code=086790
2026-08-12,011200,HMM,21350,199966,-0.47,19.47,83.32,20827.50,2.51,X,+1.18,20482.58,,1123946,-23.38,해운사,해운 / 밸류업(25년 기업가치 제고계획 발표) / 코리아 밸류업 지수(Korea Value-up Index),통과,HANARO Fn조선해운 / KODEX 운송 / RISE 수출주,"HANARO Fn조선해운 (비중 17.95%, 20일선 +3.43%) / KODEX 운송 (비중 15.68%, 20일선 +2.75%) / RISE 수출주 (비중 2.44%, 20일선 +6.44%)",https://finance.naver.com/item/main.naver?code=011200
2026-08-12,105560,KB금융,166000,598003,-1.13,19.47,82.76,171140.00,-3.00,X,-2.75,159681.67,,987944,-33.65,은행,밸류업(24년 기업가치 제고계획 발표) / STO(토큰증권 발행) / 지주사,통과,TIGER 코리아TOP10 / KODEX Top5PlusTR / RISE 코리아밸류업,"TIGER 코리아TOP10 (비중 6.03%, 20일선 +0.11%) / KODEX Top5PlusTR (비중 8.61%, 20일선 -0.58%) / RISE 코리아밸류업 (비중 4.26%, 20일선 +0.19%)",https://finance.naver.com/item/main.naver?code=105560
2026-08-12,161390,한국타이어앤테크놀로지,70100,88942,-2.77,19.47,81.38,69480.00,0.89,X,+3.55,64438.33,,309254,-24.05,자동차부품,밸류업(25년 기업가치 제고계획 발표) / 타이어,통과,KODEX 자동차 / KODEX 자율주행액티브,"KODEX 자동차 (비중 12.52%, 20일선 +3.83%) / KODEX 자율주행액티브 (비중 5.91%, 20일선 +6.67%)",https://finance.naver.com/item/main.naver?code=161390
2026-08-13,402340,SK스퀘어,1.117e+06,1518841,97.35,20.01,164.44,1052900.00,6.09,X,+15.15,993841.67,,737662,-31.81,반도체와반도체장비,S7(삼성전자/SK하이닉스 등) / 밸류업(24년 기업가치 제고계획 발표) / 지주사,통과,KODEX 200 / TIGER 200 / TIGER 반도체TOP10,"KODEX 200 (비중 2.84%, 20일선 +4.88%) / TIGER 200 (비중 2.84%, 20일선 +4.98%) / TIGER 반도체TOP10 (비중 21.26%, 20일선 +6.29%)",https://finance.naver.com/item/main.naver?code=402340
2026-08-13,034730,SK,553000,426315,55.56,20.01,129.62,554875.00,-0.34,X,+8.64,506441.67,,187323,-33.72,석유와가스,LNG(액화천연가스) / 냉각시스템(액침냉각 등) / SI(시스템통합),통과,TIGER 지주회사 / TIGER 200 에너지화학 / HK 베스트일레븐액티브,"TIGER 지주회사 (비중 11.95%, 20일선 +7.33%) / TIGER 200 에너지화학 (비중 22.05%, 20일선 +6.13%) / HK 베스트일레븐액티브 (비중 7.39%, 20일선 +4.80%)",https://finance.naver.com/item/main.naver?code=034730
2026-08-13,028050,삼성E&A,49000,97412,40.20,20.01,116.82,45405.00,7.92,X,-0.91,45150.00,,1872593,-19.62,건설,전후 재건(우크라/중동 전쟁 등) / 수자원(양적/질적 개선),통과,KODEX 삼성그룹밸류 / TIGER 200 건설 / TIGER 모멘텀,"KODEX 삼성그룹밸류 (비중 8.20%, 20일선 +5.41%) / TIGER 200 건설 (비중 23.92%, 20일선 +9.54%) / TIGER 모멘텀 (비중 3.81%, 20일선 +5.84%)",https://finance.naver.com/item/main.naver?code=028050
2026-08-13,483650,달바글로벌,236000,28423,37.77,20.01,114.80,238625.00,-1.10,X,-4.45,200436.67,,204250,+6.04,화장품,미용기기 / 화장품,미통과,,,https://finance.naver.com/item/main.naver?code=483650
2026-08-13,010950,S-Oil,140900,167410,27.05,20.01,105.87,136085.00,3.54,X,+12.81,118510.00,,380432,-9.96,석유와가스,정유 / 윤활유 / LPG(액화석유가스),통과,에셋플러스 코리아대장장이액티브 / KODEX 에너지화학 / TIGER 200 에너지화학,"에셋플러스 코리아대장장이액티브 (비중 4.94%, 20일선 +8.63%) / KODEX 에너지화학 (비중 8.49%, 20일선 +8.70%) / TIGER 200 에너지화학 (비중 6.62%, 20일선 +6.13%)",https://finance.naver.com/item/main.naver?code=010950
2026-08-13,007070,GS리테일,26750,23201,20.22,20.01,100.18,25815.00,3.62,X,+1.13,23671.08,,281848,+34.97,백화점과일반상점,편의점 / 홈쇼핑 / 소매유통,미통과,,,https://finance.naver.com/item/main.naver?code=007070
2026-08-13,012330,현대모비스,511000,495399,16.00,20.01,96.66,485750.00,5.20,O,+0.59,495425.00,,258959,-42.50,자동차부품,자동차 대표주 / 스마트카(SMART CAR) / 피지컬 AI/휴머노이드 로봇,통과,TIGER 현대차그룹플러스 / KODEX 자동차 / KoAct 코리아밸류업액티브,"TIGER 현대차그룹플러스 (비중 15.64%, 20일선 +4.30%) / KODEX 자동차 (비중 21.38%, 20일선 +5.61%) / KoAct 코리아밸류업액티브 (비중 3.93%, 20일선 +3.68%)",https://finance.naver.com/item/main.naver?code=012330
2026-08-13,192080,더블유게임즈,61700,13000,14.26,20.01,95.21,60825.00,1.44,X,-0.64,58567.50,,45711,-39.93,게임엔터테인먼트,코리아 밸류업 지수(Korea Value-up Index) / 게임 / 모바일게임(스마트폰),통과,ACE 주주환원가치주액티브 / RISE 게임테마 / TIGER K게임,"ACE 주주환원가치주액티브 (비중 9.02%, 20일선 +0.94%) / RISE 게임테마 (비중 11.00%, 20일선 +4.01%) / TIGER K게임 (비중 9.64%, 20일선 +2.52%)",https://finance.naver.com/item/main.naver?code=192080
2026-08-13,028260,삼성물산,365000,599209,14.24,20.01,95.19,335550.00,8.78,X,+9.28,359333.33,,450629,-31.20,복합기업,S7(삼성전자/SK하이닉스 등) / 모듈러주택 / 자원개발,통과,KODEX 삼성그룹 / TIGER 지주회사 / KODEX 삼성그룹밸류,"KODEX 삼성그룹 (비중 10.75%, 20일선 +8.53%) / TIGER 지주회사 (비중 8.09%, 20일선 +7.33%) / KODEX 삼성그룹밸류 (비중 7.95%, 20일선 +5.41%)",https://finance.naver.com/item/main.naver?code=028260
2026-08-13,017670,SK텔레콤,91100,215864,11.78,20.01,93.14,88350.00,3.11,X,+0.00,90355.00,,1577497,-0.47,무선통신서비스,통신 / 자율주행차 / UAM(도심항공모빌리티),통과,TIGER 경기방어 / HANARO Fn5G산업 / HK 베스트일레븐액티브,"TIGER 경기방어 (비중 8.08%, 20일선 +3.98%) / HANARO Fn5G산업 (비중 8.83%, 20일선 +8.12%) / HK 베스트일레븐액티브 (비중 7.45%, 20일선 +4.80%)",https://finance.naver.com/item/main.naver?code=017670
2026-08-13,021240,코웨이,97200,69493,9.95,20.01,91.62,93510.00,3.95,X,+0.62,86141.67,,198903,-12.86,가정용기기와용품,제습기 / 여름 / 밸류업(25년 기업가치 제고계획 발표),통과,KODEX 경기소비재 / RISE 우량업종대표주 / TIGER 200 경기소비재,"KODEX 경기소비재 (비중 13.19%, 20일선 +2.45%) / RISE 우량업종대표주 (비중 2.59%, 20일선 +4.70%) / TIGER 200 경기소비재 (비중 5.91%, 20일선 +2.49%)",https://finance.naver.com/item/main.naver?code=021240
2026-08-13,051900,LG생활건강,303500,46049,8.98,20.01,90.81,280575.00,8.17,X,-6.33,254641.67,,137672,+63.30,화장품,밸류업(24년 기업가치 제고계획 발표) / 여름 / 음식료업종,통과,TIGER 중국소비테마 / PLUS 중형주저변동50 / ACE Fn성장소비주도주,"TIGER 중국소비테마 (비중 5.44%, 20일선 +4.96%) / PLUS 중형주저변동50 (비중 2.96%, 20일선 +3.02%) / ACE Fn성장소비주도주 (비중 2.44%, 20일선 +4.85%)",https://finance.naver.com/item/main.naver?code=051900
2026-08-13,000810,삼성화재,611000,273242,7.19,20.01,89.32,630000.00,-3.02,X,-5.71,561179.17,,98477,-33.20,손해보험,손해보험 / 밸류업(25년 기업가치 제고계획 발표) / 코리아 밸류업 지수(Korea Value-up Index),통과,KODEX 금융고배당TOP10타겟위클리커버드콜 / KODEX 보험 / TIGER KTOP30,"KODEX 금융고배당TOP10타겟위클리커버드콜 (비중 9.52%, 20일선 -1.79%) / KODEX 보험 (비중 21.18%, 20일선 +2.76%) / TIGER KTOP30 (비중 3.39%, 20일선 +7.35%)",https://finance.naver.com/item/main.naver?code=000810
2026-08-13,055550,신한지주,106600,504189,6.28,20.01,88.56,104005.00,2.50,X,-0.74,98535.00,,1129688,-22.92,은행,밸류업(24년 기업가치 제고계획 발표) / STO(토큰증권 발행) / 지주사,통과,KODEX Top5PlusTR / TIGER 은행고배당플러스TOP10 / SOL 금융지주플러스고배당,"KODEX Top5PlusTR (비중 7.22%, 20일선 +3.35%) / TIGER 은행고배당플러스TOP10 (비중 15.56%, 20일선 +0.48%) / SOL 금융지주플러스고배당 (비중 21.31%, 20일선 +0.26%)",https://finance.naver.com/item/main.naver?code=055550
2026-08-13,001800,오리온홀딩스,26350,16061,6.25,20.01,88.53,26035.00,1.21,X,-2.04,24974.17,,81528,-33.88,식품,지주사,통과,KODEX 코리아배당성장 / TIGER 배당성장,"KODEX 코리아배당성장 (비중 3.69%, 20일선 +1.10%) / TIGER 배당성장 (비중 3.68%, 20일선 +1.21%)",https://finance.naver.com/item/main.naver?code=001800
2026-08-13,282330,BGF리테일,142700,25130,4.16,20.01,86.79,130140.00,9.65,X,+6.89,128160.83,,92546,+2.42,백화점과일반상점,편의점 / 밸류업(25년 기업가치 제고계획 발표) / 소매유통,미통과,,,https://finance.naver.com/item/main.naver?code=282330
2026-08-13,003230,삼양식품,1.219e+06,95443,4.10,20.01,86.74,1187200.00,2.68,X,-1.14,1198533.33,,58831,+2.53,식품,밸류업(25년 기업가치 제고계획 발표) / 음식료업종 / 코리아 밸류업 지수(Korea Value-up Index),통과,TIME Korea플러스배당액티브 / TIME 코스피액티브 / KODEX 필수소비재,"TIME Korea플러스배당액티브 (비중 5.79%, 20일선 +0.57%) / TIME 코스피액티브 (비중 4.35%, 20일선 +3.73%) / KODEX 필수소비재 (비중 8.64%, 20일선 +4.80%)",https://finance.naver.com/item/main.naver?code=003230
2026-08-13,086790,하나금융지주,131000,365457,3.72,20.01,86.43,129470.00,1.18,X,-1.73,120779.17,,705257,-23.11,은행,밸류업(24년 기업가치 제고계획 발표) / STO(토큰증권 발행) / 토스(toss),통과,KODEX 금융고배당TOP10타겟위클리커버드콜 / TIGER 은행고배당플러스TOP10 / SOL 금융지주플러스고배당,"KODEX 금융고배당TOP10타겟위클리커버드콜 (비중 15.19%, 20일선 -1.79%) / TIGER 은행고배당플러스TOP10 (비중 16.14%, 20일선 +0.48%) / SOL 금융지주플러스고배당 (비중 20.16%, 20일선 +0.26%)",https://finance.naver.com/item/main.naver?code=086790
2026-08-13,003490,대한항공,26100,96657,2.76,20.01,85.62,26015.00,0.33,X,-5.09,25848.33,,2315655,-19.91,항공사,환율하락 수혜 / UAM(도심항공모빌리티) / 밸류업(24년 기업가치 제고계획 발표),통과,TIGER 여행레저 / RISE K엔터&여행레저 / KODEX 운송,"TIGER 여행레저 (비중 9.92%, 20일선 +1.51%) / RISE K엔터&여행레저 (비중 12.77%, 20일선 -3.04%) / KODEX 운송 (비중 20.72%, 20일선 +1.57%)",https://finance.naver.com/item/main.naver?code=003490
2026-08-13,096770,SK이노베이션,121700,218585,2.61,20.01,85.50,117570.00,3.51,X,+12.06,117249.17,,837749,+23.95,석유와가스,정유 / 2차전지(생산) / 윤활유,통과,TIGER 2차전지테마 / RISE 2차전지TOP10 / KODEX 에너지화학,"TIGER 2차전지테마 (비중 9.28%, 20일선 +9.13%) / RISE 2차전지TOP10 (비중 12.82%, 20일선 +9.34%) / KODEX 에너지화학 (비중 13.10%, 20일선 +8.70%)",https://finance.naver.com/item/main.naver?code=096770
2026-08-13,028670,팬오션,5630,30898,1.81,20.01,84.83,5395.00,4.36,X,-3.76,5326.17,,4684960,+72.53,해운사,LNG(액화천연가스) / 해운,통과,KODEX 운송 / TIGER 우량가치,"KODEX 운송 (비중 11.38%, 20일선 +1.57%) / TIGER 우량가치 (비중 2.31%, 20일선 +4.16%)",https://finance.naver.com/item/main.naver?code=028670
2026-08-13,105560,KB금융,168100,598003,0.96,20.01,84.13,170465.00,-1.39,X,-1.98,159683.33,,948439,-36.28,은행,밸류업(24년 기업가치 제고계획 발표) / STO(토큰증권 발행) / 지주사,통과,TIGER 코리아TOP10 / KODEX Top5PlusTR / RISE 코리아밸류업,"TIGER 코리아TOP10 (비중 6.03%, 20일선 +4.31%) / KODEX Top5PlusTR (비중 8.61%, 20일선 +3.35%) / RISE 코리아밸류업 (비중 4.26%, 20일선 +3.80%)",https://finance.naver.com/item/main.naver?code=105560
2026-08-13,241560,두산밥캣,64900,63360,0.93,20.01,84.10,62640.00,3.61,O,+1.41,64857.50,,117868,-48.25,기계,건설기계 / 밸류업(24년 기업가치 제고계획 발표) / 지주사,미통과,,,https://finance.naver.com/item/main.naver?code=241560
2026-08-13,033780,KT&G,173800,182602,-0.74,20.01,82.71,180180.00,-3.54,X,-4.87,172661.67,,334651,+7.30,담배,밸류업(24년 기업가치 제고계획 발표) / 코리아 밸류업 지수(Korea Value-up Index) / 건강기능식품,통과,TIGER 경기방어 / KODEX 필수소비재 / KODEX 모멘텀Plus,"TIGER 경기방어 (비중 9.29%, 20일선 +3.98%) / KODEX 필수소비재 (비중 21.53%, 20일선 +4.80%) / KODEX 모멘텀Plus (비중 4.20%, 20일선 +7.85%)",https://finance.naver.com/item/main.naver?code=033780
2026-08-13,111770,영원무역,84700,38152,-2.42,20.01,81.31,88235.00,-4.01,X,-10.84,83915.83,,70458,-11.38,"섬유,의류,신발,호화품",밸류업(25년 기업가치 제고계획 발표) / 패션/의류 / 겨울,통과,RISE K엔터&여행레저 / KODEX 경기소비재 / 에셋플러스 코리아플랫폼액티브,"RISE K엔터&여행레저 (비중 6.91%, 20일선 -3.04%) / KODEX 경기소비재 (비중 4.64%, 20일선 +2.45%) / 에셋플러스 코리아플랫폼액티브 (비중 6.08%, 20일선 +6.07%)",https://finance.naver.com/item/main.naver?code=111770
2026-08-13,161390,한국타이어앤테크놀로지,71500,89066,-3.77,20.01,80.19,69480.00,2.91,X,+1.42,64433.33,,303750,-25.39,자동차부품,밸류업(25년 기업가치 제고계획 발표) / 타이어,통과,KODEX 자동차 / KODEX 자율주행액티브,"KODEX 자동차 (비중 12.52%, 20일선 +5.61%) / KODEX 자율주행액티브 (비중 5.91%, 20일선 +8.48%)",https://finance.naver.com/item/main.naver?code=161390
2026-08-14,402340,SK스퀘어,1.154e+06,1522799,98.97,20.13,165.62,1050000.00,9.90,X,+22.90,998741.67,,699649,-35.09,반도체와반도체장비,S7(삼성전자/SK하이닉스 등) / 밸류업(24년 기업가치 제고계획 발표) / 지주사,통과,KODEX 200 / TIGER 200 / TIGER 반도체TOP10,"KODEX 200 (비중 2.84%, 20일선 +7.55%) / TIGER 200 (비중 2.84%, 20일선 +7.68%) / TIGER 반도체TOP10 (비중 21.26%, 20일선 +9.45%)",https://finance.naver.com/item/main.naver?code=402340
2026-08-14,000660,SK하이닉스,1.645e+06,12016599,73.34,20.13,144.29,1611550.00,2.08,X,+15.68,1609758.33,,4592650,-23.16,반도체와반도체장비,IT 대표주 / S7(삼성전자/SK하이닉스 등) / 반도체 대표주(생산),통과,KODEX 200 / TIGER 200 / TIGER 반도체TOP10,"KODEX 200 (비중 24.95%, 20일선 +7.55%) / TIGER 200 (비중 24.98%, 20일선 +7.68%) / TIGER 반도체TOP10 (비중 23.77%, 20일선 +9.45%)",https://finance.naver.com/item/main.naver?code=000660
2026-08-14,034730,SK,585000,424140,53.34,20.13,127.64,555125.00,5.38,X,+15.16,508354.17,,167399,-40.76,석유와가스,LNG(액화천연가스) / 냉각시스템(액침냉각 등) / SI(시스템통합),통과,TIGER 지주회사 / TIGER 200 에너지화학 / HK 베스트일레븐액티브,"TIGER 지주회사 (비중 11.95%, 20일선 +9.39%) / TIGER 200 에너지화학 (비중 22.05%, 20일선 +9.52%) / HK 베스트일레븐액티브 (비중 7.39%, 20일선 +9.33%)",https://finance.naver.com/item/main.naver?code=034730
2026-08-14,010120,LS ELECTRIC,206500,309750,49.42,20.13,124.38,195015.00,5.89,X,+2.74,205737.50,,637660,-37.56,전기장비,전기차 / 전력저장장치(ESS) / 스마트팩토리(스마트공장),통과,KODEX AI전력핵심설비 / HANARO 원자력iSelect / HANARO 전력설비투자,"KODEX AI전력핵심설비 (비중 21.03%, 20일선 +9.13%) / HANARO 원자력iSelect (비중 14.56%, 20일선 +9.27%) / HANARO 전력설비투자 (비중 20.99%, 20일선 +9.12%)",https://finance.naver.com/item/main.naver?code=010120
2026-08-14,028050,삼성E&A,49800,97608,39.89,20.13,116.44,45852.50,8.61,X,+3.53,45273.75,,1844957,-21.02,건설,전후 재건(우크라/중동 전쟁 등) / 수자원(양적/질적 개선),통과,KODEX 삼성그룹밸류 / TIGER 모멘텀 / ACE 삼성그룹동일가중,"KODEX 삼성그룹밸류 (비중 8.20%, 20일선 +7.70%) / TIGER 모멘텀 (비중 3.81%, 20일선 +6.67%) / ACE 삼성그룹동일가중 (비중 6.48%, 20일선 +7.35%)",https://finance.naver.com/item/main.naver?code=028050
2026-08-14,278470,에이피알,390500,146195,35.36,20.13,112.67,361975.00,7.88,X,+1.56,372666.67,,370566,+31.14,화장품,패션/의류 / 미용기기 / 화장품,통과,HANARO K-뷰티 / KODEX 필수소비재 / KODEX 모멘텀Plus,"HANARO K-뷰티 (비중 15.98%, 20일선 +9.44%) / KODEX 필수소비재 (비중 17.62%, 20일선 +5.97%) / KODEX 모멘텀Plus (비중 4.11%, 20일선 +8.30%)",https://finance.naver.com/item/main.naver?code=278470
2026-08-14,483650,달바글로벌,228500,28548,33.00,20.13,110.71,239625.00,-4.64,X,-7.11,200913.33,,200336,+4.24,화장품,미용기기 / 화장품,미통과,,,https://finance.naver.com/item/main.naver?code=483650
2026-08-14,007070,GS리테일,27700,23159,23.11,20.13,102.48,25880.00,7.03,X,-2.29,23716.50,,268685,+30.78,백화점과일반상점,편의점 / 홈쇼핑 / 소매유통,미통과,,,https://finance.naver.com/item/main.naver?code=007070
2026-08-14,010950,S-Oil,147600,166172,23.00,20.13,102.39,136220.00,8.35,X,+7.27,118815.83,,366143,-12.78,석유와가스,정유 / 윤활유 / LPG(액화석유가스),통과,에셋플러스 코리아대장장이액티브 / KODEX 에너지화학 / TIGER 200 에너지화학,"에셋플러스 코리아대장장이액티브 (비중 4.94%, 20일선 +9.26%) / KODEX 에너지화학 (비중 8.49%, 20일선 +9.97%) / TIGER 200 에너지화학 (비중 6.62%, 20일선 +9.52%)",https://finance.naver.com/item/main.naver?code=010950
2026-08-14,192080,더블유게임즈,61600,13042,12.82,20.13,93.91,60825.00,1.27,X,-1.12,58630.83,,43159,-42.77,게임엔터테인먼트,코리아 밸류업 지수(Korea Value-up Index) / 게임 / 모바일게임(스마트폰),통과,ACE 주주환원가치주액티브 / RISE 게임테마 / TIGER K게임,"ACE 주주환원가치주액티브 (비중 9.02%, 20일선 +1.77%) / RISE 게임테마 (비중 11.00%, 20일선 +3.59%) / TIGER K게임 (비중 9.64%, 20일선 +2.55%)",https://finance.naver.com/item/main.naver?code=192080
2026-08-14,051900,LG생활건강,307500,46049,12.64,20.13,93.76,283625.00,8.42,X,-7.80,254883.33,,129863,+54.19,화장품,밸류업(24년 기업가치 제고계획 발표) / 여름 / 음식료업종,통과,TIGER 중국소비테마 / HANARO K-뷰티 / PLUS 중형주저변동50,"TIGER 중국소비테마 (비중 5.44%, 20일선 +6.41%) / HANARO K-뷰티 (비중 10.56%, 20일선 +9.44%) / PLUS 중형주저변동50 (비중 2.96%, 20일선 +4.84%)",https://finance.naver.com/item/main.naver?code=051900
2026-08-14,021240,코웨이,98200,69493,12.49,20.13,93.63,93585.00,4.93,X,+2.61,86223.33,,184169,-18.02,가정용기기와용품,제습기 / 여름 / 밸류업(25년 기업가치 제고계획 발표),통과,KODEX 경기소비재 / RISE 우량업종대표주 / TIGER 200 경기소비재,"KODEX 경기소비재 (비중 13.19%, 20일선 +4.78%) / RISE 우량업종대표주 (비중 2.59%, 20일선 +7.26%) / TIGER 200 경기소비재 (비중 5.91%, 20일선 +7.24%)",https://finance.naver.com/item/main.naver?code=021240
2026-08-14,028260,삼성물산,369000,598398,11.48,20.13,92.80,336700.00,9.59,X,+9.66,359745.83,,354071,-44.14,복합기업,S7(삼성전자/SK하이닉스 등) / 모듈러주택 / 자원개발,통과,TIGER 지주회사 / KODEX 삼성그룹밸류 / TIGER 삼성그룹,"TIGER 지주회사 (비중 8.09%, 20일선 +9.39%) / KODEX 삼성그룹밸류 (비중 7.95%, 20일선 +7.70%) / TIGER 삼성그룹 (비중 20.20%, 20일선 +9.91%)",https://finance.naver.com/item/main.naver?code=028260
2026-08-14,003230,삼양식품,1.27e+06,95669,9.11,20.13,90.82,1197250.00,6.08,X,-2.76,1199358.33,,59671,+2.56,식품,밸류업(25년 기업가치 제고계획 발표) / 음식료업종 / 코리아 밸류업 지수(Korea Value-up Index),통과,TIME Korea플러스배당액티브 / TIME 코스피액티브 / KODEX 필수소비재,"TIME Korea플러스배당액티브 (비중 5.79%, 20일선 +4.18%) / TIME 코스피액티브 (비중 4.35%, 20일선 +6.12%) / KODEX 필수소비재 (비중 8.64%, 20일선 +5.97%)",https://finance.naver.com/item/main.naver?code=003230
2026-08-14,028670,팬오션,5790,30951,8.22,20.13,90.09,5426.50,6.70,X,-4.14,5328.33,,4086003,+50.75,해운사,LNG(액화천연가스) / 해운,통과,KODEX 운송 / TIGER 우량가치,"KODEX 운송 (비중 11.38%, 20일선 +3.86%) / TIGER 우량가치 (비중 2.31%, 20일선 +5.60%)",https://finance.naver.com/item/main.naver?code=028670
2026-08-14,001800,오리온홀딩스,26800,16121,7.41,20.13,89.41,26072.50,2.79,X,-3.42,24990.83,,82888,-32.04,식품,지주사,통과,KODEX 코리아배당성장 / TIGER 배당성장,"KODEX 코리아배당성장 (비중 3.69%, 20일선 +3.03%) / TIGER 배당성장 (비중 3.68%, 20일선 +3.55%)",https://finance.naver.com/item/main.naver?code=001800
2026-08-14,036570,NC,247500,53321,6.68,20.13,88.80,233525.00,5.98,X,-0.40,245496.67,,85332,-15.09,게임엔터테인먼트,게임 / 모바일게임(스마트폰) / 증강현실(AR),통과,TIGER 소프트웨어 / TIGER BBIG / RISE 메타버스,"TIGER 소프트웨어 (비중 6.68%, 20일선 +7.30%) / TIGER BBIG (비중 10.04%, 20일선 +7.97%) / RISE 메타버스 (비중 11.30%, 20일선 +4.74%)",https://finance.naver.com/item/main.naver?code=036570
2026-08-14,055550,신한지주,107400,504189,5.29,20.13,87.65,103980.00,3.29,X,-2.36,98594.17,,1026677,-28.63,은행,밸류업(24년 기업가치 제고계획 발표) / STO(토큰증권 발행) / 지주사,통과,KODEX Top5PlusTR / TIGER 은행고배당플러스TOP10 / SOL 금융지주플러스고배당,"KODEX Top5PlusTR (비중 7.22%, 20일선 +6.46%) / TIGER 은행고배당플러스TOP10 (비중 15.56%, 20일선 +1.30%) / SOL 금융지주플러스고배당 (비중 21.31%, 20일선 +1.54%)",https://finance.naver.com/item/main.naver?code=055550
2026-08-14,003490,대한항공,26300,96842,4.57,20.13,87.05,26005.00,1.13,X,-3.13,25855.83,,2221600,-23.37,항공사,환율하락 수혜 / UAM(도심항공모빌리티) / 밸류업(24년 기업가치 제고계획 발표),통과,TIGER 여행레저 / RISE K엔터&여행레저 / KODEX 운송,"TIGER 여행레저 (비중 9.92%, 20일선 +2.42%) / RISE K엔터&여행레저 (비중 12.77%, 20일선 -1.52%) / KODEX 운송 (비중 20.72%, 20일선 +3.86%)",https://finance.naver.com/item/main.naver?code=003490
2026-08-14,086790,하나금융지주,133000,364909,1.29,20.13,84.32,129280.00,2.88,X,-1.26,120835.00,,666754,-26.82,은행,밸류업(24년 기업가치 제고계획 발표) / STO(토큰증권 발행) / 토스(toss),통과,KODEX 금융고배당TOP10타겟위클리커버드콜 / TIGER 은행고배당플러스TOP10 / SOL 금융지주플러스고배당,"KODEX 금융고배당TOP10타겟위클리커버드콜 (비중 15.19%, 20일선 -0.91%) / TIGER 은행고배당플러스TOP10 (비중 16.14%, 20일선 +1.30%) / SOL 금융지주플러스고배당 (비중 20.16%, 20일선 +1.54%)",https://finance.naver.com/item/main.naver?code=086790
2026-08-14,241560,두산밥캣,66100,63360,0.92,20.13,84.00,62730.00,5.37,O,+3.93,64872.50,,112226,-49.56,기계,건설기계 / 밸류업(24년 기업가치 제고계획 발표) / 지주사,미통과,,,https://finance.naver.com/item/main.naver?code=241560
2026-08-14,096770,SK이노베이션,128700,217570,0.86,20.13,83.96,117935.00,9.13,X,+6.98,117333.33,,722181,+6.01,석유와가스,정유 / 2차전지(생산) / 윤활유,통과,KODEX 에너지화학 / TIGER 200 에너지화학 / HK 베스트일레븐액티브,"KODEX 에너지화학 (비중 13.10%, 20일선 +9.97%) / TIGER 200 에너지화학 (비중 10.19%, 20일선 +9.52%) / HK 베스트일레븐액티브 (비중 8.84%, 20일선 +9.33%)",https://finance.naver.com/item/main.naver?code=096770
2026-08-14,105560,KB금융,168500,597648,-0.18,20.13,83.09,169835.00,-0.79,X,-4.15,159700.00,,891560,-39.12,은행,밸류업(24년 기업가치 제고계획 발표) / STO(토큰증권 발행) / 지주사,통과,TIGER 코리아TOP10 / KODEX Top5PlusTR / RISE 코리아밸류업,"TIGER 코리아TOP10 (비중 6.03%, 20일선 +6.85%) / KODEX Top5PlusTR (비중 8.61%, 20일선 +6.46%) / RISE 코리아밸류업 (비중 4.26%, 20일선 +6.24%)",https://finance.naver.com/item/main.naver?code=105560
2026-08-14,000810,삼성화재,615000,274581,-0.49,20.13,82.84,625700.00,-1.71,X,-4.65,561554.17,,103168,-27.42,손해보험,손해보험 / 밸류업(25년 기업가치 제고계획 발표) / 코리아 밸류업 지수(Korea Value-up Index),통과,KODEX 금융고배당TOP10타겟위클리커버드콜 / KODEX 보험 / 파워 K-주주가치액티브,"KODEX 금융고배당TOP10타겟위클리커버드콜 (비중 9.52%, 20일선 -0.91%) / KODEX 보험 (비중 21.18%, 20일선 +7.89%) / 파워 K-주주가치액티브 (비중 2.88%, 20일선 +4.46%)",https://finance.naver.com/item/main.naver?code=000810
2026-08-14,033780,KT&G,176000,182706,-0.62,20.13,82.72,179985.00,-2.21,X,-6.78,172669.17,,326045,+5.14,담배,밸류업(24년 기업가치 제고계획 발표) / 코리아 밸류업 지수(Korea Value-up Index) / 건강기능식품,통과,TIGER 경기방어 / KODEX 필수소비재 / KODEX 모멘텀Plus,"TIGER 경기방어 (비중 9.29%, 20일선 +5.09%) / KODEX 필수소비재 (비중 21.53%, 20일선 +5.97%) / KODEX 모멘텀Plus (비중 4.20%, 20일선 +8.30%)",https://finance.naver.com/item/main.naver?code=033780
2026-08-14,111770,영원무역,85900,38063,-1.04,20.13,82.38,88185.00,-2.59,X,-8.03,83908.33,,65414,-16.68,"섬유,의류,신발,호화품",밸류업(25년 기업가치 제고계획 발표) / 패션/의류 / 겨울,통과,RISE K엔터&여행레저 / KODEX 경기소비재 / 에셋플러스 코리아플랫폼액티브,"RISE K엔터&여행레저 (비중 6.91%, 20일선 -1.52%) / KODEX 경기소비재 (비중 4.64%, 20일선 +4.78%) / 에셋플러스 코리아플랫폼액티브 (비중 6.08%, 20일선 +6.00%)",https://finance.naver.com/item/main.naver?code=111770
2026-08-18,402340,SK스퀘어,1.135e+06,1497727,95.69,17.51,166.53,1047900.00,8.31,X,+19.60,1003366.67,,687730,-35.99,반도체와반도체장비,S7(삼성전자/SK하이닉스 등) / 밸류업(24년 기업가치 제고계획 발표) / 지주사,통과,KODEX 200 / TIGER 200 / TIGER 반도체TOP10,"KODEX 200 (비중 2.84%, 20일선 +5.83%) / TIGER 200 (비중 2.84%, 20일선 +5.82%) / TIGER 반도체TOP10 (비중 21.26%, 20일선 +8.44%)",https://finance.naver.com/item/main.naver?code=402340
2026-08-18,000660,SK하이닉스,1.662e+06,12140783,74.76,17.51,148.72,1606450.00,3.46,X,+17.04,1615700.00,,4584004,-23.20,반도체와반도체장비,IT 대표주 / S7(삼성전자/SK하이닉스 등) / 반도체 대표주(생산),통과,KODEX 200 / TIGER 200 / TIGER 반도체TOP10,"KODEX 200 (비중 24.95%, 20일선 +5.83%) / TIGER 200 (비중 24.98%, 20일선 +5.82%) / TIGER 반도체TOP10 (비중 23.77%, 20일선 +8.44%)",https://finance.naver.com/item/main.naver?code=000660
2026-08-18,079550,LIG디펜스앤에어로스페이스,795000,174900,62.41,17.51,138.21,737450.00,7.80,X,-3.40,785020.83,,151367,-18.11,우주항공과국방,로봇(산업용/협동로봇 등) / UAM(도심항공모빌리티) / 코리아 밸류업 지수(Korea Value-up Index),통과,PLUS K방산 / TIGER K방산&우주 / SOL K방산,"PLUS K방산 (비중 16.19%, 20일선 +6.51%) / TIGER K방산&우주 (비중 21.43%, 20일선 +7.08%) / SOL K방산 (비중 15.46%, 20일선 +6.78%)",https://finance.naver.com/item/main.naver?code=079550
2026-08-18,034730,SK,590000,427765,55.67,17.51,132.47,555675.00,6.18,X,+15.01,510091.67,,159723,-42.92,석유와가스,LNG(액화천연가스) / 냉각시스템(액침냉각 등) / SI(시스템통합),통과,TIGER 지주회사 / TIGER 200 에너지화학 / HK 베스트일레븐액티브,"TIGER 지주회사 (비중 11.95%, 20일선 +8.14%) / TIGER 200 에너지화학 (비중 22.05%, 20일선 +8.43%) / HK 베스트일레븐액티브 (비중 7.39%, 20일선 +8.36%)",https://finance.naver.com/item/main.naver?code=034730
2026-08-18,010120,LS ELECTRIC,209000,313500,44.74,17.51,123.17,196500.00,6.36,X,+0.24,206327.50,,613537,-39.89,전기장비,전기차 / 전력저장장치(ESS) / 스마트팩토리(스마트공장),통과,KODEX AI전력핵심설비 / HANARO 원자력iSelect / HANARO 전력설비투자,"KODEX AI전력핵심설비 (비중 21.03%, 20일선 +8.53%) / HANARO 원자력iSelect (비중 14.56%, 20일선 +6.06%) / HANARO 전력설비투자 (비중 20.99%, 20일선 +8.32%)",https://finance.naver.com/item/main.naver?code=010120
2026-08-18,005930,삼성전자,268500,15697258,39.12,17.51,118.39,245700.00,9.28,X,+16.74,252275.00,,24660396,-19.22,반도체와반도체장비,피지컬 AI/휴머노이드 로봇 / IT 대표주 / S7(삼성전자/SK하이닉스 등),통과,KODEX 200 / TIGER 200 / TIGER 반도체TOP10,"KODEX 200 (비중 34.47%, 20일선 +5.83%) / TIGER 200 (비중 34.49%, 20일선 +5.82%) / TIGER 반도체TOP10 (비중 30.82%, 20일선 +8.44%)",https://finance.naver.com/item/main.naver?code=005930
2026-08-18,028050,삼성E&A,47900,93884,34.17,17.51,114.18,46287.50,3.48,X,-1.84,45376.25,,1780282,-23.88,건설,전후 재건(우크라/중동 전쟁 등) / 수자원(양적/질적 개선),통과,KODEX 삼성그룹밸류 / KODEX 건설 / TIGER 200 건설,"KODEX 삼성그룹밸류 (비중 8.20%, 20일선 +5.11%) / KODEX 건설 (비중 23.31%, 20일선 +5.13%) / TIGER 200 건설 (비중 23.92%, 20일선 +6.23%)",https://finance.naver.com/item/main.naver?code=028050
2026-08-18,032830,삼성생명,310500,621000,33.84,17.51,113.89,295950.00,4.92,X,+10.70,301966.67,,447869,-8.96,생명보험,생명보험 / S7(삼성전자/SK하이닉스 등),통과,KODEX 삼성그룹 / RISE 대형고배당10TR / KODEX 삼성그룹밸류,"KODEX 삼성그룹 (비중 7.53%, 20일선 +7.37%) / RISE 대형고배당10TR (비중 6.99%, 20일선 +5.23%) / KODEX 삼성그룹밸류 (비중 6.64%, 20일선 +5.11%)",https://finance.naver.com/item/main.naver?code=032830
2026-08-18,278470,에이피알,396500,148442,33.28,17.51,113.42,363400.00,9.11,X,+2.45,373566.67,,357236,+27.02,화장품,패션/의류 / 미용기기 / 화장품,통과,TIGER 화장품 / HANARO K-뷰티 / KODEX 필수소비재,"TIGER 화장품 (비중 9.53%, 20일선 +9.70%) / HANARO K-뷰티 (비중 15.98%, 20일선 +7.09%) / KODEX 필수소비재 (비중 17.62%, 20일선 +4.23%)",https://finance.naver.com/item/main.naver?code=278470
2026-08-18,018260,삼성에스디에스,228500,176808,30.13,17.51,110.73,217300.00,5.15,X,+2.70,193102.50,,326105,-17.44,IT서비스,IT 대표주 / SI(시스템통합) / 스마트팩토리(스마트공장),통과,TIGER 소프트웨어 / ACE 코리아AI테크핵심산업 / UNICORN 생성형AI강소기업액티브,"TIGER 소프트웨어 (비중 14.06%, 20일선 +1.77%) / ACE 코리아AI테크핵심산업 (비중 11.62%, 20일선 +8.34%) / UNICORN 생성형AI강소기업액티브 (비중 9.32%, 20일선 +9.79%)",https://finance.naver.com/item/main.naver?code=018260
2026-08-18,483650,달바글로벌,220000,27486,29.34,17.51,110.06,239775.00,-8.25,X,-8.90,201315.00,,201894,+5.53,화장품,미용기기 / 화장품,미통과,,,https://finance.naver.com/item/main.naver?code=483650
2026-08-18,007070,GS리테일,27250,22783,18.48,17.51,100.82,25950.00,5.01,X,-4.05,23756.08,,260443,+27.71,백화점과일반상점,편의점 / 홈쇼핑 / 소매유통,미통과,,,https://finance.naver.com/item/main.naver?code=007070
2026-08-18,012330,현대모비스,518000,469994,16.27,17.51,98.95,491275.00,5.44,X,+2.57,496937.50,,258245,-39.87,자동차부품,자동차 대표주 / 스마트카(SMART CAR) / 피지컬 AI/휴머노이드 로봇,통과,KODEX 로봇액티브 / TIGER 현대차그룹플러스 / KODEX 자동차,"KODEX 로봇액티브 (비중 7.78%, 20일선 +8.90%) / TIGER 현대차그룹플러스 (비중 15.64%, 20일선 +4.67%) / KODEX 자동차 (비중 21.38%, 20일선 +5.38%)",https://finance.naver.com/item/main.naver?code=012330
2026-08-18,003550,LG,112700,170393,13.27,17.51,96.39,103470.00,8.92,X,+4.74,102167.50,,284159,-37.33,복합기업,밸류업(24년 기업가치 제고계획 발표) / 지주사 / 스마트팩토리(스마트공장),통과,TIGER 지주회사 / TIGER LG그룹플러스 / TIGER MKF배당귀족,"TIGER 지주회사 (비중 8.73%, 20일선 +8.14%) / TIGER LG그룹플러스 (비중 9.12%, 20일선 +7.56%) / TIGER MKF배당귀족 (비중 3.63%, 20일선 +2.28%)",https://finance.naver.com/item/main.naver?code=003550
2026-08-18,021240,코웨이,96500,68290,11.43,17.51,94.83,93790.00,2.89,X,+2.33,86300.00,,183791,-16.56,가정용기기와용품,제습기 / 여름 / 밸류업(25년 기업가치 제고계획 발표),통과,KODEX 경기소비재 / RISE 우량업종대표주 / TIGER 200 경기소비재,"KODEX 경기소비재 (비중 13.19%, 20일선 +3.22%) / RISE 우량업종대표주 (비중 2.59%, 20일선 +5.05%) / TIGER 200 경기소비재 (비중 5.91%, 20일선 +3.74%)",https://finance.naver.com/item/main.naver?code=021240
2026-08-18,028260,삼성물산,369000,598398,11.14,17.51,94.58,339275.00,8.76,X,+9.82,360062.50,,366034,-41.48,복합기업,S7(삼성전자/SK하이닉스 등) / 모듈러주택 / 자원개발,통과,KODEX 삼성그룹 / TIGER 지주회사 / KODEX 삼성그룹밸류,"KODEX 삼성그룹 (비중 10.75%, 20일선 +7.37%) / TIGER 지주회사 (비중 8.09%, 20일선 +8.14%) / KODEX 삼성그룹밸류 (비중 7.95%, 20일선 +5.11%)",https://finance.naver.com/item/main.naver?code=028260
2026-08-18,000810,삼성화재,626000,279493,10.80,17.51,94.29,626900.00,-0.14,X,-0.63,561620.83,,114263,-17.66,손해보험,손해보험 / 밸류업(25년 기업가치 제고계획 발표) / 코리아 밸류업 지수(Korea Value-up Index),통과,KODEX 금융고배당TOP10타겟위클리커버드콜 / TIGER KTOP30 / KODEX KTOP30,"KODEX 금융고배당TOP10타겟위클리커버드콜 (비중 9.52%, 20일선 -1.08%) / TIGER KTOP30 (비중 3.39%, 20일선 +7.89%) / KODEX KTOP30 (비중 3.39%, 20일선 +7.54%)",https://finance.naver.com/item/main.naver?code=000810
2026-08-18,051900,LG생활건강,300000,44926,10.29,17.51,93.86,286375.00,4.76,X,-6.25,255108.33,,127506,+50.76,화장품,밸류업(24년 기업가치 제고계획 발표) / 여름 / 음식료업종,통과,TIGER 화장품 / TIGER 중국소비테마 / HANARO K-뷰티,"TIGER 화장품 (비중 9.50%, 20일선 +9.70%) / TIGER 중국소비테마 (비중 5.44%, 20일선 +3.04%) / HANARO K-뷰티 (비중 10.56%, 20일선 +7.09%)",https://finance.naver.com/item/main.naver?code=051900
2026-08-18,055550,신한지주,106500,499964,4.62,17.51,89.03,104215.00,2.19,X,+0.09,98631.67,,1012520,-26.80,은행,밸류업(24년 기업가치 제고계획 발표) / STO(토큰증권 발행) / 지주사,통과,KODEX Top5PlusTR / TIGER 은행고배당플러스TOP10 / SOL 금융지주플러스고배당,"KODEX Top5PlusTR (비중 7.22%, 20일선 +4.76%) / TIGER 은행고배당플러스TOP10 (비중 15.56%, 20일선 +0.32%) / SOL 금융지주플러스고배당 (비중 21.31%, 20일선 +0.41%)",https://finance.naver.com/item/main.naver?code=055550
2026-08-18,282330,BGF리테일,143200,24750,3.77,17.51,88.30,132095.00,8.41,X,-5.17,128280.83,,87576,-3.44,백화점과일반상점,편의점 / 밸류업(25년 기업가치 제고계획 발표) / 소매유통,미통과,,,https://finance.naver.com/item/main.naver?code=282330
2026-08-18,064400,LG씨엔에스,73900,71598,3.36,17.51,87.95,68880.00,7.29,X,+0.41,73752.50,,1243678,-3.33,IT서비스,SI(시스템통합) / 스마트팩토리(스마트공장) / 클라우드 컴퓨팅,통과,RISE AI&로봇 / UNICORN 생성형AI강소기업액티브,"RISE AI&로봇 (비중 5.48%, 20일선 +8.03%) / UNICORN 생성형AI강소기업액티브 (비중 8.98%, 20일선 +9.79%)",https://finance.naver.com/item/main.naver?code=064400
2026-08-18,192080,더블유게임즈,58800,12449,2.80,17.51,87.48,60750.00,-3.21,X,-4.55,58665.83,,45379,-38.46,게임엔터테인먼트,코리아 밸류업 지수(Korea Value-up Index) / 게임 / 모바일게임(스마트폰),통과,ACE 주주환원가치주액티브 / RISE 게임테마 / TIGER K게임,"ACE 주주환원가치주액티브 (비중 9.02%, 20일선 +1.40%) / RISE 게임테마 (비중 11.00%, 20일선 -0.62%) / TIGER K게임 (비중 9.64%, 20일선 -1.11%)",https://finance.naver.com/item/main.naver?code=192080
2026-08-18,001800,오리온홀딩스,25800,15520,1.57,17.51,86.44,26095.00,-1.13,X,-7.69,24997.92,,81901,-32.54,식품,지주사,통과,KODEX 코리아배당성장 / TIGER 배당성장,"KODEX 코리아배당성장 (비중 3.69%, 20일선 +1.60%) / TIGER 배당성장 (비중 3.68%, 20일선 +0.86%)",https://finance.naver.com/item/main.naver?code=001800
2026-08-18,086790,하나금융지주,130700,358598,1.24,17.51,86.15,129145.00,1.20,X,+0.23,120830.00,,673646,-25.32,은행,밸류업(24년 기업가치 제고계획 발표) / STO(토큰증권 발행) / 토스(toss),통과,KODEX 금융고배당TOP10타겟위클리커버드콜 / TIGER 은행고배당플러스TOP10 / SOL 금융지주플러스고배당,"KODEX 금융고배당TOP10타겟위클리커버드콜 (비중 15.19%, 20일선 -1.08%) / TIGER 은행고배당플러스TOP10 (비중 16.14%, 20일선 +0.32%) / SOL 금융지주플러스고배당 (비중 20.16%, 20일선 +0.41%)",https://finance.naver.com/item/main.naver?code=086790
2026-08-18,033780,KT&G,176600,183329,0.06,17.51,85.15,179845.00,-1.80,X,-4.90,172665.00,,336007,+7.09,담배,밸류업(24년 기업가치 제고계획 발표) / 코리아 밸류업 지수(Korea Value-up Index) / 건강기능식품,통과,TIGER 경기방어 / KODEX 필수소비재 / KODEX 모멘텀Plus,"TIGER 경기방어 (비중 9.29%, 20일선 +3.03%) / KODEX 필수소비재 (비중 21.53%, 20일선 +4.23%) / KODEX 모멘텀Plus (비중 4.20%, 20일선 +6.34%)",https://finance.naver.com/item/main.naver?code=033780
2026-08-18,105560,KB금융,168500,597648,-0.12,17.51,85.00,169820.00,-0.78,X,-1.86,159697.50,,885054,-37.78,은행,밸류업(24년 기업가치 제고계획 발표) / STO(토큰증권 발행) / 지주사,통과,TIGER 코리아TOP10 / KODEX Top5PlusTR / RISE 코리아밸류업,"TIGER 코리아TOP10 (비중 6.03%, 20일선 +5.22%) / KODEX Top5PlusTR (비중 8.61%, 20일선 +4.76%) / RISE 코리아밸류업 (비중 4.26%, 20일선 +4.92%)",https://finance.naver.com/item/main.naver?code=105560
2026-08-18,011200,HMM,22650,213643,-1.31,17.51,83.99,21060.00,7.55,X,+5.59,20463.00,,1529021,-0.83,해운사,해운 / 밸류업(25년 기업가치 제고계획 발표) / 코리아 밸류업 지수(Korea Value-up Index),통과,HANARO Fn조선해운 / KODEX 운송 / RISE 수출주,"HANARO Fn조선해운 (비중 17.95%, 20일선 +3.25%) / KODEX 운송 (비중 15.68%, 20일선 +3.06%) / RISE 수출주 (비중 2.44%, 20일선 +6.65%)",https://finance.naver.com/item/main.naver?code=011200
2026-08-19,009150,삼성전기,1.387e+06,1036001,210.99,8.40,286.88,1279800.00,8.38,X,+9.90,1124066.67,,887378,-15.18,전자장비와기기,S7(삼성전자/SK하이닉스 등) / 자율주행차 / 카메라모듈/부품,통과,KODEX 200 / TIGER 200 / KODEX 200TR,"KODEX 200 (비중 2.32%, 20일선 -0.49%) / TIGER 200 (비중 2.33%, 20일선 -0.45%) / KODEX 200TR (비중 2.31%, 20일선 -0.34%)",https://finance.naver.com/item/main.naver?code=009150
2026-08-19,079550,LIG디펜스앤에어로스페이스,796000,175120,52.78,8.40,140.94,743650.00,7.04,X,+4.74,787575.00,,144519,-21.18,우주항공과국방,로봇(산업용/협동로봇 등) / UAM(도심항공모빌리티) / 코리아 밸류업 지수(Korea Value-up Index),통과,PLUS K방산 / TIGER K방산&우주 / PLUS 우주항공,"PLUS K방산 (비중 16.19%, 20일선 +3.79%) / TIGER K방산&우주 (비중 21.43%, 20일선 +4.94%) / PLUS 우주항공 (비중 13.11%, 20일선 +7.07%)",https://finance.naver.com/item/main.naver?code=079550
2026-08-19,034730,SK,551000,399489,40.38,8.40,129.50,553425.00,-0.44,X,+5.15,511525.00,,152394,-45.02,석유와가스,LNG(액화천연가스) / 냉각시스템(액침냉각 등) / SI(시스템통합),통과,TIGER 지주회사 / TIGER 200 에너지화학 / HK 베스트일레븐액티브,"TIGER 지주회사 (비중 11.95%, 20일선 +3.78%) / TIGER 200 에너지화학 (비중 22.05%, 20일선 +5.56%) / HK 베스트일레븐액티브 (비중 7.39%, 20일선 +1.53%)",https://finance.naver.com/item/main.naver?code=034730
2026-08-19,375500,DL이앤씨,71800,27782,39.69,8.40,128.86,66415.00,8.11,X,-1.64,71590.00,,315840,-33.07,건설,전후 재건(우크라/중동 전쟁 등) / GTX(수도권 광역급행철도) / 건설 대표주,통과,KODEX 건설 / TIGER 200 건설,"KODEX 건설 (비중 7.72%, 20일선 +5.98%) / TIGER 200 건설 (비중 6.73%, 20일선 +5.00%)",https://finance.naver.com/item/main.naver?code=375500
2026-08-19,028050,삼성E&A,48500,95060,32.88,8.40,122.58,46647.50,3.97,X,-0.92,45482.92,,1660584,-29.21,건설,전후 재건(우크라/중동 전쟁 등) / 수자원(양적/질적 개선),통과,KODEX 삼성그룹밸류 / KODEX 건설 / TIGER 200 건설,"KODEX 삼성그룹밸류 (비중 8.20%, 20일선 +1.02%) / KODEX 건설 (비중 23.31%, 20일선 +5.98%) / TIGER 200 건설 (비중 23.92%, 20일선 +5.00%)",https://finance.naver.com/item/main.naver?code=028050
2026-08-19,278470,에이피알,383500,143575,30.00,8.40,119.92,364325.00,5.26,X,-0.52,374283.33,,338066,+20.33,화장품,패션/의류 / 미용기기 / 화장품,통과,TIGER 화장품 / HANARO K-뷰티 / KODEX 필수소비재,"TIGER 화장품 (비중 9.53%, 20일선 +8.73%) / HANARO K-뷰티 (비중 15.98%, 20일선 +5.35%) / KODEX 필수소비재 (비중 17.62%, 20일선 +3.17%)",https://finance.naver.com/item/main.naver?code=278470
2026-08-19,018260,삼성에스디에스,226000,174873,29.36,8.40,119.34,219025.00,3.18,X,-4.64,193522.50,,304714,-20.93,IT서비스,IT 대표주 / SI(시스템통합) / 스마트팩토리(스마트공장),통과,TIGER 소프트웨어 / ACE 코리아AI테크핵심산업 / UNICORN 생성형AI강소기업액티브,"TIGER 소프트웨어 (비중 14.06%, 20일선 -2.07%) / ACE 코리아AI테크핵심산업 (비중 11.62%, 20일선 +3.78%) / UNICORN 생성형AI강소기업액티브 (비중 9.32%, 20일선 +6.10%)",https://finance.naver.com/item/main.naver?code=018260
2026-08-19,483650,달바글로벌,218000,27236,27.41,8.40,117.54,238875.00,-8.74,X,-11.38,201714.17,,196339,+2.54,화장품,미용기기 / 화장품,미통과,,,https://finance.naver.com/item/main.naver?code=483650
2026-08-19,017670,SK텔레콤,98000,210494,21.14,8.40,111.75,90290.00,8.54,X,+13.95,90820.83,,1709044,+12.04,무선통신서비스,통신 / 자율주행차 / UAM(도심항공모빌리티),통과,TIGER 경기방어 / HANARO Fn5G산업 / HK 베스트일레븐액티브,"TIGER 경기방어 (비중 8.08%, 20일선 +2.02%) / HANARO Fn5G산업 (비중 8.83%, 20일선 +5.18%) / HK 베스트일레븐액티브 (비중 7.45%, 20일선 +1.53%)",https://finance.naver.com/item/main.naver?code=017670
2026-08-19,007070,GS리테일,26900,22490,19.03,8.40,109.80,26007.50,3.43,X,-2.36,23788.58,,261598,+28.01,백화점과일반상점,편의점 / 홈쇼핑 / 소매유통,미통과,,,https://finance.naver.com/item/main.naver?code=007070
2026-08-19,443060,HD현대마린솔루션,209500,93926,14.73,8.40,105.84,196865.00,6.42,X,+4.75,207181.67,,74665,-50.18,조선,밸류업(24년 기업가치 제고계획 발표) / 조선기자재,통과,SOL 조선TOP3플러스 / TIGER 조선TOP10,"SOL 조선TOP3플러스 (비중 2.91%, 20일선 -1.87%) / TIGER 조선TOP10 (비중 7.46%, 20일선 -1.05%)",https://finance.naver.com/item/main.naver?code=443060
2026-08-19,012330,현대모비스,509000,461828,12.36,8.40,103.65,492750.00,3.30,X,+2.72,497466.67,,250756,-40.00,자동차부품,자동차 대표주 / 스마트카(SMART CAR) / 피지컬 AI/휴머노이드 로봇,통과,KODEX 로봇액티브 / TIGER 현대차그룹플러스 / KODEX 자동차,"KODEX 로봇액티브 (비중 7.78%, 20일선 +4.56%) / TIGER 현대차그룹플러스 (비중 15.64%, 20일선 +1.68%) / KODEX 자동차 (비중 21.38%, 20일선 +2.53%)",https://finance.naver.com/item/main.naver?code=012330
2026-08-19,051900,LG생활건강,302000,45226,12.06,8.40,103.37,289225.00,4.42,X,-5.18,255358.33,,122543,+45.03,화장품,밸류업(24년 기업가치 제고계획 발표) / 여름 / 음식료업종,통과,TIGER 화장품 / TIGER 중국소비테마 / HANARO K-뷰티,"TIGER 화장품 (비중 9.50%, 20일선 +8.73%) / TIGER 중국소비테마 (비중 5.44%, 20일선 +1.51%) / HANARO K-뷰티 (비중 10.56%, 20일선 +5.35%)",https://finance.naver.com/item/main.naver?code=051900
2026-08-19,028670,팬오션,6010,32127,11.30,8.40,102.67,5526.50,8.75,X,+3.98,5340.42,,3683505,+29.39,해운사,LNG(액화천연가스) / 해운,통과,KODEX 운송 / TIGER 우량가치,"KODEX 운송 (비중 11.38%, 20일선 +1.13%) / TIGER 우량가치 (비중 2.31%, 20일선 +2.78%)",https://finance.naver.com/item/main.naver?code=028670
2026-08-19,000810,삼성화재,613000,273689,10.85,8.40,102.26,626650.00,-2.18,X,-4.37,562020.83,,113826,-16.84,손해보험,손해보험 / 밸류업(25년 기업가치 제고계획 발표) / 코리아 밸류업 지수(Korea Value-up Index),통과,KODEX 금융고배당TOP10타겟위클리커버드콜 / KODEX 보험 / TIGER KTOP30,"KODEX 금융고배당TOP10타겟위클리커버드콜 (비중 9.52%, 20일선 -1.62%) / KODEX 보험 (비중 21.18%, 20일선 +7.25%) / TIGER KTOP30 (비중 3.39%, 20일선 +1.59%)",https://finance.naver.com/item/main.naver?code=000810
2026-08-19,003550,LG,110200,166613,10.20,8.40,101.66,104115.00,5.84,X,+1.75,102256.67,,290318,-34.33,복합기업,밸류업(24년 기업가치 제고계획 발표) / 지주사 / 스마트팩토리(스마트공장),통과,TIGER 지주회사 / TIGER LG그룹플러스 / TIGER MKF배당귀족,"TIGER 지주회사 (비중 8.73%, 20일선 +3.78%) / TIGER LG그룹플러스 (비중 9.12%, 20일선 +6.11%) / TIGER MKF배당귀족 (비중 3.63%, 20일선 +0.62%)",https://finance.naver.com/item/main.naver?code=003550
2026-08-19,021240,코웨이,93500,66167,9.87,8.40,101.36,93790.00,-0.31,X,-4.20,86357.50,,177005,-17.12,가정용기기와용품,제습기 / 여름 / 밸류업(25년 기업가치 제고계획 발표),통과,KODEX 경기소비재 / RISE 우량업종대표주 / TIGER 200 경기소비재,"KODEX 경기소비재 (비중 13.19%, 20일선 +0.56%) / RISE 우량업종대표주 (비중 2.59%, 20일선 +2.59%) / TIGER 200 경기소비재 (비중 5.91%, 20일선 -0.12%)",https://finance.naver.com/item/main.naver?code=021240
2026-08-19,003230,삼양식품,1.304e+06,98230,5.84,8.40,97.64,1220650.00,6.83,X,+3.99,1201241.67,,62433,+6.12,식품,밸류업(25년 기업가치 제고계획 발표) / 음식료업종 / 코리아 밸류업 지수(Korea Value-up Index),통과,TIME Korea플러스배당액티브 / TIME 코스피액티브 / KODEX 필수소비재,"TIME Korea플러스배당액티브 (비중 5.79%, 20일선 -1.13%) / TIME 코스피액티브 (비중 4.35%, 20일선 -0.47%) / KODEX 필수소비재 (비중 8.64%, 20일선 +3.17%)",https://finance.naver.com/item/main.naver?code=003230
2026-08-19,073240,금호타이어,7600,21831,5.41,8.40,97.24,7024.00,8.20,X,+1.06,5875.00,,10279614,+39.48,자동차부품,타이어,통과,KODEX 200동일가중 / TIGER 200동일가중,"KODEX 200동일가중 (비중 0.94%, 20일선 +1.41%) / TIGER 200동일가중 (비중 0.94%, 20일선 +1.75%)",https://finance.naver.com/item/main.naver?code=073240
2026-08-19,282330,BGF리테일,142800,24681,4.08,8.40,96.02,133050.00,7.33,X,-5.12,128320.83,,89240,-1.52,백화점과일반상점,편의점 / 밸류업(25년 기업가치 제고계획 발표) / 소매유통,미통과,,,https://finance.naver.com/item/main.naver?code=282330
2026-08-19,055550,신한지주,105000,492922,4.06,8.40,96.00,104230.00,0.74,X,+0.48,98658.33,,1031846,-24.09,은행,밸류업(24년 기업가치 제고계획 발표) / STO(토큰증권 발행) / 지주사,통과,KODEX Top5PlusTR / TIGER 은행고배당플러스TOP10 / SOL 금융지주플러스고배당,"KODEX Top5PlusTR (비중 7.22%, 20일선 -0.97%) / TIGER 은행고배당플러스TOP10 (비중 15.56%, 20일선 -1.33%) / SOL 금융지주플러스고배당 (비중 21.31%, 20일선 -0.88%)",https://finance.naver.com/item/main.naver?code=055550
2026-08-19,001800,오리온홀딩스,25400,15279,2.21,8.40,94.29,26107.50,-2.71,X,-9.12,24997.92,,79524,-33.78,식품,지주사,통과,KODEX 코리아배당성장 / TIGER 배당성장,"KODEX 코리아배당성장 (비중 3.69%, 20일선 -0.88%) / TIGER 배당성장 (비중 3.68%, 20일선 -1.58%)",https://finance.naver.com/item/main.naver?code=001800
2026-08-19,033780,KT&G,175500,182187,1.21,8.40,93.37,179710.00,-2.34,X,-2.45,172656.67,,330871,+7.71,담배,밸류업(24년 기업가치 제고계획 발표) / 코리아 밸류업 지수(Korea Value-up Index) / 건강기능식품,통과,TIGER 경기방어 / KODEX 필수소비재 / KODEX 모멘텀Plus,"TIGER 경기방어 (비중 9.29%, 20일선 +2.02%) / KODEX 필수소비재 (비중 21.53%, 20일선 +3.17%) / KODEX 모멘텀Plus (비중 4.20%, 20일선 +4.19%)",https://finance.naver.com/item/main.naver?code=033780
2026-08-19,086790,하나금융지주,127500,349818,1.11,8.40,93.27,128890.00,-1.08,X,-0.16,120816.67,,692222,-22.59,은행,밸류업(24년 기업가치 제고계획 발표) / STO(토큰증권 발행) / 토스(toss),통과,KODEX 금융고배당TOP10타겟위클리커버드콜 / TIGER 은행고배당플러스TOP10 / SOL 금융지주플러스고배당,"KODEX 금융고배당TOP10타겟위클리커버드콜 (비중 15.19%, 20일선 -1.62%) / TIGER 은행고배당플러스TOP10 (비중 16.14%, 20일선 -1.33%) / SOL 금융지주플러스고배당 (비중 20.16%, 20일선 -0.88%)",https://finance.naver.com/item/main.naver?code=086790
2026-08-19,105560,KB금융,166400,590200,-0.18,8.40,92.08,169440.00,-1.79,X,-0.12,159678.33,,899732,-35.41,은행,밸류업(24년 기업가치 제고계획 발표) / STO(토큰증권 발행) / 지주사,통과,TIGER 코리아TOP10 / KODEX Top5PlusTR / RISE 코리아밸류업,"TIGER 코리아TOP10 (비중 6.03%, 20일선 -0.16%) / KODEX Top5PlusTR (비중 8.61%, 20일선 -0.97%) / RISE 코리아밸류업 (비중 4.26%, 20일선 -0.39%)",https://finance.naver.com/item/main.naver?code=105560
2026-08-19,011200,HMM,21700,204682,-5.45,8.40,87.23,21140.00,2.65,X,+0.23,20452.58,,1597904,+3.12,해운사,해운 / 밸류업(25년 기업가치 제고계획 발표) / 코리아 밸류업 지수(Korea Value-up Index),통과,HANARO Fn조선해운 / KODEX 운송 / RISE 수출주,"HANARO Fn조선해운 (비중 17.95%, 20일선 +0.40%) / KODEX 운송 (비중 15.68%, 20일선 +1.13%) / RISE 수출주 (비중 2.44%, 20일선 +4.66%)",https://finance.naver.com/item/main.naver?code=011200
2026-08-19,096770,SK이노베이션,128900,217909,-6.39,8.40,86.35,119295.00,8.05,X,+3.87,117370.00,,734757,+6.79,석유와가스,정유 / 2차전지(생산) / 윤활유,통과,TIGER 2차전지테마 / RISE 2차전지TOP10 / KODEX 에너지화학,"TIGER 2차전지테마 (비중 9.28%, 20일선 +5.72%) / RISE 2차전지TOP10 (비중 12.82%, 20일선 +6.02%) / KODEX 에너지화학 (비중 13.10%, 20일선 +5.86%)",https://finance.naver.com/item/main.naver?code=096770
2026-08-19,161390,한국타이어앤테크놀로지,68100,84358,-9.32,8.40,83.65,69190.00,-1.58,X,+3.97,64310.00,,289728,-25.43,자동차부품,밸류업(25년 기업가치 제고계획 발표) / 타이어,통과,KODEX 자동차 / KODEX 자율주행액티브,"KODEX 자동차 (비중 12.52%, 20일선 +2.53%) / KODEX 자율주행액티브 (비중 5.91%, 20일선 +4.56%)",https://finance.naver.com/item/main.naver?code=161390
2026-08-19,207940,삼성바이오로직스,1.544e+06,714732,-10.39,8.40,82.67,1511400.00,2.16,X,-4.04,1483341.67,,48592,-22.34,제약,모더나(MODERNA) / 오가노이드 / 제약업체,통과,TIGER 바이오TOP10 / KODEX 바이오 / TIGER 헬스케어,"TIGER 바이오TOP10 (비중 25.27%, 20일선 +5.57%) / KODEX 바이오 (비중 2.59%, 20일선 +3.33%) / TIGER 헬스케어 (비중 11.90%, 20일선 +4.48%)",https://finance.naver.com/item/main.naver?code=207940
2026-08-19,268280,미원에스씨,127600,6380,-10.83,8.40,82.26,121795.00,4.77,X,+3.40,115781.67,,2996,-17.98,화학,개별 테마 확인 필요,미통과,,,https://finance.naver.com/item/main.naver?code=268280
2026-08-20,009150,삼성전기,1.396e+06,1042723,200.22,12.64,266.54,1282350.00,8.86,X,+4.57,1131983.33,,861862,-16.20,전자장비와기기,S7(삼성전자/SK하이닉스 등) / 자율주행차 / 카메라모듈/부품,통과,KODEX 200 / TIGER 200 / KODEX 200TR,"KODEX 200 (비중 2.32%, 20일선 +5.79%) / TIGER 200 (비중 2.33%, 20일선 +5.84%) / KODEX 200TR (비중 2.31%, 20일선 +5.82%)",https://finance.naver.com/item/main.naver?code=009150
2026-08-20,402340,SK스퀘어,1.123e+06,1481506,73.57,12.64,154.10,1030100.00,9.02,X,+9.67,1011116.67,,669712,-37.37,반도체와반도체장비,S7(삼성전자/SK하이닉스 등) / 밸류업(24년 기업가치 제고계획 발표) / 지주사,통과,KODEX 200 / TIGER 200 / TIGER 반도체TOP10,"KODEX 200 (비중 2.84%, 20일선 +5.79%) / TIGER 200 (비중 2.84%, 20일선 +5.84%) / TIGER 반도체TOP10 (비중 21.26%, 20일선 +9.95%)",https://finance.naver.com/item/main.naver?code=402340
2026-08-20,000660,SK하이닉스,1.691e+06,12352625,66.11,12.64,147.48,1582700.00,6.84,X,+12.43,1625991.67,,4619670,-21.87,반도체와반도체장비,IT 대표주 / S7(삼성전자/SK하이닉스 등) / 반도체 대표주(생산),통과,KODEX 200 / TIGER 200 / TIGER 반도체TOP10,"KODEX 200 (비중 24.95%, 20일선 +5.79%) / TIGER 200 (비중 24.98%, 20일선 +5.84%) / TIGER 반도체TOP10 (비중 23.77%, 20일선 +9.95%)",https://finance.naver.com/item/main.naver?code=000660
2026-08-20,007340,DN오토모티브,46650,27295,56.54,12.64,138.98,45482.50,2.57,X,-0.85,40142.50,,428584,+80.82,자동차부품,자동차부품 / 지주사,통과,ACE 라이프자산주주가치액티브,"ACE 라이프자산주주가치액티브 (비중 5.17%, 20일선 +3.86%)",https://finance.naver.com/item/main.naver?code=007340
2026-08-20,034730,SK,568000,411815,38.88,12.64,123.30,550625.00,3.16,X,+4.22,512987.50,,151687,-45.09,석유와가스,LNG(액화천연가스) / 냉각시스템(액침냉각 등) / SI(시스템통합),통과,TIGER 지주회사 / TIGER 200 에너지화학 / HK 베스트일레븐액티브,"TIGER 지주회사 (비중 11.95%, 20일선 +3.82%) / TIGER 200 에너지화학 (비중 22.05%, 20일선 +4.85%) / HK 베스트일레븐액티브 (비중 7.39%, 20일선 +7.28%)",https://finance.naver.com/item/main.naver?code=034730
2026-08-20,483650,달바글로벌,225000,28111,32.12,12.64,117.30,239025.00,-5.87,X,-14.12,202163.33,,198189,+3.47,화장품,미용기기 / 화장품,미통과,,,https://finance.naver.com/item/main.naver?code=483650
2026-08-20,018260,삼성에스디에스,233000,180290,30.39,12.64,115.76,220875.00,5.49,X,-1.06,194008.33,,283442,-22.65,IT서비스,IT 대표주 / SI(시스템통합) / 스마트팩토리(스마트공장),통과,TIGER 소프트웨어 / ACE 코리아AI테크핵심산업 / UNICORN 생성형AI강소기업액티브,"TIGER 소프트웨어 (비중 14.06%, 20일선 +1.57%) / ACE 코리아AI테크핵심산업 (비중 11.62%, 20일선 +6.77%) / UNICORN 생성형AI강소기업액티브 (비중 9.32%, 20일선 +6.94%)",https://finance.naver.com/item/main.naver?code=018260
2026-08-20,278470,에이피알,386000,144511,27.81,12.64,113.48,365750.00,5.54,X,-2.77,375041.67,,298928,+6.06,화장품,패션/의류 / 미용기기 / 화장품,통과,HANARO K-뷰티 / KODEX 필수소비재 / KODEX 모멘텀Plus,"HANARO K-뷰티 (비중 15.98%, 20일선 +7.86%) / KODEX 필수소비재 (비중 17.62%, 20일선 +4.15%) / KODEX 모멘텀Plus (비중 4.11%, 20일선 +5.00%)",https://finance.naver.com/item/main.naver?code=278470
2026-08-20,028050,삼성E&A,48050,94178,27.62,12.64,113.31,46985.00,2.27,X,-2.54,45579.17,,1550999,-33.81,건설,전후 재건(우크라/중동 전쟁 등) / 수자원(양적/질적 개선),통과,KODEX 삼성그룹밸류 / KODEX 건설 / TIGER 200 건설,"KODEX 삼성그룹밸류 (비중 8.20%, 20일선 +4.40%) / KODEX 건설 (비중 23.31%, 20일선 +4.93%) / TIGER 200 건설 (비중 23.92%, 20일선 +6.14%)",https://finance.naver.com/item/main.naver?code=028050
2026-08-20,010950,S-Oil,142600,160543,26.64,12.64,112.44,137110.00,4.00,X,+0.78,119642.50,,344122,-18.47,석유와가스,정유 / 윤활유 / LPG(액화석유가스),통과,에셋플러스 코리아대장장이액티브 / KODEX 에너지화학 / TIGER 200 에너지화학,"에셋플러스 코리아대장장이액티브 (비중 4.94%, 20일선 +5.64%) / KODEX 에너지화학 (비중 8.49%, 20일선 +4.76%) / TIGER 200 에너지화학 (비중 6.62%, 20일선 +4.85%)",https://finance.naver.com/item/main.naver?code=010950
2026-08-20,017670,SK텔레콤,96600,207487,19.26,12.64,105.88,90415.00,6.84,X,+10.02,90951.67,,1663520,+12.35,무선통신서비스,통신 / 자율주행차 / UAM(도심항공모빌리티),통과,TIGER 경기방어 / HANARO Fn5G산업 / HK 베스트일레븐액티브,"TIGER 경기방어 (비중 8.08%, 20일선 +2.21%) / HANARO Fn5G산업 (비중 8.83%, 20일선 +7.22%) / HK 베스트일레븐액티브 (비중 7.45%, 20일선 +7.28%)",https://finance.naver.com/item/main.naver?code=017670
2026-08-20,051900,LG생활건강,304500,45600,13.62,12.64,100.87,292250.00,4.19,X,-3.03,255650.00,,116684,+38.72,화장품,밸류업(24년 기업가치 제고계획 발표) / 여름 / 음식료업종,통과,TIGER 중국소비테마 / HANARO K-뷰티 / PLUS 중형주저변동50,"TIGER 중국소비테마 (비중 5.44%, 20일선 +4.50%) / HANARO K-뷰티 (비중 10.56%, 20일선 +7.86%) / PLUS 중형주저변동50 (비중 2.96%, 20일선 +1.10%)",https://finance.naver.com/item/main.naver?code=051900
2026-08-20,007070,GS리테일,26700,22323,13.62,12.64,100.87,26120.00,2.22,X,-1.11,23822.75,,248793,+22.12,백화점과일반상점,편의점 / 홈쇼핑 / 소매유통,미통과,,,https://finance.naver.com/item/main.naver?code=007070
2026-08-20,000810,삼성화재,622000,277707,13.50,12.64,100.77,626250.00,-0.68,X,-0.96,562595.83,,115626,-13.53,손해보험,손해보험 / 밸류업(25년 기업가치 제고계획 발표) / 코리아 밸류업 지수(Korea Value-up Index),통과,KODEX 금융고배당TOP10타겟위클리커버드콜 / KODEX 보험 / TIGER KTOP30,"KODEX 금융고배당TOP10타겟위클리커버드콜 (비중 9.52%, 20일선 -3.05%) / KODEX 보험 (비중 21.18%, 20일선 +7.23%) / TIGER KTOP30 (비중 3.39%, 20일선 +6.69%)",https://finance.naver.com/item/main.naver?code=000810
2026-08-20,021240,코웨이,93400,66096,11.46,12.64,98.95,93870.00,-0.50,X,-2.51,86426.67,,172519,-18.79,가정용기기와용품,제습기 / 여름 / 밸류업(25년 기업가치 제고계획 발표),통과,KODEX 경기소비재 / RISE 우량업종대표주 / TIGER 200 경기소비재,"KODEX 경기소비재 (비중 13.19%, 20일선 -0.92%) / RISE 우량업종대표주 (비중 2.59%, 20일선 +2.17%) / TIGER 200 경기소비재 (비중 5.91%, 20일선 -0.64%)",https://finance.naver.com/item/main.naver?code=021240
2026-08-20,003550,LG,110400,166915,10.51,12.64,98.11,104680.00,5.46,X,+0.73,102343.33,,288765,-32.12,복합기업,밸류업(24년 기업가치 제고계획 발표) / 지주사 / 스마트팩토리(스마트공장),통과,TIGER 지주회사 / TIGER LG그룹플러스 / TIGER MKF배당귀족,"TIGER 지주회사 (비중 8.73%, 20일선 +3.82%) / TIGER LG그룹플러스 (비중 9.12%, 20일선 +5.23%) / TIGER MKF배당귀족 (비중 3.63%, 20일선 -0.22%)",https://finance.naver.com/item/main.naver?code=003550
2026-08-20,012330,현대모비스,507000,460014,7.99,12.64,95.87,492450.00,2.95,X,+1.71,497916.67,,246253,-38.20,자동차부품,자동차 대표주 / 스마트카(SMART CAR) / 피지컬 AI/휴머노이드 로봇,통과,KODEX 로봇액티브 / TIGER 현대차그룹플러스 / KODEX 자동차,"KODEX 로봇액티브 (비중 7.78%, 20일선 +6.01%) / TIGER 현대차그룹플러스 (비중 15.64%, 20일선 +1.34%) / KODEX 자동차 (비중 21.38%, 20일선 +1.70%)",https://finance.naver.com/item/main.naver?code=012330
2026-08-20,028670,팬오션,5770,30844,7.85,12.64,95.75,5561.00,3.76,X,-0.52,5343.50,,3530774,+24.23,해운사,LNG(액화천연가스) / 해운,통과,KODEX 운송 / TIGER 우량가치,"KODEX 운송 (비중 11.38%, 20일선 +0.12%) / TIGER 우량가치 (비중 2.31%, 20일선 +1.72%)",https://finance.naver.com/item/main.naver?code=028670
2026-08-20,028260,삼성물산,374000,606506,7.78,12.64,95.69,340450.00,9.85,X,+4.62,360487.50,,357731,-41.99,복합기업,S7(삼성전자/SK하이닉스 등) / 모듈러주택 / 자원개발,통과,KODEX 삼성그룹 / TIGER 지주회사 / KODEX 삼성그룹밸류,"KODEX 삼성그룹 (비중 10.75%, 20일선 +6.78%) / TIGER 지주회사 (비중 8.09%, 20일선 +3.82%) / KODEX 삼성그룹밸류 (비중 7.95%, 20일선 +4.40%)",https://finance.naver.com/item/main.naver?code=028260
2026-08-20,282330,BGF리테일,142800,24681,4.31,12.64,92.61,134365.00,6.28,X,-1.86,128367.50,,89053,-2.28,백화점과일반상점,편의점 / 밸류업(25년 기업가치 제고계획 발표) / 소매유통,미통과,,,https://finance.naver.com/item/main.naver?code=282330
2026-08-20,064400,LG씨엔에스,73800,71501,3.22,12.64,91.64,69765.00,5.78,X,-4.53,73779.17,,1131147,-5.94,IT서비스,SI(시스템통합) / 스마트팩토리(스마트공장) / 클라우드 컴퓨팅,통과,RISE AI&로봇 / UNICORN 생성형AI강소기업액티브,"RISE AI&로봇 (비중 5.48%, 20일선 +5.05%) / UNICORN 생성형AI강소기업액티브 (비중 8.98%, 20일선 +6.94%)",https://finance.naver.com/item/main.naver?code=064400
2026-08-20,073240,금호타이어,7420,21314,3.20,12.64,91.62,7089.50,4.66,X,+0.00,5876.75,,10053150,+34.74,자동차부품,타이어,통과,KODEX 200동일가중 / TIGER 200동일가중,"KODEX 200동일가중 (비중 0.94%, 20일선 +2.30%) / TIGER 200동일가중 (비중 0.94%, 20일선 +2.64%)",https://finance.naver.com/item/main.naver?code=073240
2026-08-20,001800,오리온홀딩스,25500,15339,2.20,12.64,90.74,26127.50,-2.40,X,-5.03,25003.33,,81631,-31.68,식품,지주사,통과,KODEX 코리아배당성장 / TIGER 배당성장,"KODEX 코리아배당성장 (비중 3.69%, 20일선 -1.13%) / TIGER 배당성장 (비중 3.68%, 20일선 -1.13%)",https://finance.naver.com/item/main.naver?code=001800
2026-08-20,055550,신한지주,101100,474614,1.61,12.64,90.21,104060.00,-2.84,X,-2.60,98660.00,,1056470,-21.40,은행,밸류업(24년 기업가치 제고계획 발표) / STO(토큰증권 발행) / 지주사,통과,KODEX Top5PlusTR / TIGER 은행고배당플러스TOP10 / SOL 금융지주플러스고배당,"KODEX Top5PlusTR (비중 7.22%, 20일선 +3.65%) / TIGER 은행고배당플러스TOP10 (비중 15.56%, 20일선 -3.10%) / SOL 금융지주플러스고배당 (비중 21.31%, 20일선 -3.75%)",https://finance.naver.com/item/main.naver?code=055550
2026-08-20,086790,하나금융지주,123400,338569,-2.06,12.64,86.95,128480.00,-3.95,X,-3.52,120794.17,,716073,-19.58,은행,밸류업(24년 기업가치 제고계획 발표) / STO(토큰증권 발행) / 토스(toss),통과,KODEX 금융고배당TOP10타겟위클리커버드콜 / TIGER 은행고배당플러스TOP10 / SOL 금융지주플러스고배당,"KODEX 금융고배당TOP10타겟위클리커버드콜 (비중 15.19%, 20일선 -3.05%) / TIGER 은행고배당플러스TOP10 (비중 16.14%, 20일선 -3.10%) / SOL 금융지주플러스고배당 (비중 20.16%, 20일선 -3.75%)",https://finance.naver.com/item/main.naver?code=086790
2026-08-20,096770,SK이노베이션,125900,212837,-4.04,12.64,85.20,119670.00,5.21,X,+2.86,117271.67,,697307,+1.17,석유와가스,정유 / 2차전지(생산) / 윤활유,통과,TIGER 2차전지테마 / RISE 2차전지TOP10 / KODEX 에너지화학,"TIGER 2차전지테마 (비중 9.28%, 20일선 +6.16%) / RISE 2차전지TOP10 (비중 12.82%, 20일선 +6.16%) / KODEX 에너지화학 (비중 13.10%, 20일선 +4.76%)",https://finance.naver.com/item/main.naver?code=096770
2026-08-20,105560,KB금융,160000,567500,-4.59,12.64,84.71,168685.00,-5.15,X,-3.61,159622.50,,946637,-31.58,은행,밸류업(24년 기업가치 제고계획 발표) / STO(토큰증권 발행) / 지주사,통과,TIGER 코리아TOP10 / KODEX Top5PlusTR / RISE 코리아밸류업,"TIGER 코리아TOP10 (비중 6.03%, 20일선 +5.17%) / KODEX Top5PlusTR (비중 8.61%, 20일선 +3.65%) / RISE 코리아밸류업 (비중 4.26%, 20일선 +4.31%)",https://finance.naver.com/item/main.naver?code=105560
2026-08-20,008930,한미사이언스,44250,30263,-5.25,12.64,84.12,40245.00,9.95,X,+1.14,35960.00,,249217,+33.09,제약,밸류업(24년 기업가치 제고계획 발표) / 지주사 / 밸류업(25년 기업가치 제고계획 발표),통과,KODEX 바이오 / KODEX 200동일가중 / TIGER 200동일가중,"KODEX 바이오 (비중 3.20%, 20일선 +4.81%) / KODEX 200동일가중 (비중 0.77%, 20일선 +2.30%) / TIGER 200동일가중 (비중 0.78%, 20일선 +2.64%)",https://finance.naver.com/item/main.naver?code=008930
2026-08-20,268280,미원에스씨,124000,6200,-8.89,12.64,80.89,122300.00,1.39,X,+3.25,115622.50,,2831,-22.10,화학,개별 테마 확인 필요,미통과,,,https://finance.naver.com/item/main.naver?code=268280
2026-08-20,207940,삼성바이오로직스,1.574e+06,728619,-8.91,12.64,80.87,1521500.00,3.45,X,+1.61,1482100.00,,49656,-20.72,제약,모더나(MODERNA) / 오가노이드 / 제약업체,통과,TIGER 바이오TOP10 / KODEX 바이오 / TIGER 헬스케어,"TIGER 바이오TOP10 (비중 25.27%, 20일선 +8.58%) / KODEX 바이오 (비중 2.59%, 20일선 +4.81%) / TIGER 헬스케어 (비중 11.90%, 20일선 +6.59%)",https://finance.naver.com/item/main.naver?code=207940
2026-08-20,005830,DB손해보험,177400,116197,-9.12,12.64,80.69,164955.00,7.54,X,+11.57,162789.17,,204903,-10.40,손해보험,손해보험 / 밸류업(25년 기업가치 제고계획 발표) / 코리아 밸류업 지수(Korea Value-up Index),통과,PLUS 고배당주 / TIME Korea플러스배당액티브 / KODEX 고배당주,"PLUS 고배당주 (비중 5.61%, 20일선 -0.54%) / TIME Korea플러스배당액티브 (비중 5.25%, 20일선 +3.06%) / KODEX 고배당주 (비중 8.24%, 20일선 -0.48%)",https://finance.naver.com/item/main.naver?code=005830
2026-08-20,011200,HMM,21200,199966,-9.59,12.64,80.26,21185.00,0.07,X,-0.70,20438.00,,1614250,+4.11,해운사,해운 / 밸류업(25년 기업가치 제고계획 발표) / 코리아 밸류업 지수(Korea Value-up Index),통과,HANARO Fn조선해운 / KODEX 운송 / RISE 수출주,"HANARO Fn조선해운 (비중 17.95%, 20일선 -0.42%) / KODEX 운송 (비중 15.68%, 20일선 +0.12%) / RISE 수출주 (비중 2.44%, 20일선 +3.58%)",https://finance.naver.com/item/main.naver?code=011200
2026-08-21,009150,삼성전기,1.316e+06,982969,182.10,9.60,257.38,1275750.00,3.16,X,-12.44,1139075.00,,834876,-17.88,전자장비와기기,S7(삼성전자/SK하이닉스 등) / 자율주행차 / 카메라모듈/부품,통과,KODEX 200 / TIGER 200 / KODEX 200TR,"KODEX 200 (비중 2.32%, 20일선 +7.70%) / TIGER 200 (비중 2.33%, 20일선 +7.74%) / KODEX 200TR (비중 2.31%, 20일선 +7.73%)",https://finance.naver.com/item/main.naver?code=009150
2026-08-21,010060,OCI홀딩스,265000,49476,82.38,9.60,166.40,241835.00,9.58,X,-4.68,244313.33,,427250,+31.29,화학,지주사 / 태양광에너지,통과,KODEX 신재생에너지액티브 / PLUS 태양광&ESS / TIGER Fn신재생에너지,"KODEX 신재생에너지액티브 (비중 7.34%, 20일선 +1.39%) / PLUS 태양광&ESS (비중 19.33%, 20일선 +3.14%) / TIGER Fn신재생에너지 (비중 11.11%, 20일선 +1.83%)",https://finance.naver.com/item/main.naver?code=010060
2026-08-21,402340,SK스퀘어,1.123e+06,1481506,65.39,9.60,150.90,1025200.00,9.54,X,+0.54,1015083.33,,649170,-39.10,반도체와반도체장비,S7(삼성전자/SK하이닉스 등) / 밸류업(24년 기업가치 제고계획 발표) / 지주사,통과,KODEX 200 / TIGER 200 / KODEX 200TR,"KODEX 200 (비중 2.84%, 20일선 +7.70%) / TIGER 200 (비중 2.84%, 20일선 +7.74%) / KODEX 200TR (비중 2.83%, 20일선 +7.73%)",https://finance.naver.com/item/main.naver?code=402340
2026-08-21,000660,SK하이닉스,1.73e+06,12637517,57.42,9.60,143.62,1573250.00,9.96,X,+8.60,1631925.00,,4494594,-23.81,반도체와반도체장비,IT 대표주 / S7(삼성전자/SK하이닉스 등) / 반도체 대표주(생산),통과,KODEX 200 / TIGER 200 / KODEX 200TR,"KODEX 200 (비중 24.95%, 20일선 +7.70%) / TIGER 200 (비중 24.98%, 20일선 +7.74%) / KODEX 200TR (비중 24.92%, 20일선 +7.73%)",https://finance.naver.com/item/main.naver?code=000660
2026-08-21,007340,DN오토모티브,44200,25861,57.02,9.60,143.26,45662.50,-3.20,X,-10.62,40262.50,,453411,+87.57,자동차부품,자동차부품 / 지주사,통과,ACE 라이프자산주주가치액티브,"ACE 라이프자산주주가치액티브 (비중 5.17%, 20일선 +4.41%)",https://finance.naver.com/item/main.naver?code=007340
2026-08-21,034730,SK,586000,424865,38.70,9.60,126.55,547175.00,7.10,X,+5.97,514462.50,,154634,-43.88,석유와가스,LNG(액화천연가스) / 냉각시스템(액침냉각 등) / SI(시스템통합),통과,TIGER 지주회사 / TIGER 200 에너지화학 / HK 베스트일레븐액티브,"TIGER 지주회사 (비중 11.95%, 20일선 +1.85%) / TIGER 200 에너지화학 (비중 22.05%, 20일선 +3.11%) / HK 베스트일레븐액티브 (비중 7.39%, 20일선 +9.82%)",https://finance.naver.com/item/main.naver?code=034730
2026-08-21,066570,LG전자,194500,316810,32.58,9.60,120.97,181415.00,7.21,X,-5.81,173397.50,,1300043,-19.84,전자제품,피지컬 AI/휴머노이드 로봇 / IT 대표주 / 제습기,통과,KODEX 로봇액티브 / RISE AI&로봇 / TIGER LG그룹플러스,"KODEX 로봇액티브 (비중 7.50%, 20일선 +3.90%) / RISE AI&로봇 (비중 5.34%, 20일선 +1.15%) / TIGER LG그룹플러스 (비중 13.84%, 20일선 +2.51%)",https://finance.naver.com/item/main.naver?code=066570
2026-08-21,483650,달바글로벌,216500,27049,25.95,9.60,114.91,237850.00,-8.98,X,-8.26,202548.33,,193940,+1.84,화장품,미용기기 / 화장품,미통과,,,https://finance.naver.com/item/main.naver?code=483650
2026-08-21,010950,S-Oil,141100,158854,24.10,9.60,113.23,136675.00,3.24,X,+0.14,119880.00,,338534,-19.30,석유와가스,정유 / 윤활유 / LPG(액화석유가스),통과,에셋플러스 코리아대장장이액티브 / KODEX 에너지화학 / TIGER 200 에너지화학,"에셋플러스 코리아대장장이액티브 (비중 4.94%, 20일선 +4.81%) / KODEX 에너지화학 (비중 8.49%, 20일선 +0.77%) / TIGER 200 에너지화학 (비중 6.62%, 20일선 +3.11%)",https://finance.naver.com/item/main.naver?code=010950
2026-08-21,278470,에이피알,385000,144136,21.45,9.60,110.81,366500.00,5.05,X,-3.63,375733.33,,260097,-7.64,화장품,패션/의류 / 미용기기 / 화장품,통과,HANARO K-뷰티 / KODEX 필수소비재 / KODEX 모멘텀Plus,"HANARO K-뷰티 (비중 15.98%, 20일선 +6.86%) / KODEX 필수소비재 (비중 17.62%, 20일선 +3.31%) / KODEX 모멘텀Plus (비중 4.11%, 20일선 +1.66%)",https://finance.naver.com/item/main.naver?code=278470
2026-08-21,000810,삼성화재,661000,295119,20.62,9.60,110.05,627400.00,5.36,X,+8.18,563537.50,,116738,-11.26,손해보험,손해보험 / 밸류업(25년 기업가치 제고계획 발표) / 코리아 밸류업 지수(Korea Value-up Index),통과,KODEX 금융고배당TOP10타겟위클리커버드콜 / TIGER KTOP30 / KODEX KTOP30,"KODEX 금융고배당TOP10타겟위클리커버드콜 (비중 9.52%, 20일선 -1.61%) / TIGER KTOP30 (비중 3.39%, 20일선 +7.71%) / KODEX KTOP30 (비중 3.39%, 20일선 +7.43%)",https://finance.naver.com/item/main.naver?code=000810
2026-08-21,018260,삼성에스디에스,228000,176421,19.18,9.60,108.74,221375.00,2.99,X,-3.80,194419.17,,267456,-25.26,IT서비스,IT 대표주 / SI(시스템통합) / 스마트팩토리(스마트공장),통과,TIGER 소프트웨어 / ACE 코리아AI테크핵심산업 / UNICORN 생성형AI강소기업액티브,"TIGER 소프트웨어 (비중 14.06%, 20일선 -0.35%) / ACE 코리아AI테크핵심산업 (비중 11.62%, 20일선 +4.85%) / UNICORN 생성형AI강소기업액티브 (비중 9.32%, 20일선 +4.79%)",https://finance.naver.com/item/main.naver?code=018260
2026-08-21,051900,LG생활건강,313000,46873,16.36,9.60,106.16,295500.00,5.92,X,+3.13,256025.00,,95483,+14.63,화장품,밸류업(24년 기업가치 제고계획 발표) / 여름 / 음식료업종,통과,TIGER 중국소비테마 / HANARO K-뷰티 / PLUS 중형주저변동50,"TIGER 중국소비테마 (비중 5.44%, 20일선 +3.33%) / HANARO K-뷰티 (비중 10.56%, 20일선 +6.86%) / PLUS 중형주저변동50 (비중 2.96%, 20일선 +0.04%)",https://finance.naver.com/item/main.naver?code=051900
2026-08-21,007070,GS리테일,25800,21570,14.92,9.60,104.85,26137.50,-1.29,X,-3.55,23841.92,,239114,+16.35,백화점과일반상점,편의점 / 홈쇼핑 / 소매유통,미통과,,,https://finance.naver.com/item/main.naver?code=007070
2026-08-21,021240,코웨이,95900,67865,14.03,9.60,104.04,94130.00,1.88,X,-1.34,86527.50,,166000,-20.07,가정용기기와용품,제습기 / 여름 / 밸류업(25년 기업가치 제고계획 발표),통과,KODEX 경기소비재 / RISE 우량업종대표주 / TIGER 200 경기소비재,"KODEX 경기소비재 (비중 13.19%, 20일선 -0.64%) / RISE 우량업종대표주 (비중 2.59%, 20일선 +1.07%) / TIGER 200 경기소비재 (비중 5.91%, 20일선 -0.34%)",https://finance.naver.com/item/main.naver?code=021240
2026-08-21,003230,삼양식품,1.366e+06,102900,11.97,9.60,102.16,1247000.00,9.54,X,+12.06,1203641.67,,68168,+13.41,식품,밸류업(25년 기업가치 제고계획 발표) / 음식료업종 / 코리아 밸류업 지수(Korea Value-up Index),통과,TIME Korea플러스배당액티브 / TIME 코스피액티브 / KODEX 필수소비재,"TIME Korea플러스배당액티브 (비중 5.79%, 20일선 +4.66%) / TIME 코스피액티브 (비중 4.35%, 20일선 +6.46%) / KODEX 필수소비재 (비중 8.64%, 20일선 +3.31%)",https://finance.naver.com/item/main.naver?code=003230
2026-08-21,028670,팬오션,5850,31272,10.38,9.60,100.71,5588.50,4.68,X,+3.91,5347.67,,3537504,+24.55,해운사,LNG(액화천연가스) / 해운,통과,KODEX 운송 / TIGER 우량가치,"KODEX 운송 (비중 11.38%, 20일선 +0.41%) / TIGER 우량가치 (비중 2.31%, 20일선 +1.81%)",https://finance.naver.com/item/main.naver?code=028670
2026-08-21,282330,BGF리테일,141400,24439,9.27,9.60,99.70,135520.00,4.34,X,-0.91,128405.00,,86409,-5.30,백화점과일반상점,편의점 / 밸류업(25년 기업가치 제고계획 발표) / 소매유통,미통과,,,https://finance.naver.com/item/main.naver?code=282330
2026-08-21,192080,더블유게임즈,59400,12577,8.99,9.60,99.44,60435.00,-1.71,X,-3.73,58694.17,,59413,-17.95,게임엔터테인먼트,코리아 밸류업 지수(Korea Value-up Index) / 게임 / 모바일게임(스마트폰),통과,ACE 주주환원가치주액티브 / RISE 게임테마 / TIGER K게임,"ACE 주주환원가치주액티브 (비중 9.02%, 20일선 -0.05%) / RISE 게임테마 (비중 11.00%, 20일선 -1.61%) / TIGER K게임 (비중 9.64%, 20일선 -2.56%)",https://finance.naver.com/item/main.naver?code=192080
2026-08-21,001800,오리온홀딩스,25500,15339,5.81,9.60,96.54,26127.50,-2.40,X,-3.23,25007.92,,79032,-33.04,식품,지주사,통과,KODEX 코리아배당성장 / TIGER 배당성장,"KODEX 코리아배당성장 (비중 3.69%, 20일선 -0.79%) / TIGER 배당성장 (비중 3.68%, 20일선 -0.52%)",https://finance.naver.com/item/main.naver?code=001800
2026-08-21,055550,신한지주,104100,488697,4.20,9.60,95.07,104075.00,0.02,X,-2.35,98698.33,,1093912,-18.31,은행,밸류업(24년 기업가치 제고계획 발표) / STO(토큰증권 발행) / 지주사,통과,KODEX Top5PlusTR / TIGER 은행고배당플러스TOP10 / SOL 금융지주플러스고배당,"KODEX Top5PlusTR (비중 7.22%, 20일선 +5.73%) / TIGER 은행고배당플러스TOP10 (비중 15.56%, 20일선 -1.44%) / SOL 금융지주플러스고배당 (비중 21.31%, 20일선 -1.96%)",https://finance.naver.com/item/main.naver?code=055550
2026-08-21,003550,LG,107700,162833,4.16,9.60,95.03,104985.00,2.59,X,-5.28,102408.33,,304490,-27.51,복합기업,밸류업(24년 기업가치 제고계획 발표) / 지주사 / 스마트팩토리(스마트공장),통과,TIGER 지주회사 / TIGER LG그룹플러스 / TIGER MKF배당귀족,"TIGER 지주회사 (비중 8.73%, 20일선 +1.85%) / TIGER LG그룹플러스 (비중 9.12%, 20일선 +2.51%) / TIGER MKF배당귀족 (비중 3.63%, 20일선 -0.38%)",https://finance.naver.com/item/main.naver?code=003550
2026-08-21,086790,하나금융지주,128800,353385,3.12,9.60,94.09,128395.00,0.32,X,-1.68,120817.50,,744332,-16.37,은행,밸류업(24년 기업가치 제고계획 발표) / STO(토큰증권 발행) / 토스(toss),통과,KODEX 금융고배당TOP10타겟위클리커버드콜 / TIGER 은행고배당플러스TOP10 / SOL 금융지주플러스고배당,"KODEX 금융고배당TOP10타겟위클리커버드콜 (비중 15.19%, 20일선 -1.61%) / TIGER 은행고배당플러스TOP10 (비중 16.14%, 20일선 -1.44%) / SOL 금융지주플러스고배당 (비중 20.16%, 20일선 -1.96%)",https://finance.naver.com/item/main.naver?code=086790
2026-08-21,073240,금호타이어,7250,20826,2.11,9.60,93.17,7130.00,1.68,X,-10.93,5877.25,,8381503,+11.58,자동차부품,타이어,통과,KODEX 200동일가중 / TIGER 200동일가중,"KODEX 200동일가중 (비중 0.94%, 20일선 +0.46%) / TIGER 200동일가중 (비중 0.94%, 20일선 +0.17%)",https://finance.naver.com/item/main.naver?code=073240
2026-08-21,004370,농심,432500,26307,-0.35,9.60,90.92,396350.00,9.12,X,+11.04,376700.00,,45080,+52.01,식품,환율하락 수혜 / 밸류업(25년 기업가치 제고계획 발표) / 음식료업종,통과,HANARO Fn K-푸드 / KODEX 퀄리티Plus,"HANARO Fn K-푸드 (비중 15.51%, 20일선 +2.68%) / KODEX 퀄리티Plus (비중 3.76%, 20일선 -0.90%)",https://finance.naver.com/item/main.naver?code=004370
2026-08-21,105560,KB금융,164300,582751,-0.60,9.60,90.69,168085.00,-2.25,X,-2.26,159594.17,,993758,-27.91,은행,밸류업(24년 기업가치 제고계획 발표) / STO(토큰증권 발행) / 지주사,통과,TIGER 코리아TOP10 / KODEX Top5PlusTR / RISE 코리아밸류업,"TIGER 코리아TOP10 (비중 6.03%, 20일선 +7.36%) / KODEX Top5PlusTR (비중 8.61%, 20일선 +5.73%) / RISE 코리아밸류업 (비중 4.26%, 20일선 +4.73%)",https://finance.naver.com/item/main.naver?code=105560
2026-08-21,268280,미원에스씨,131400,6570,-1.87,9.60,89.53,123080.00,6.76,X,-0.53,115583.33,,2723,-25.13,화학,개별 테마 확인 필요,미통과,,,https://finance.naver.com/item/main.naver?code=268280
2026-08-21,011200,HMM,21600,203739,-3.14,9.60,88.37,21215.00,1.81,X,+2.61,20422.58,,1673721,+8.11,해운사,해운 / 밸류업(25년 기업가치 제고계획 발표) / 코리아 밸류업 지수(Korea Value-up Index),통과,HANARO Fn조선해운 / KODEX 운송 / RISE 수출주,"HANARO Fn조선해운 (비중 17.95%, 20일선 -2.95%) / KODEX 운송 (비중 15.68%, 20일선 +0.41%) / RISE 수출주 (비중 2.44%, 20일선 +1.30%)",https://finance.naver.com/item/main.naver?code=011200
2026-08-21,096770,SK이노베이션,124800,210977,-4.00,9.60,87.59,119300.00,4.61,X,+2.55,117218.33,,691102,+0.32,석유와가스,정유 / 2차전지(생산) / 윤활유,통과,TIGER 2차전지테마 / RISE 2차전지TOP10 / KODEX 에너지화학,"TIGER 2차전지테마 (비중 9.28%, 20일선 +1.96%) / RISE 2차전지TOP10 (비중 12.82%, 20일선 +2.33%) / KODEX 에너지화학 (비중 13.10%, 20일선 +0.77%)",https://finance.naver.com/item/main.naver?code=096770
2026-08-21,009420,한올바이오파마,56500,29515,-7.53,9.60,84.37,52537.50,7.54,X,-6.46,53035.00,,351320,-23.55,제약,바이오시밀러(복제 바이오의약품) / 제약업체,통과,HANARO 바이오코리아액티브,"HANARO 바이오코리아액티브 (비중 7.60%, 20일선 -0.48%)",https://finance.naver.com/item/main.naver?code=009420
2026-08-21,090430,아모레퍼시픽,138000,80720,-11.88,9.60,80.40,131885.00,4.64,X,+2.60,125762.50,,290470,-16.34,화장품,밸류업(24년 기업가치 제고계획 발표) / 코리아 밸류업 지수(Korea Value-up Index) / 마이크로바이옴,통과,TIGER 중국소비테마 / HANARO K-뷰티 / KODEX 필수소비재,"TIGER 중국소비테마 (비중 5.12%, 20일선 +3.33%) / HANARO K-뷰티 (비중 14.93%, 20일선 +6.86%) / KODEX 필수소비재 (비중 7.55%, 20일선 +3.31%)",https://finance.naver.com/item/main.naver?code=090430
2026-08-21,138040,메리츠금융지주,115400,193118,-12.04,9.60,80.25,120475.00,-4.21,X,-2.70,113159.17,,238626,-17.28,증권,밸류업(24년 기업가치 제고계획 발표) / 지주사 / 밸류업(25년 기업가치 제고계획 발표),통과,TIME Korea플러스배당액티브 / RISE V&S셀렉트밸류,"TIME Korea플러스배당액티브 (비중 4.17%, 20일선 +4.66%) / RISE V&S셀렉트밸류 (비중 5.11%, 20일선 +3.99%)",https://finance.naver.com/item/main.naver?code=138040
2026-08-21,006040,동원산업,37750,16663,-12.11,9.60,80.19,36470.00,3.51,X,+2.30,36493.75,,54589,-9.45,식품,밸류업(24년 기업가치 제고계획 발표) / 지주사 / 부동산 보유 자산주,통과,KODEX 밸류Plus / HANARO 농업융복합산업,"KODEX 밸류Plus (비중 3.41%, 20일선 -0.54%) / HANARO 농업융복합산업 (비중 15.82%, 20일선 -1.90%)",https://finance.naver.com/item/main.naver?code=006040
2026-08-21,207940,삼성바이오로직스,1.551e+06,717972,-12.17,9.60,80.13,1530100.00,1.37,X,-0.83,1480625.00,,49253,-21.36,제약,모더나(MODERNA) / 오가노이드 / 제약업체,통과,TIGER 바이오TOP10 / KODEX 바이오 / TIGER 헬스케어,"TIGER 바이오TOP10 (비중 25.27%, 20일선 +4.55%) / KODEX 바이오 (비중 2.59%, 20일선 -0.56%) / TIGER 헬스케어 (비중 11.90%, 20일선 +1.61%)",https://finance.naver.com/item/main.naver?code=207940
2026-08-24,009150,삼성전기,1.318e+06,984462,193.87,7.25,274.00,1275350.00,3.34,X,-15.40,1146170.83,1160929,795571,-31.47,전자장비와기기,S7(삼성전자/SK하이닉스 등) / 자율주행차 / 카메라모듈/부품,3개통과,"KODEX 200 · 편입상위
TIGER 200 · 편입상위
KODEX 200TR · 편입상위","KODEX 200 (편입상위, 비중 1.98%, 20일선 +3.81%)
TIGER 200 (편입상위, 비중 1.99%, 20일선 +3.82%)
KODEX 200TR (편입상위, 비중 1.98%, 20일선 +3.83%)",https://finance.naver.com/item/main.naver?code=009150
2026-08-24,009155,삼성전기우,462000,984462,145.09,7.25,228.52,448225.00,3.07,X,-16.61,417495.00,96977,46708,-51.84,전자장비와기기,개별 테마 확인 필요,1개통과,TIGER 우선주 · 편입상위,"TIGER 우선주 (편입상위, 비중 6.67%, 20일선 +2.02%)",https://finance.naver.com/item/main.naver?code=009155
2026-08-24,000500,가온전선,157500,46899,139.19,7.25,223.01,152655.00,3.17,X,-5.75,149134.77,274862,123341,-55.13,전기장비,전선 / 전력설비,3개통과,"KODEX AI전력핵심설비 · 편입상위
HANARO 전력설비투자 · 편입상위
TIGER 코스피중형주 · 편입상위","KODEX AI전력핵심설비 (편입상위, 비중 2.45%, 20일선 -0.57%)
HANARO 전력설비투자 (편입상위, 비중 2.37%, 20일선 -0.36%)
TIGER 코스피중형주 (편입상위, 비중 1.40%, 20일선 +2.75%)",https://finance.naver.com/item/main.naver?code=000500
2026-08-24,006345,대원전선우,9870,10099,109.55,7.25,195.38,10098.50,-2.26,O,-3.71,9602.58,526970,89449,-83.03,전기장비,개별 테마 확인 필요,0개통과,,,https://finance.naver.com/item/main.naver?code=006345
2026-08-24,006340,대원전선,12880,10099,89.69,7.25,176.86,13836.00,-6.91,X,-12.44,10504.58,12797275,9297695,-27.35,전기장비,철도 / 전선 / 전력설비,2개통과,"KODEX AI전력핵심설비 · 편입상위
HANARO 전력설비투자 · 편입상위","KODEX AI전력핵심설비 (편입상위, 비중 1.99%, 20일선 -0.57%)
HANARO 전력설비투자 (편입상위, 비중 1.92%, 20일선 -0.36%)",https://finance.naver.com/item/main.naver?code=006340
2026-08-24,475150,SK이터닉스,53200,18123,84.72,7.25,172.23,52467.50,1.40,X,-8.75,48823.33,5764882,3897090,-32.40,에너지장비및서비스,전력저장장치(ESS) / 태양광에너지 / 풍력에너지,2개통과,"KODEX 신재생에너지액티브 · 편입상위
PLUS 태양광&ESS · 편입상위","KODEX 신재생에너지액티브 (편입상위, 비중 6.54%, 20일선 +4.57%)
PLUS 태양광&ESS (편입상위, 비중 6.75%, 20일선 +5.71%)",https://finance.naver.com/item/main.naver?code=475150
2026-08-24,007340,DN오토모티브,47800,27968,75.74,7.25,163.85,46107.50,3.67,X,-18.85,40426.25,203537,470017,+130.92,자동차부품,자동차부품 / 지주사,2개통과,"KODEX 자동차 · 편입상위
ACE 라이프자산주주가치액티브 · 편입상위","KODEX 자동차 (편입상위, 비중 2.32%, 20일선 +0.62%)
ACE 라이프자산주주가치액티브 (편입상위, 비중 4.59%, 20일선 +4.57%)",https://finance.naver.com/item/main.naver?code=007340
2026-08-24,402340,SK스퀘어,1.076e+06,1419502,66.82,7.25,155.54,1023550.00,5.12,X,-6.76,1018391.67,1076623,630514,-41.44,반도체와반도체장비,S7(삼성전자/SK하이닉스 등) / 밸류업(24년 기업가치 제고계획 발표) / 지주사,3개통과,"KODEX 200 · 편입상위
TIGER 200 · 편입상위
TIGER 반도체TOP10 · 편입상위","KODEX 200 (편입상위, 비중 2.79%, 20일선 +3.81%)
TIGER 200 (편입상위, 비중 2.79%, 20일선 +3.82%)
TIGER 반도체TOP10 (편입상위, 비중 20.82%, 20일선 +5.55%)",https://finance.naver.com/item/main.naver?code=402340
2026-08-24,000660,SK하이닉스,1.671e+06,12206527,57.49,7.25,146.84,1568850.00,6.51,X,+1.58,1636691.67,5985718,4396404,-26.55,반도체와반도체장비,IT 대표주 / S7(삼성전자/SK하이닉스 등) / 반도체 대표주(생산),3개통과,"KODEX 200 · 편입상위
TIGER 200 · 편입상위
TIGER 반도체TOP10 · 편입상위","KODEX 200 (편입상위, 비중 26.47%, 20일선 +3.81%)
TIGER 200 (편입상위, 비중 26.51%, 20일선 +3.82%)
TIGER 반도체TOP10 (편입상위, 비중 25.15%, 20일선 +5.55%)",https://finance.naver.com/item/main.naver?code=000660
2026-08-24,006360,GS건설,33900,29012,51.34,7.25,141.11,30932.50,9.59,X,-4.10,30104.42,2507387,2748889,+9.63,건설,모듈러주택 / 전후 재건(우크라/중동 전쟁 등) / GTX(수도권 광역급행철도),2개통과,"KODEX 건설 · 편입상위
TIGER LG그룹플러스 · 편입상위","KODEX 건설 (편입상위, 비중 8.29%, 20일선 -0.39%)
TIGER LG그룹플러스 (편입상위, 비중 7.49%, 20일선 +4.82%)",https://finance.naver.com/item/main.naver?code=006360
2026-08-24,483650,달바글로벌,232500,29048,37.17,7.25,127.89,237450.00,-2.08,X,+1.75,203053.33,195733,197917,+1.12,화장품,미용기기 / 화장품,1개통과,"TIGER 화장품 · 편입상위
HANARO K-뷰티 · 편입상위
TIGER 200 생활소비재 · 편입상위","TIGER 화장품 (편입상위, 비중 8.21%, 20일선 +14.33%)
HANARO K-뷰티 (편입상위, 비중 7.15%, 20일선 +10.51%)
TIGER 200 생활소비재 (편입상위, 비중 3.13%, 20일선 +2.61%)",https://finance.naver.com/item/main.naver?code=483650
2026-08-24,066570,LG전자,199800,325443,37.13,7.25,127.86,182945.00,9.21,X,-7.07,173840.00,2338059,1219193,-47.85,전자제품,피지컬 AI/휴머노이드 로봇 / IT 대표주 / 제습기,3개통과,"TIGER 200 IT · 편입상위
KODEX 로봇액티브 · 편입상위
TIGER 200IT레버리지 · 편입상위","TIGER 200 IT (편입상위, 비중 3.76%, 20일선 +5.55%)
KODEX 로봇액티브 (편입상위, 비중 7.38%, 20일선 +2.00%)
TIGER 200IT레버리지 (편입상위, 비중 7.59%, 20일선 +6.71%)",https://finance.naver.com/item/main.naver?code=066570
2026-08-24,034730,SK,549000,398039,36.91,7.25,127.65,543125.00,1.08,X,-6.15,515516.67,280956,157909,-43.80,석유와가스,LNG(액화천연가스) / 냉각시스템(액침냉각 등) / SI(시스템통합),3개통과,"TIME Korea플러스배당액티브 · 편입상위
TIGER 지주회사 · 편입상위
TIME 코리아밸류업액티브 · 편입상위","TIME Korea플러스배당액티브 (편입상위, 비중 3.32%, 20일선 +1.93%)
TIGER 지주회사 (편입상위, 비중 8.76%, 20일선 +2.59%)
TIME 코리아밸류업액티브 (편입상위, 비중 2.40%, 20일선 +2.11%)",https://finance.naver.com/item/main.naver?code=034730
2026-08-24,089860,롯데렌탈,46200,16774,36.89,7.25,127.63,42027.50,9.93,X,+2.67,33685.00,92877,246838,+165.77,도로와철도운송,밸류업(24년 기업가치 제고계획 발표) / 렌터카 / 코리아 밸류업 지수(Korea Value-up Index),3개통과,"PLUS 고배당저변동50 · 편입상위
KODEX 운송 · 편입상위
TIGER 로우볼 · 편입상위","PLUS 고배당저변동50 (편입상위, 비중 3.06%, 20일선 +1.63%)
KODEX 운송 (편입상위, 비중 5.40%, 20일선 +3.19%)
TIGER 로우볼 (편입상위, 비중 3.27%, 20일선 +1.72%)",https://finance.naver.com/item/main.naver?code=089860
2026-08-24,002995,금호건설우,20650,5536,36.03,7.25,126.84,20010.50,3.20,X,-8.83,18108.08,32612,41244,+26.47,건설,개별 테마 확인 필요,0개통과,,,https://finance.naver.com/item/main.naver?code=002995
2026-08-24,005935,삼성전자우,189300,15024936,31.64,7.25,122.74,179255.00,5.60,X,-3.22,172850.83,4760781,4546515,-4.50,반도체와반도체장비,S7(삼성전자/SK하이닉스 등),3개통과,"TIGER MSCI Korea TR · 편입상위
TIGER 배당커버드콜액티브 · 편입상위
KODEX MSCI Korea TR · 편입상위","TIGER MSCI Korea TR (편입상위, 비중 4.57%, 20일선 +4.30%)
TIGER 배당커버드콜액티브 (편입상위, 비중 4.91%, 20일선 +4.22%)
KODEX MSCI Korea TR (편입상위, 비중 4.56%, 20일선 +4.06%)",https://finance.naver.com/item/main.naver?code=005935
2026-08-24,010950,S-Oil,141200,158966,28.36,7.25,119.68,136175.00,3.69,X,-4.34,120109.17,434295,298062,-31.37,석유와가스,정유 / 윤활유 / LPG(액화석유가스),3개통과,"에셋플러스 코리아대장장이액티브 · 편입상위
FOCUS AI코리아액티브 · 편입상위
TIGER 모멘텀 · 편입상위","에셋플러스 코리아대장장이액티브 (편입상위, 비중 5.08%, 20일선 +4.85%)
FOCUS AI코리아액티브 (편입상위, 비중 4.54%, 20일선 +2.69%)
TIGER 모멘텀 (편입상위, 비중 3.63%, 20일선 +0.46%)",https://finance.naver.com/item/main.naver?code=010950
2026-08-24,007070,GS리테일,27000,22574,22.73,7.25,114.43,26200.00,3.05,X,-2.53,23879.83,206043,189585,-7.99,백화점과일반상점,편의점 / 홈쇼핑 / 소매유통,2개통과,"TIGER LG그룹플러스 · 편입상위
TRUSTON 코리아밸류업액티브 · 편입상위","TIGER LG그룹플러스 (편입상위, 비중 3.31%, 20일선 +4.82%)
TRUSTON 코리아밸류업액티브 (편입상위, 비중 2.90%, 20일선 +1.95%)",https://finance.naver.com/item/main.naver?code=007070
2026-08-24,010955,S-Oil우,67000,158966,21.82,7.25,113.58,65170.00,2.81,X,-4.29,58452.50,20985,16696,-20.44,석유와가스,개별 테마 확인 필요,0개통과,,,https://finance.naver.com/item/main.naver?code=010955
2026-08-24,453340,현대그린푸드,19140,6215,20.08,7.25,111.96,18519.50,3.35,X,+3.01,17119.83,50915,42728,-16.08,식품,밸류업(24년 기업가치 제고계획 발표) / 음식료업종,0개통과,,,https://finance.naver.com/item/main.naver?code=453340
2026-08-24,000810,삼성화재,636000,283957,20.00,7.25,111.89,627000.00,1.44,X,+3.41,564270.83,154734,116164,-24.93,손해보험,손해보험 / 밸류업(25년 기업가치 제고계획 발표) / 코리아 밸류업 지수(Korea Value-up Index),3개통과,"KODEX 삼성그룹 · 편입상위
KODEX 금융고배당TOP10타겟위클리커버드콜 · 편입상위
TIGER 은행고배당플러스TOP10 · 편입상위","KODEX 삼성그룹 (편입상위, 비중 5.99%, 20일선 +3.17%)
KODEX 금융고배당TOP10타겟위클리커버드콜 (편입상위, 비중 10.52%, 20일선 -1.44%)
TIGER 은행고배당플러스TOP10 (편입상위, 비중 4.81%, 20일선 -1.94%)",https://finance.naver.com/item/main.naver?code=000810
2026-08-24,021240,코웨이,97500,68998,19.05,7.25,111.00,94415.00,3.27,X,-0.71,86639.17,229586,163989,-28.57,가정용기기와용품,제습기 / 여름 / 밸류업(25년 기업가치 제고계획 발표),3개통과,"BNK 주주가치액티브 · 편입상위
KIWOOM 블루칩 · 편입상위
KODEX 경기소비재 · 편입상위","BNK 주주가치액티브 (편입상위, 비중 2.64%, 20일선 +1.92%)
KIWOOM 블루칩 (편입상위, 비중 2.79%, 20일선 +2.60%)
KODEX 경기소비재 (편입상위, 비중 13.42%, 20일선 +1.77%)",https://finance.naver.com/item/main.naver?code=021240
2026-08-24,005930,삼성전자,257000,15024936,18.71,7.25,110.68,246600.00,4.22,X,-6.38,254295.83,31419147,25748864,-18.05,반도체와반도체장비,피지컬 AI/휴머노이드 로봇 / IT 대표주 / S7(삼성전자/SK하이닉스 등),3개통과,"KODEX 200 · 편입상위
TIGER 200 · 편입상위
TIGER 반도체TOP10 · 편입상위","KODEX 200 (편입상위, 비중 35.37%, 20일선 +3.81%)
TIGER 200 (편입상위, 비중 35.40%, 20일선 +3.82%)
TIGER 반도체TOP10 (편입상위, 비중 31.53%, 20일선 +5.55%)",https://finance.naver.com/item/main.naver?code=005930
2026-08-24,051900,LG생활건강,316000,47322,18.35,7.25,110.35,298875.00,5.73,X,+2.76,256416.67,84903,82233,-3.14,화장품,밸류업(24년 기업가치 제고계획 발표) / 여름 / 음식료업종,2개통과,"TIGER 화장품 · 편입상위
TIGER LG그룹플러스 · 편입상위
TIGER 중국소비테마 · 편입상위","TIGER 화장품 (편입상위, 비중 9.58%, 20일선 +14.33%)
TIGER LG그룹플러스 (편입상위, 비중 4.81%, 20일선 +4.82%)
TIGER 중국소비테마 (편입상위, 비중 5.63%, 20일선 +5.48%)",https://finance.naver.com/item/main.naver?code=051900
2026-08-24,018260,삼성에스디에스,228000,176421,16.92,7.25,109.02,222300.00,2.56,X,-6.37,194725.00,567242,248021,-56.28,IT서비스,IT 대표주 / SI(시스템통합) / 스마트팩토리(스마트공장),3개통과,"KODEX 삼성그룹 · 편입상위
TIGER 200 IT · 편입상위
SOL 코리아메가테크액티브 · 편입상위","KODEX 삼성그룹 (편입상위, 비중 2.66%, 20일선 +3.17%)
TIGER 200 IT (편입상위, 비중 1.56%, 20일선 +5.55%)
SOL 코리아메가테크액티브 (편입상위, 비중 3.59%, 20일선 +2.70%)",https://finance.naver.com/item/main.naver?code=018260
2026-08-24,282330,BGF리테일,145900,25217,16.91,7.25,109.00,136645.00,6.77,X,+0.48,128542.50,87898,69819,-20.57,백화점과일반상점,편의점 / 밸류업(25년 기업가치 제고계획 발표) / 소매유통,2개통과,"RISE K엔터&여행레저 · 편입상위
TIGER 우량가치 · 편입상위","RISE K엔터&여행레저 (편입상위, 비중 4.85%, 20일선 -3.94%)
TIGER 우량가치 (편입상위, 비중 2.28%, 20일선 +1.78%)",https://finance.naver.com/item/main.naver?code=282330
2026-08-24,192080,더블유게임즈,58800,12449,10.94,7.25,103.44,60335.00,-2.54,X,-4.55,58730.00,79618,58415,-26.63,게임엔터테인먼트,코리아 밸류업 지수(Korea Value-up Index) / 게임 / 모바일게임(스마트폰),3개통과,"ACE 주주환원가치주액티브 · 편입상위
KODEX 게임산업 · 편입상위
TIGER 게임TOP10 · 편입상위","ACE 주주환원가치주액티브 (편입상위, 비중 9.01%, 20일선 +1.03%)
KODEX 게임산업 (편입상위, 비중 5.82%, 20일선 -3.35%)
TIGER 게임TOP10 (편입상위, 비중 3.66%, 20일선 -1.85%)",https://finance.naver.com/item/main.naver?code=192080
2026-08-24,078935,GS우,62500,106458,10.62,7.25,103.14,59465.00,5.10,X,-1.73,55412.50,8336,9158,+9.86,석유와가스,개별 테마 확인 필요,0개통과,,,https://finance.naver.com/item/main.naver?code=078935
2026-08-24,082640,동양생명,8250,12875,8.84,7.25,101.48,8226.50,0.29,O,+0.00,8033.92,129824,0,-100.00,생명보험,생명보험,0개통과,,,https://finance.naver.com/item/main.naver?code=082640
2026-08-24,001800,오리온홀딩스,25650,15430,7.55,7.25,100.28,26122.50,-1.81,X,-4.29,25020.83,124877,76717,-38.57,식품,지주사,2개통과,"KODEX 코리아배당성장 · 편입상위
TIGER 배당성장 · 편입상위","KODEX 코리아배당성장 (편입상위, 비중 3.66%, 20일선 -0.72%)
TIGER 배당성장 (편입상위, 비중 3.66%, 20일선 -0.21%)",https://finance.naver.com/item/main.naver?code=001800
2026-08-24,011200,HMM,22850,215529,7.03,7.25,99.79,21275.00,7.40,X,+7.53,20427.17,1540721,1837907,+19.29,해운사,해운 / 밸류업(25년 기업가치 제고계획 발표) / 코리아 밸류업 지수(Korea Value-up Index),3개통과,"HANARO Fn조선해운 · 편입상위
KODEX 친환경조선해운액티브 · 편입상위
KIWOOM 블루칩 · 편입상위","HANARO Fn조선해운 (편입상위, 비중 19.39%, 20일선 -0.86%)
KODEX 친환경조선해운액티브 (편입상위, 비중 6.46%, 20일선 -0.20%)
KIWOOM 블루칩 (편입상위, 비중 3.05%, 20일선 +2.60%)",https://finance.naver.com/item/main.naver?code=011200
2026-08-24,003300,한일홀딩스,18180,5605,6.94,7.25,99.71,17500.00,3.89,X,+5.57,17171.58,19944,18089,-9.30,건축자재,지주사,0개통과,,,https://finance.naver.com/item/main.naver?code=003300
2026-08-24,055550,신한지주,103300,484942,6.60,7.25,99.40,104020.00,-0.69,X,-3.82,98726.67,1469830,1054701,-28.24,은행,밸류업(24년 기업가치 제고계획 발표) / STO(토큰증권 발행) / 지주사,3개통과,"KODEX 200 · 편입상위
TIGER 200 · 편입상위
KODEX 200TR · 편입상위","KODEX 200 (편입상위, 비중 1.14%, 20일선 +3.81%)
TIGER 200 (편입상위, 비중 1.16%, 20일선 +3.82%)
KODEX 200TR (편입상위, 비중 1.14%, 20일선 +3.83%)",https://finance.naver.com/item/main.naver?code=055550
2026-08-24,033780,KT&G,173200,179799,6.19,7.25,99.01,178640.00,-3.05,X,-1.59,172611.67,317399,287642,-9.38,담배,밸류업(24년 기업가치 제고계획 발표) / 코리아 밸류업 지수(Korea Value-up Index) / 건강기능식품,3개통과,"TIGER 경기방어 · 편입상위
KODEX 필수소비재 · 편입상위
KODEX 모멘텀Plus · 편입상위","TIGER 경기방어 (편입상위, 비중 9.26%, 20일선 +4.12%)
KODEX 필수소비재 (편입상위, 비중 21.18%, 20일선 +6.12%)
KODEX 모멘텀Plus (편입상위, 비중 4.43%, 20일선 +2.90%)",https://finance.naver.com/item/main.naver?code=033780
2026-08-24,088350,한화생명,5240,45510,5.75,7.25,98.60,4767.75,9.91,X,-6.93,4821.88,4797572,5862831,+22.20,생명보험,생명보험 / 인터넷은행 / 야놀자(Yanolja),2개통과,"KODEX 보험 · 편입상위
TIGER 코스피중형주 · 편입상위","KODEX 보험 (편입상위, 비중 8.95%, 20일선 +6.24%)
TIGER 코스피중형주 (편입상위, 비중 1.42%, 20일선 +2.75%)",https://finance.naver.com/item/main.naver?code=088350
2026-08-24,086790,하나금융지주,128700,353111,5.67,7.25,98.52,128210.00,0.38,X,-3.23,120849.17,926740,729320,-21.30,은행,밸류업(24년 기업가치 제고계획 발표) / STO(토큰증권 발행) / 토스(toss),3개통과,"KODEX 200 · 편입상위
TIGER 200 · 편입상위
KODEX 200TR · 편입상위","KODEX 200 (편입상위, 비중 0.86%, 20일선 +3.81%)
TIGER 200 (편입상위, 비중 0.87%, 20일선 +3.82%)
KODEX 200TR (편입상위, 비중 0.86%, 20일선 +3.83%)",https://finance.naver.com/item/main.naver?code=086790
2026-08-24,003550,LG,113500,171602,5.39,7.25,98.26,105765.00,7.31,X,-5.42,102492.50,694897,307053,-55.81,복합기업,밸류업(24년 기업가치 제고계획 발표) / 지주사 / 스마트팩토리(스마트공장),3개통과,"TIGER 200 IT · 편입상위
TIGER 200IT레버리지 · 편입상위
TIGER 지주회사 · 편입상위","TIGER 200 IT (편입상위, 비중 1.73%, 20일선 +5.55%)
TIGER 200IT레버리지 (편입상위, 비중 3.49%, 20일선 +6.71%)
TIGER 지주회사 (편입상위, 비중 7.82%, 20일선 +2.59%)",https://finance.naver.com/item/main.naver?code=003550
2026-08-24,001530,DI동일,25200,5220,4.78,7.25,97.70,24240.00,3.96,O,-1.18,24113.50,45529,20656,-54.63,"섬유,의류,신발,호화품",여름 / 밸류업(25년 기업가치 제고계획 발표) / 2차전지,0개통과,,,https://finance.naver.com/item/main.naver?code=001530
2026-08-24,093050,LF,23500,6871,4.21,7.25,97.17,22427.50,4.78,X,+2.62,23048.33,33584,28542,-15.01,"섬유,의류,신발,호화품",패션/의류,0개통과,,,https://finance.naver.com/item/main.naver?code=093050
2026-08-24,028260,삼성물산,364500,591100,3.99,7.25,96.96,343350.00,6.16,X,-1.22,360929.17,661634,406311,-38.59,복합기업,S7(삼성전자/SK하이닉스 등) / 모듈러주택 / 자원개발,3개통과,"KODEX 200 · 편입상위
TIGER 200 · 편입상위
KODEX 200TR · 편입상위","KODEX 200 (편입상위, 비중 1.03%, 20일선 +3.81%)
TIGER 200 (편입상위, 비중 1.03%, 20일선 +3.82%)
KODEX 200TR (편입상위, 비중 1.03%, 20일선 +3.83%)",https://finance.naver.com/item/main.naver?code=028260
2026-08-24,003690,코리안리,14380,25412,3.30,7.25,96.32,14290.50,0.63,X,-5.95,13214.08,438166,305391,-30.30,손해보험,생명보험 / 손해보험,3개통과,"KODEX 고배당주 · 편입상위
ACE 라이프자산주주가치액티브 · 편입상위
KODEX 보험 · 편입상위","KODEX 고배당주 (편입상위, 비중 4.26%, 20일선 +0.18%)
ACE 라이프자산주주가치액티브 (편입상위, 비중 3.19%, 20일선 +4.57%)
KODEX 보험 (편입상위, 비중 9.68%, 20일선 +6.24%)",https://finance.naver.com/item/main.naver?code=003690
2026-08-24,066575,LG전자우,68900,325443,3.30,7.25,96.31,64900.00,6.16,X,-7.89,65954.17,303003,90771,-70.04,전자제품,개별 테마 확인 필요,1개통과,TIGER 우선주 · 편입상위,"TIGER 우선주 (편입상위, 비중 5.79%, 20일선 +2.02%)",https://finance.naver.com/item/main.naver?code=066575
2026-08-24,073240,금호타이어,7190,20654,3.01,7.25,96.04,7183.00,0.10,X,-11.67,5878.00,6622695,7584103,+14.52,자동차부품,타이어,3개통과,"KODEX 자동차 · 편입상위
KODEX 200동일가중 · 편입상위
TIGER 200동일가중 · 편입상위","KODEX 자동차 (편입상위, 비중 2.08%, 20일선 +0.62%)
KODEX 200동일가중 (편입상위, 비중 0.87%, 20일선 +2.54%)
TIGER 200동일가중 (편입상위, 비중 0.87%, 20일선 +2.68%)",https://finance.naver.com/item/main.naver?code=073240
2026-08-24,105560,KB금융,163100,578495,2.58,7.25,95.64,167665.00,-2.72,X,-3.20,159575.83,1488872,978060,-34.31,은행,밸류업(24년 기업가치 제고계획 발표) / STO(토큰증권 발행) / 지주사,3개통과,"KODEX 200 · 편입상위
TIGER 200 · 편입상위
KODEX 200TR · 편입상위","KODEX 200 (편입상위, 비중 1.35%, 20일선 +3.81%)
TIGER 200 (편입상위, 비중 1.35%, 20일선 +3.82%)
KODEX 200TR (편입상위, 비중 1.35%, 20일선 +3.83%)",https://finance.naver.com/item/main.naver?code=105560
2026-08-24,096770,SK이노베이션,130100,219937,1.88,7.25,94.99,119300.00,9.05,X,+1.09,117219.17,676828,639030,-5.58,석유와가스,정유 / 2차전지(생산) / 윤활유,2개통과,"KODEX 2차전지산업 · 편입상위
TIGER 2차전지테마 · 편입상위
KODEX 2차전지산업레버리지 · 편입상위","KODEX 2차전지산업 (편입상위, 비중 6.41%, 20일선 +7.46%)
TIGER 2차전지테마 (편입상위, 비중 10.05%, 20일선 +8.11%)
KODEX 2차전지산업레버리지 (편입상위, 비중 2.98%, 20일선 +13.74%)",https://finance.naver.com/item/main.naver?code=096770
2026-08-24,268280,미원에스씨,132900,6645,1.30,7.25,94.45,123725.00,7.42,X,+0.30,115575.00,3511,2877,-18.08,화학,개별 테마 확인 필요,2개통과,"KODEX 200동일가중 · 편입상위
TIGER 200동일가중 · 편입상위","KODEX 200동일가중 (편입상위, 비중 0.67%, 20일선 +2.54%)
TIGER 200동일가중 (편입상위, 비중 0.68%, 20일선 +2.68%)",https://finance.naver.com/item/main.naver?code=268280
2026-08-24,002960,한국쉘석유,507000,6591,-0.20,7.25,93.05,505950.00,0.21,X,-2.31,499941.67,2028,1499,-26.08,화학,윤활유,2개통과,"KIWOOM 코리아고배당 · 편입상위
PLUS 고배당저변동50 · 편입상위","KIWOOM 코리아고배당 (편입상위, 비중 6.76%, 20일선 +0.09%)
PLUS 고배당저변동50 (편입상위, 비중 2.81%, 20일선 +1.63%)",https://finance.naver.com/item/main.naver?code=002960
2026-08-24,005830,DB손해보험,180500,118228,-1.42,7.25,91.91,166205.00,8.60,X,+2.09,162435.83,244001,225338,-7.65,손해보험,손해보험 / 밸류업(25년 기업가치 제고계획 발표) / 코리아 밸류업 지수(Korea Value-up Index),3개통과,"PLUS 고배당주 · 편입상위
KODEX 금융고배당TOP10타겟위클리커버드콜 · 편입상위
TIME Korea플러스배당액티브 · 편입상위","PLUS 고배당주 (편입상위, 비중 6.05%, 20일선 +0.10%)
KODEX 금융고배당TOP10타겟위클리커버드콜 (편입상위, 비중 6.99%, 20일선 -1.44%)
TIME Korea플러스배당액티브 (편입상위, 비중 5.04%, 20일선 +1.93%)",https://finance.naver.com/item/main.naver?code=005830
2026-08-24,000815,삼성화재우,405000,283957,-1.58,7.25,91.77,397450.00,1.90,X,+0.25,391191.67,16500,11638,-29.47,손해보험,개별 테마 확인 필요,1개통과,TIGER 우선주 · 편입상위,"TIGER 우선주 (편입상위, 비중 5.70%, 20일선 +2.02%)",https://finance.naver.com/item/main.naver?code=000815
2026-08-24,012330,현대모비스,498500,452301,-3.58,7.25,89.90,491875.00,1.35,X,-8.87,497883.33,536887,241792,-54.96,자동차부품,자동차 대표주 / 스마트카(SMART CAR) / 피지컬 AI/휴머노이드 로봇,3개통과,"KODEX 로봇액티브 · 편입상위
KODEX Top5PlusTR · 편입상위
RISE 코리아밸류업 · 편입상위","KODEX 로봇액티브 (편입상위, 비중 7.88%, 20일선 +2.00%)
KODEX Top5PlusTR (편입상위, 비중 5.32%, 20일선 +2.95%)
RISE 코리아밸류업 (편입상위, 비중 2.56%, 20일선 +2.87%)",https://finance.naver.com/item/main.naver?code=012330
2026-08-24,026960,동서,26250,26171,-4.37,7.25,89.16,25947.50,1.17,X,-0.19,25745.42,93840,55899,-40.43,식품,음식료업종 / 코리아 밸류업 지수(Korea Value-up Index),1개통과,RISE 중소형고배당 · 편입상위,"RISE 중소형고배당 (편입상위, 비중 3.92%, 20일선 +1.04%)",https://finance.naver.com/item/main.naver?code=026960
2026-08-24,079160,CJ CGV,5260,8709,-5.05,7.25,88.53,5251.25,0.17,X,-3.31,4796.71,503004,777936,+54.66,방송과엔터테인먼트,영화,0개통과,,,https://finance.naver.com/item/main.naver?code=079160
2026-08-24,192400,쿠쿠홀딩스,28100,9992,-5.39,7.25,88.22,26662.50,5.39,X,+6.64,26922.50,21962,28631,+30.37,가정용기기와용품,지주사,2개통과,"TIGER 코스피고배당 · 편입상위
ACE 주주환원가치주액티브 · 편입상위","TIGER 코스피고배당 (편입상위, 비중 2.90%, 20일선 +1.33%)
ACE 주주환원가치주액티브 (편입상위, 비중 6.48%, 20일선 +1.03%)",https://finance.naver.com/item/main.naver?code=192400
2026-08-24,294870,IPARK현대산업개발,21900,14433,-5.40,7.25,88.20,21412.00,2.28,X,-0.90,21046.08,213739,179967,-15.80,건설,GTX(수도권 광역급행철도) / 부동산 보유 자산주 / 건설 대표주,3개통과,"KODEX 건설 · 편입상위
TIGER MKF배당귀족 · 편입상위
TIGER 우량가치 · 편입상위","KODEX 건설 (편입상위, 비중 2.88%, 20일선 -0.39%)
TIGER MKF배당귀족 (편입상위, 비중 3.95%, 20일선 -0.06%)
TIGER 우량가치 (편입상위, 비중 2.31%, 20일선 +1.78%)",https://finance.naver.com/item/main.naver?code=294870
2026-08-24,051905,LG생활건강우,109500,47322,-5.44,7.25,88.17,108725.00,0.71,X,-0.90,105206.67,9041,9968,+10.26,화장품,개별 테마 확인 필요,0개통과,,,https://finance.naver.com/item/main.naver?code=051905
2026-08-24,002840,미원상사,131800,5931,-6.99,7.25,86.72,124710.00,5.69,X,+1.85,129783.33,5656,6765,+19.60,화학,코리아 밸류업 지수(Korea Value-up Index) / 화장품,0개통과,,,https://finance.naver.com/item/main.naver?code=002840
2026-08-24,003490,대한항공,26000,95737,-7.47,7.25,86.27,26022.50,-0.09,X,-1.14,25789.17,2845775,2236837,-21.40,항공사,환율하락 수혜 / UAM(도심항공모빌리티) / 밸류업(24년 기업가치 제고계획 발표),3개통과,"TIGER 여행레저 · 편입상위
RISE K엔터&여행레저 · 편입상위
KODEX 운송 · 편입상위","TIGER 여행레저 (편입상위, 비중 9.84%, 20일선 +1.50%)
RISE K엔터&여행레저 (편입상위, 비중 13.11%, 20일선 -3.94%)
KODEX 운송 (편입상위, 비중 20.49%, 20일선 +3.19%)",https://finance.naver.com/item/main.naver?code=003490
2026-08-24,090430,아모레퍼시픽,139900,81831,-7.60,7.25,86.16,132980.00,5.20,X,+3.10,125623.33,360070,276468,-23.22,화장품,밸류업(24년 기업가치 제고계획 발표) / 코리아 밸류업 지수(Korea Value-up Index) / 마이크로바이옴,2개통과,"TIGER 화장품 · 편입상위
TIGER 중국소비테마 · 편입상위
TIGER 경기방어 · 편입상위","TIGER 화장품 (편입상위, 비중 8.55%, 20일선 +14.33%)
TIGER 중국소비테마 (편입상위, 비중 5.26%, 20일선 +5.48%)
TIGER 경기방어 (편입상위, 비중 2.58%, 20일선 +4.12%)",https://finance.naver.com/item/main.naver?code=090430
2026-08-24,030190,NICE평가정보,15690,9243,-8.30,7.25,85.50,14880.50,5.44,X,-1.13,15042.50,89126,80932,-9.19,상업서비스와공급품,밸류업(25년 기업가치 제고계획 발표) / 인터넷은행 / 마이데이터,2개통과,"파워 K-주주가치액티브 · 편입상위
RISE AI플랫폼 · 편입상위","파워 K-주주가치액티브 (편입상위, 비중 2.70%, 20일선 +0.58%)
RISE AI플랫폼 (편입상위, 비중 8.38%, 20일선 +3.58%)",https://finance.naver.com/item/main.naver?code=030190
2026-08-24,161390,한국타이어앤테크놀로지,66800,82748,-8.37,7.25,85.44,68175.00,-2.02,X,-6.70,64093.33,432559,263080,-39.18,자동차부품,밸류업(25년 기업가치 제고계획 발표) / 타이어,3개통과,"KODEX 자동차 · 편입상위
KODEX 자율주행액티브 · 편입상위
KODEX 모멘텀Plus · 편입상위","KODEX 자동차 (편입상위, 비중 12.13%, 20일선 +0.62%)
KODEX 자율주행액티브 (편입상위, 비중 5.78%, 20일선 +2.92%)
KODEX 모멘텀Plus (편입상위, 비중 2.65%, 20일선 +2.90%)",https://finance.naver.com/item/main.naver?code=161390
2026-08-24,138040,메리츠금융지주,115400,193118,-9.21,7.25,84.66,120080.00,-3.90,X,-1.11,113027.50,317559,236373,-25.57,증권,밸류업(24년 기업가치 제고계획 발표) / 지주사 / 밸류업(25년 기업가치 제고계획 발표),3개통과,"TIME Korea플러스배당액티브 · 편입상위
SOL 금융지주플러스고배당 · 편입상위
TIGER 200 금융 · 편입상위","TIME Korea플러스배당액티브 (편입상위, 비중 3.97%, 20일선 +1.93%)
SOL 금융지주플러스고배당 (편입상위, 비중 2.60%, 20일선 -2.03%)
TIGER 200 금융 (편입상위, 비중 3.16%, 20일선 -1.13%)",https://finance.naver.com/item/main.naver?code=138040
2026-08-24,012750,에스원,79300,30133,-9.68,7.25,84.21,75015.00,5.71,X,+2.06,78291.67,80446,49296,-38.72,상업서비스와공급품,스마트홈(홈네트워크) / 코리아 밸류업 지수(Korea Value-up Index) / 보안주(물리),3개통과,"KODEX 삼성그룹밸류 · 편입상위
ACE 삼성그룹섹터가중 · 편입상위
TIGER MKF배당귀족 · 편입상위","KODEX 삼성그룹밸류 (편입상위, 비중 4.81%, 20일선 +1.81%)
ACE 삼성그룹섹터가중 (편입상위, 비중 11.91%, 20일선 +2.94%)
TIGER MKF배당귀족 (편입상위, 비중 3.54%, 20일선 -0.06%)",https://finance.naver.com/item/main.naver?code=012750
2026-08-24,017940,E1,92500,6345,-10.63,7.25,83.33,87925.00,5.20,X,+3.35,92070.00,11686,7864,-32.71,가스유틸리티,LPG(액화석유가스) / 셰일가스(Shale Gas),1개통과,TIGER 우량가치 · 편입상위,"TIGER 우량가치 (편입상위, 비중 2.25%, 20일선 +1.78%)",https://finance.naver.com/item/main.naver?code=017940
2026-08-24,006040,동원산업,38300,16905,-10.72,7.25,83.24,36627.50,4.57,X,+2.00,36455.00,62375,53151,-14.79,식품,밸류업(24년 기업가치 제고계획 발표) / 지주사 / 부동산 보유 자산주,3개통과,"HANARO Fn K-푸드 · 편입상위
KODEX 밸류Plus · 편입상위
HANARO 농업융복합산업 · 편입상위","HANARO Fn K-푸드 (편입상위, 비중 4.81%, 20일선 +6.09%)
KODEX 밸류Plus (편입상위, 비중 3.59%, 20일선 +0.98%)
HANARO 농업융복합산업 (편입상위, 비중 16.89%, 20일선 +0.50%)",https://finance.naver.com/item/main.naver?code=006040
2026-08-24,036460,한국가스공사,36500,33694,-11.41,7.25,82.60,35320.00,3.34,X,-0.27,35530.83,195226,150050,-23.14,가스유틸리티,환율하락 수혜 / LNG(액화천연가스) / 셰일가스(Shale Gas),2개통과,"RISE 우량업종대표주 · 편입상위
RISE 중소형고배당 · 편입상위","RISE 우량업종대표주 (편입상위, 비중 2.52%, 20일선 +2.40%)
RISE 중소형고배당 (편입상위, 비중 3.26%, 20일선 +1.04%)",https://finance.naver.com/item/main.naver?code=036460
2026-08-24,207940,삼성바이오로직스,1.573e+06,728156,-11.53,7.25,82.49,1532850.00,2.62,X,+1.61,1479016.67,64849,47362,-26.97,제약,모더나(MODERNA) / 오가노이드 / 제약업체,3개통과,"KODEX 삼성그룹 · 편입상위
KODEX 코스피 · 편입상위
TIGER 코스피 · 편입상위","KODEX 삼성그룹 (편입상위, 비중 5.50%, 20일선 +3.17%)
KODEX 코스피 (편입상위, 비중 1.31%, 20일선 +3.85%)
TIGER 코스피 (편입상위, 비중 1.29%, 20일선 +3.80%)",https://finance.naver.com/item/main.naver?code=207940
2026-08-24,377740,바이오노트,4955,5048,-11.83,7.25,82.21,4740.50,4.52,X,+0.51,4922.21,81126,68896,-15.08,건강관리장비와용품,코로나19(진단키트) / 코로나19(진단/치료제/백신 개발 등),0개통과,,,https://finance.naver.com/item/main.naver?code=377740
2026-08-24,096775,SK이노베이션우,67600,219937,-11.98,7.25,82.07,63505.00,6.45,X,+1.20,67162.50,3964,3770,-4.89,석유와가스,개별 테마 확인 필요,0개통과,,,https://finance.naver.com/item/main.naver?code=096775
2026-08-24,035420,NAVER,223500,339890,-12.18,7.25,81.88,216185.00,3.38,O,-1.97,214000.00,2252093,985157,-56.26,양방향미디어와서비스,웹툰 / 자율주행차 / 음성인식,3개통과,"TIGER 코리아TOP10 · 편입상위
KODEX 로봇액티브 · 편입상위
KODEX 200액티브 · 편입상위","TIGER 코리아TOP10 (편입상위, 비중 3.59%, 20일선 +4.15%)
KODEX 로봇액티브 (편입상위, 비중 6.37%, 20일선 +2.00%)
KODEX 200액티브 (편입상위, 비중 0.95%, 20일선 +4.12%)",https://finance.naver.com/item/main.naver?code=035420
2026-08-24,090435,아모레퍼시픽우,45250,81831,-12.64,7.25,81.45,44220.00,2.33,O,+1.34,42945.42,20962,10814,-48.41,화장품,개별 테마 확인 필요,0개통과,,,https://finance.naver.com/item/main.naver?code=090435
2026-08-24,003555,LG우,69600,171602,-13.97,7.25,80.21,66510.00,4.65,X,-0.57,69156.67,21306,8505,-60.08,복합기업,개별 테마 확인 필요,0개통과,,,https://finance.naver.com/item/main.naver?code=003555
2026-08-25,009150,삼성전기,1.362e+06,1017328,233.01,16.42,286.05,1277200.00,6.64,X,-5.42,1153783.33,1135169,791742,-30.25,전자장비와기기,S7(삼성전자/SK하이닉스 등) / 자율주행차 / 카메라모듈/부품,3개통과,"KODEX 200 · 편입상위
TIGER 200 · 편입상위
KODEX 200TR · 편입상위","KODEX 200 (편입상위, 비중 1.98%, 20일선 +4.63%)
TIGER 200 (편입상위, 비중 1.99%, 20일선 +4.55%)
KODEX 200TR (편입상위, 비중 1.98%, 20일선 +4.64%)",https://finance.naver.com/item/main.naver?code=009150
2026-08-25,009155,삼성전기우,490500,1017328,189.72,16.42,248.87,450050.00,8.99,O,-3.25,420011.67,96381,45750,-52.53,전자장비와기기,개별 테마 확인 필요,1개통과,TIGER 우선주 · 편입상위,"TIGER 우선주 (편입상위, 비중 6.67%, 20일선 +4.93%)",https://finance.naver.com/item/main.naver?code=009155
2026-08-25,000500,가온전선,161500,48090,165.18,16.42,227.78,151600.00,6.53,O,-0.62,149931.87,273547,119402,-56.35,전기장비,전선 / 전력설비,3개통과,"KODEX AI전력핵심설비 · 편입상위
HANARO 전력설비투자 · 편입상위
TIGER 코스피중형주 · 편입상위","KODEX AI전력핵심설비 (편입상위, 비중 2.45%, 20일선 +1.00%)
HANARO 전력설비투자 (편입상위, 비중 2.37%, 20일선 +0.64%)
TIGER 코스피중형주 (편입상위, 비중 1.40%, 20일선 +3.68%)",https://finance.naver.com/item/main.naver?code=000500
2026-08-25,006345,대원전선우,9980,10452,142.53,16.42,208.33,10072.00,-0.91,O,-0.89,9646.50,512361,82551,-83.89,전기장비,개별 테마 확인 필요,0개통과,,,https://finance.naver.com/item/main.naver?code=006345
2026-08-25,006340,대원전선,13330,10452,124.79,16.42,193.09,13803.50,-3.43,X,-5.53,10559.08,12791259,8614862,-32.65,전기장비,철도 / 전선 / 전력설비,2개통과,"KODEX AI전력핵심설비 · 편입상위
HANARO 전력설비투자 · 편입상위","KODEX AI전력핵심설비 (편입상위, 비중 1.99%, 20일선 +1.00%)
HANARO 전력설비투자 (편입상위, 비중 1.92%, 20일선 +0.64%)",https://finance.naver.com/item/main.naver?code=006340
2026-08-25,475150,SK이터닉스,55200,18804,113.54,16.42,183.43,52372.50,5.40,X,-5.64,49043.33,5827416,3836128,-34.17,에너지장비및서비스,전력저장장치(ESS) / 태양광에너지 / 풍력에너지,2개통과,"KODEX 신재생에너지액티브 · 편입상위
PLUS 태양광&ESS · 편입상위","KODEX 신재생에너지액티브 (편입상위, 비중 6.54%, 20일선 +7.23%)
PLUS 태양광&ESS (편입상위, 비중 6.75%, 20일선 +6.78%)",https://finance.naver.com/item/main.naver?code=475150
2026-08-25,007340,DN오토모티브,48550,28407,83.21,16.42,157.37,46617.50,4.15,X,-22.69,40604.17,217574,479715,+120.48,자동차부품,자동차부품 / 지주사,2개통과,"KODEX 자동차 · 편입상위
ACE 라이프자산주주가치액티브 · 편입상위","KODEX 자동차 (편입상위, 비중 2.32%, 20일선 +1.69%)
ACE 라이프자산주주가치액티브 (편입상위, 비중 4.59%, 20일선 +3.79%)",https://finance.naver.com/item/main.naver?code=007340
2026-08-25,402340,SK스퀘어,1.06e+06,1398394,82.44,16.42,156.72,1021750.00,3.74,X,-6.61,1021850.00,1073373,640229,-40.35,반도체와반도체장비,S7(삼성전자/SK하이닉스 등) / 밸류업(24년 기업가치 제고계획 발표) / 지주사,3개통과,"KODEX 200 · 편입상위
TIGER 200 · 편입상위
TIGER 반도체TOP10 · 편입상위","KODEX 200 (편입상위, 비중 2.79%, 20일선 +4.63%)
TIGER 200 (편입상위, 비중 2.79%, 20일선 +4.55%)
TIGER 반도체TOP10 (편입상위, 비중 20.82%, 20일선 +6.78%)",https://finance.naver.com/item/main.naver?code=402340
2026-08-25,000660,SK하이닉스,1.678e+06,12257661,78.70,16.42,153.50,1561950.00,7.43,X,+0.96,1641833.33,5965890,4468353,-25.10,반도체와반도체장비,IT 대표주 / S7(삼성전자/SK하이닉스 등) / 반도체 대표주(생산),3개통과,"KODEX 200 · 편입상위
TIGER 200 · 편입상위
TIGER 반도체TOP10 · 편입상위","KODEX 200 (편입상위, 비중 26.47%, 20일선 +4.63%)
TIGER 200 (편입상위, 비중 26.51%, 20일선 +4.55%)
TIGER 반도체TOP10 (편입상위, 비중 25.15%, 20일선 +6.78%)",https://finance.naver.com/item/main.naver?code=000660
2026-08-25,066570,LG전자,200500,326583,57.13,16.42,134.97,184355.00,8.76,O,-3.61,174296.67,2310920,1170219,-49.36,전자제품,피지컬 AI/휴머노이드 로봇 / IT 대표주 / 제습기,3개통과,"TIGER 200 IT · 편입상위
KODEX 로봇액티브 · 편입상위
TIGER 200IT레버리지 · 편입상위","TIGER 200 IT (편입상위, 비중 3.76%, 20일선 +6.33%)
KODEX 로봇액티브 (편입상위, 비중 7.38%, 20일선 +2.83%)
TIGER 200IT레버리지 (편입상위, 비중 7.59%, 20일선 +7.78%)",https://finance.naver.com/item/main.naver?code=066570
2026-08-25,005935,삼성전자우,194500,15024936,50.54,16.42,129.31,179990.00,8.06,X,+3.29,173273.33,4736335,4948974,+4.49,반도체와반도체장비,S7(삼성전자/SK하이닉스 등),3개통과,"TIGER MSCI Korea TR · 편입상위
TIGER 배당커버드콜액티브 · 편입상위
KODEX MSCI Korea TR · 편입상위","TIGER MSCI Korea TR (편입상위, 비중 4.57%, 20일선 +4.96%)
TIGER 배당커버드콜액티브 (편입상위, 비중 4.91%, 20일선 +5.08%)
KODEX MSCI Korea TR (편입상위, 비중 4.56%, 20일선 +4.71%)",https://finance.naver.com/item/main.naver?code=005935
2026-08-25,483650,달바글로벌,233000,29110,46.91,16.42,126.19,236125.00,-1.32,X,+5.91,203582.50,195592,200161,+2.34,화장품,미용기기 / 화장품,1개통과,"TIGER 화장품 · 편입상위
HANARO K-뷰티 · 편입상위
TIGER 200 생활소비재 · 편입상위","TIGER 화장품 (편입상위, 비중 8.21%, 20일선 +15.58%)
HANARO K-뷰티 (편입상위, 비중 7.15%, 20일선 +12.12%)
TIGER 200 생활소비재 (편입상위, 비중 3.13%, 20일선 +5.24%)",https://finance.naver.com/item/main.naver?code=483650
2026-08-25,034730,SK,556000,403115,46.51,16.42,125.85,539775.00,3.01,X,-5.76,516808.33,278839,162144,-41.85,석유와가스,LNG(액화천연가스) / 냉각시스템(액침냉각 등) / SI(시스템통합),3개통과,"TIME Korea플러스배당액티브 · 편입상위
TIGER 지주회사 · 편입상위
TIME 코리아밸류업액티브 · 편입상위","TIME Korea플러스배당액티브 (편입상위, 비중 3.32%, 20일선 +2.97%)
TIGER 지주회사 (편입상위, 비중 8.76%, 20일선 +3.53%)
TIME 코리아밸류업액티브 (편입상위, 비중 2.40%, 20일선 +3.55%)",https://finance.naver.com/item/main.naver?code=034730
2026-08-25,002995,금호건설우,20750,5730,43.50,16.42,123.26,20162.00,2.92,X,-10.56,18154.50,32978,40259,+22.08,건설,개별 테마 확인 필요,0개통과,,,https://finance.naver.com/item/main.naver?code=002995
2026-08-25,005930,삼성전자,257000,15024936,31.73,16.42,113.15,246750.00,4.15,X,-4.28,254633.33,31314952,26275742,-16.09,반도체와반도체장비,피지컬 AI/휴머노이드 로봇 / IT 대표주 / S7(삼성전자/SK하이닉스 등),3개통과,"KODEX 200 · 편입상위
TIGER 200 · 편입상위
TIGER 반도체TOP10 · 편입상위","KODEX 200 (편입상위, 비중 35.37%, 20일선 +4.63%)
TIGER 200 (편입상위, 비중 35.40%, 20일선 +4.55%)
TIGER 반도체TOP10 (편입상위, 비중 31.53%, 20일선 +6.78%)",https://finance.naver.com/item/main.naver?code=005930
2026-08-25,028050,삼성E&A,45850,89866,30.44,16.42,112.05,46680.00,-1.78,X,-4.28,45769.17,2276058,1410855,-38.01,건설,전후 재건(우크라/중동 전쟁 등) / 수자원(양적/질적 개선),3개통과,"KODEX 삼성그룹 · 편입상위
KODEX 삼성그룹밸류 · 편입상위
KODEX 건설 · 편입상위","KODEX 삼성그룹 (편입상위, 비중 2.10%, 20일선 +4.19%)
KODEX 삼성그룹밸류 (편입상위, 비중 7.51%, 20일선 +2.22%)
KODEX 건설 (편입상위, 비중 23.37%, 20일선 +6.71%)",https://finance.naver.com/item/main.naver?code=028050
2026-08-25,018260,삼성에스디에스,227000,175647,27.82,16.42,109.79,222775.00,1.90,O,-0.66,194991.67,546677,245629,-55.07,IT서비스,IT 대표주 / SI(시스템통합) / 스마트팩토리(스마트공장),3개통과,"KODEX 삼성그룹 · 편입상위
TIGER 200 IT · 편입상위
SOL 코리아메가테크액티브 · 편입상위","KODEX 삼성그룹 (편입상위, 비중 2.66%, 20일선 +4.19%)
TIGER 200 IT (편입상위, 비중 1.56%, 20일선 +6.33%)
SOL 코리아메가테크액티브 (편입상위, 비중 3.59%, 20일선 +3.89%)",https://finance.naver.com/item/main.naver?code=018260
2026-08-25,017670,SK텔레콤,98900,212427,26.47,16.42,108.64,90715.00,9.02,X,-0.90,91454.17,1781911,1803498,+1.21,무선통신서비스,통신 / 자율주행차 / UAM(도심항공모빌리티),3개통과,"TIME Korea플러스배당액티브 · 편입상위
TIME 코스피액티브 · 편입상위
TIGER 경기방어 · 편입상위","TIME Korea플러스배당액티브 (편입상위, 비중 3.51%, 20일선 +2.97%)
TIME 코스피액티브 (편입상위, 비중 2.06%, 20일선 +4.58%)
TIGER 경기방어 (편입상위, 비중 9.11%, 20일선 +3.60%)",https://finance.naver.com/item/main.naver?code=017670
2026-08-25,007070,GS리테일,26600,22239,26.37,16.42,108.55,26255.00,1.31,X,-2.39,23918.17,204826,157503,-23.10,백화점과일반상점,편의점 / 홈쇼핑 / 소매유통,2개통과,"TIGER LG그룹플러스 · 편입상위
TRUSTON 코리아밸류업액티브 · 편입상위","TIGER LG그룹플러스 (편입상위, 비중 3.31%, 20일선 +4.97%)
TRUSTON 코리아밸류업액티브 (편입상위, 비중 2.90%, 20일선 +2.56%)",https://finance.naver.com/item/main.naver?code=007070
2026-08-25,051900,LG생활건강,316000,47322,24.65,16.42,107.08,301875.00,4.68,X,+5.33,256825.00,85189,82458,-3.21,화장품,밸류업(24년 기업가치 제고계획 발표) / 여름 / 음식료업종,2개통과,"TIGER 화장품 · 편입상위
TIGER LG그룹플러스 · 편입상위
TIGER 중국소비테마 · 편입상위","TIGER 화장품 (편입상위, 비중 9.58%, 20일선 +15.58%)
TIGER LG그룹플러스 (편입상위, 비중 4.81%, 20일선 +4.97%)
TIGER 중국소비테마 (편입상위, 비중 5.63%, 20일선 +5.86%)",https://finance.naver.com/item/main.naver?code=051900
2026-08-25,000810,삼성화재,648000,289315,24.14,16.42,106.63,627150.00,3.32,X,+3.51,565254.17,153780,111584,-27.44,손해보험,손해보험 / 밸류업(25년 기업가치 제고계획 발표) / 코리아 밸류업 지수(Korea Value-up Index),3개통과,"KODEX 삼성그룹 · 편입상위
KODEX 금융고배당TOP10타겟위클리커버드콜 · 편입상위
TIGER 은행고배당플러스TOP10 · 편입상위","KODEX 삼성그룹 (편입상위, 비중 5.99%, 20일선 +4.19%)
KODEX 금융고배당TOP10타겟위클리커버드콜 (편입상위, 비중 10.52%, 20일선 +0.22%)
TIGER 은행고배당플러스TOP10 (편입상위, 비중 4.81%, 20일선 +0.11%)",https://finance.naver.com/item/main.naver?code=000810
2026-08-25,066575,LG전자우,71600,326583,23.24,16.42,105.86,65375.00,9.52,O,-1.92,65995.00,301303,90222,-70.06,전자제품,개별 테마 확인 필요,1개통과,TIGER 우선주 · 편입상위,"TIGER 우선주 (편입상위, 비중 5.79%, 20일선 +4.93%)",https://finance.naver.com/item/main.naver?code=066575
2026-08-25,282330,BGF리테일,145300,25113,21.59,16.42,104.44,137635.00,5.57,X,+1.47,128713.33,88698,67534,-23.86,백화점과일반상점,편의점 / 밸류업(25년 기업가치 제고계획 발표) / 소매유통,2개통과,"RISE K엔터&여행레저 · 편입상위
TIGER 우량가치 · 편입상위","RISE K엔터&여행레저 (편입상위, 비중 4.85%, 20일선 -2.94%)
TIGER 우량가치 (편입상위, 비중 2.28%, 20일선 +2.79%)",https://finance.naver.com/item/main.naver?code=282330
2026-08-25,021240,코웨이,98700,69847,21.25,16.42,104.15,94735.00,4.19,X,+2.28,86779.17,228217,158596,-30.51,가정용기기와용품,제습기 / 여름 / 밸류업(25년 기업가치 제고계획 발표),3개통과,"BNK 주주가치액티브 · 편입상위
KIWOOM 블루칩 · 편입상위
KODEX 경기소비재 · 편입상위","BNK 주주가치액티브 (편입상위, 비중 2.64%, 20일선 +3.24%)
KIWOOM 블루칩 (편입상위, 비중 2.79%, 20일선 +2.79%)
KODEX 경기소비재 (편입상위, 비중 13.42%, 20일선 +1.42%)",https://finance.naver.com/item/main.naver?code=021240
2026-08-25,453340,현대그린푸드,18600,6039,19.23,16.42,102.42,18520.00,0.43,X,+1.14,17142.00,50352,38805,-22.93,식품,밸류업(24년 기업가치 제고계획 발표) / 음식료업종,0개통과,,,https://finance.naver.com/item/main.naver?code=453340
2026-08-25,028260,삼성물산,367000,595155,15.77,16.42,99.45,344725.00,6.46,X,-0.54,361066.67,661233,425817,-35.60,복합기업,S7(삼성전자/SK하이닉스 등) / 모듈러주택 / 자원개발,3개통과,"KODEX 200 · 편입상위
TIGER 200 · 편입상위
KODEX 200TR · 편입상위","KODEX 200 (편입상위, 비중 1.03%, 20일선 +4.63%)
TIGER 200 (편입상위, 비중 1.03%, 20일선 +4.55%)
KODEX 200TR (편입상위, 비중 1.03%, 20일선 +4.64%)",https://finance.naver.com/item/main.naver?code=028260
2026-08-25,008930,한미사이언스,46300,31665,14.46,16.42,98.32,42410.00,9.17,X,+3.81,36047.08,182935,715642,+291.20,제약,밸류업(24년 기업가치 제고계획 발표) / 지주사 / 밸류업(25년 기업가치 제고계획 발표),3개통과,"KODEX 바이오 · 편입상위
TIGER 200 헬스케어 · 편입상위
KODEX 200동일가중 · 편입상위","KODEX 바이오 (편입상위, 비중 3.53%, 20일선 +1.63%)
TIGER 200 헬스케어 (편입상위, 비중 3.71%, 20일선 +4.01%)
KODEX 200동일가중 (편입상위, 비중 0.81%, 20일선 +3.22%)",https://finance.naver.com/item/main.naver?code=008930
2026-08-25,443060,HD현대마린솔루션,208000,93253,14.29,16.42,98.17,196075.00,6.08,O,+1.96,207830.00,188827,83631,-55.71,조선,밸류업(24년 기업가치 제고계획 발표) / 조선기자재,3개통과,"SOL 조선TOP3플러스 · 편입상위
TIGER 조선TOP10 · 편입상위
HANARO Fn조선해운 · 편입상위","SOL 조선TOP3플러스 (편입상위, 비중 3.64%, 20일선 -1.93%)
TIGER 조선TOP10 (편입상위, 비중 7.92%, 20일선 -1.38%)
HANARO Fn조선해운 (편입상위, 비중 8.69%, 20일선 +0.85%)",https://finance.naver.com/item/main.naver?code=443060
2026-08-25,082640,동양생명,8250,12875,13.95,16.42,97.88,8225.00,0.30,O,+0.00,8039.50,127479,0,-100.00,생명보험,생명보험,0개통과,,,https://finance.naver.com/item/main.naver?code=082640
2026-08-25,078935,GS우,64000,113146,13.27,16.42,97.30,59775.00,7.07,X,-0.31,55475.00,8354,10239,+22.57,석유와가스,개별 테마 확인 필요,0개통과,,,https://finance.naver.com/item/main.naver?code=078935
2026-08-25,001530,DI동일,24600,5096,10.81,16.42,95.18,24250.00,1.44,X,+2.50,24118.08,44908,22115,-50.75,"섬유,의류,신발,호화품",여름 / 밸류업(25년 기업가치 제고계획 발표) / 2차전지,0개통과,,,https://finance.naver.com/item/main.naver?code=001530
2026-08-25,055550,신한지주,106500,499964,10.13,16.42,94.60,104095.00,2.31,X,+0.00,98806.67,1465607,1027974,-29.86,은행,밸류업(24년 기업가치 제고계획 발표) / STO(토큰증권 발행) / 지주사,3개통과,"KODEX 200 · 편입상위
TIGER 200 · 편입상위
KODEX 200TR · 편입상위","KODEX 200 (편입상위, 비중 1.14%, 20일선 +4.63%)
TIGER 200 (편입상위, 비중 1.16%, 20일선 +4.55%)
KODEX 200TR (편입상위, 비중 1.14%, 20일선 +4.64%)",https://finance.naver.com/item/main.naver?code=055550
2026-08-25,003550,LG,112600,170242,9.85,16.42,94.36,106510.00,5.72,O,-0.09,102533.33,692011,309825,-55.23,복합기업,밸류업(24년 기업가치 제고계획 발표) / 지주사 / 스마트팩토리(스마트공장),3개통과,"TIGER 200 IT · 편입상위
TIGER 200IT레버리지 · 편입상위
TIGER 지주회사 · 편입상위","TIGER 200 IT (편입상위, 비중 1.73%, 20일선 +6.33%)
TIGER 200IT레버리지 (편입상위, 비중 3.49%, 20일선 +7.78%)
TIGER 지주회사 (편입상위, 비중 7.82%, 20일선 +3.53%)",https://finance.naver.com/item/main.naver?code=003550
2026-08-25,086790,하나금융지주,130800,358873,8.91,16.42,93.55,128220.00,2.01,X,+0.08,120924.17,924258,698028,-24.48,은행,밸류업(24년 기업가치 제고계획 발표) / STO(토큰증권 발행) / 토스(toss),3개통과,"KODEX 200 · 편입상위
TIGER 200 · 편입상위
KODEX 200TR · 편입상위","KODEX 200 (편입상위, 비중 0.86%, 20일선 +4.63%)
TIGER 200 (편입상위, 비중 0.87%, 20일선 +4.55%)
KODEX 200TR (편입상위, 비중 0.86%, 20일선 +4.64%)",https://finance.naver.com/item/main.naver?code=086790
2026-08-25,105560,KB금융,166400,590200,8.40,16.42,93.12,167355.00,-0.57,X,-1.25,159637.50,1477214,980965,-33.59,은행,밸류업(24년 기업가치 제고계획 발표) / STO(토큰증권 발행) / 지주사,3개통과,"KODEX 200 · 편입상위
TIGER 200 · 편입상위
KODEX 200TR · 편입상위","KODEX 200 (편입상위, 비중 1.35%, 20일선 +4.63%)
TIGER 200 (편입상위, 비중 1.35%, 20일선 +4.55%)
KODEX 200TR (편입상위, 비중 1.35%, 20일선 +4.64%)",https://finance.naver.com/item/main.naver?code=105560
2026-08-25,033780,KT&G,175400,182083,8.07,16.42,92.83,178280.00,-1.62,X,-0.68,172714.17,320104,286556,-10.48,담배,밸류업(24년 기업가치 제고계획 발표) / 코리아 밸류업 지수(Korea Value-up Index) / 건강기능식품,3개통과,"TIGER 경기방어 · 편입상위
KODEX 필수소비재 · 편입상위
KODEX 모멘텀Plus · 편입상위","TIGER 경기방어 (편입상위, 비중 9.26%, 20일선 +3.60%)
KODEX 필수소비재 (편입상위, 비중 21.18%, 20일선 +7.54%)
KODEX 모멘텀Plus (편입상위, 비중 4.43%, 20일선 +5.99%)",https://finance.naver.com/item/main.naver?code=033780
2026-08-25,001800,오리온홀딩스,25500,15339,8.05,16.42,92.81,26100.00,-2.30,X,-1.16,25034.58,124351,76921,-38.14,식품,지주사,2개통과,"KODEX 코리아배당성장 · 편입상위
TIGER 배당성장 · 편입상위","KODEX 코리아배당성장 (편입상위, 비중 3.66%, 20일선 +0.70%)
TIGER 배당성장 (편입상위, 비중 3.66%, 20일선 +0.43%)",https://finance.naver.com/item/main.naver?code=001800
2026-08-25,093050,LF,23450,6856,7.82,16.42,92.61,22470.00,4.36,X,+5.16,23055.83,33197,28767,-13.34,"섬유,의류,신발,호화품",패션/의류,0개통과,,,https://finance.naver.com/item/main.naver?code=093050
2026-08-25,003690,코리안리,14440,25518,7.36,16.42,92.22,14315.00,0.87,X,-5.19,13218.42,436937,272768,-37.57,손해보험,생명보험 / 손해보험,3개통과,"KODEX 고배당주 · 편입상위
ACE 라이프자산주주가치액티브 · 편입상위
KODEX 보험 · 편입상위","KODEX 고배당주 (편입상위, 비중 4.26%, 20일선 +1.43%)
ACE 라이프자산주주가치액티브 (편입상위, 비중 3.19%, 20일선 +3.79%)
KODEX 보험 (편입상위, 비중 9.68%, 20일선 +6.73%)",https://finance.naver.com/item/main.naver?code=003690
2026-08-25,003300,한일홀딩스,18290,5639,6.34,16.42,91.34,17522.50,4.38,X,+4.87,17182.33,19685,17664,-10.26,건축자재,지주사,0개통과,,,https://finance.naver.com/item/main.naver?code=003300
2026-08-25,012330,현대모비스,498000,451848,6.30,16.42,91.31,493600.00,0.89,O,-3.86,497725.00,512620,255336,-50.19,자동차부품,자동차 대표주 / 스마트카(SMART CAR) / 피지컬 AI/휴머노이드 로봇,3개통과,"KODEX 로봇액티브 · 편입상위
KODEX Top5PlusTR · 편입상위
RISE 코리아밸류업 · 편입상위","KODEX 로봇액티브 (편입상위, 비중 7.88%, 20일선 +2.83%)
KODEX Top5PlusTR (편입상위, 비중 5.32%, 20일선 +3.59%)
RISE 코리아밸류업 (편입상위, 비중 2.56%, 20일선 +3.56%)",https://finance.naver.com/item/main.naver?code=012330
2026-08-25,003490,대한항공,26300,96842,4.37,16.42,89.65,26015.00,1.10,X,+4.16,25774.17,2846540,2261493,-20.55,항공사,환율하락 수혜 / UAM(도심항공모빌리티) / 밸류업(24년 기업가치 제고계획 발표),3개통과,"TIGER 여행레저 · 편입상위
RISE K엔터&여행레저 · 편입상위
KODEX 운송 · 편입상위","TIGER 여행레저 (편입상위, 비중 9.84%, 20일선 +2.16%)
RISE K엔터&여행레저 (편입상위, 비중 13.11%, 20일선 -2.94%)
KODEX 운송 (편입상위, 비중 20.49%, 20일선 +5.33%)",https://finance.naver.com/item/main.naver?code=003490
2026-08-25,073240,금호타이어,7000,20108,4.01,16.42,89.34,7225.00,-3.11,X,-10.14,5878.17,6740606,7319956,+8.59,자동차부품,타이어,3개통과,"KODEX 자동차 · 편입상위
KODEX 200동일가중 · 편입상위
TIGER 200동일가중 · 편입상위","KODEX 자동차 (편입상위, 비중 2.08%, 20일선 +1.69%)
KODEX 200동일가중 (편입상위, 비중 0.87%, 20일선 +3.22%)
TIGER 200동일가중 (편입상위, 비중 0.87%, 20일선 +3.44%)",https://finance.naver.com/item/main.naver?code=073240
2026-08-25,462870,시프트업,32050,18826,3.72,16.42,89.10,31830.00,0.69,O,+1.10,31895.42,112646,58253,-48.29,게임엔터테인먼트,게임 / 모바일게임(스마트폰),3개통과,"TIGER Fn메타버스 · 편입상위
KODEX 게임산업 · 편입상위
RISE 게임테마 · 편입상위","TIGER Fn메타버스 (편입상위, 비중 4.79%, 20일선 -1.20%)
KODEX 게임산업 (편입상위, 비중 10.04%, 20일선 -2.30%)
RISE 게임테마 (편입상위, 비중 11.82%, 20일선 -1.37%)",https://finance.naver.com/item/main.naver?code=462870
2026-08-25,090430,아모레퍼시픽,143300,83820,3.39,16.42,88.81,133970.00,6.96,X,+8.40,125555.83,360097,282734,-21.48,화장품,밸류업(24년 기업가치 제고계획 발표) / 코리아 밸류업 지수(Korea Value-up Index) / 마이크로바이옴,2개통과,"TIGER 화장품 · 편입상위
TIGER 중국소비테마 · 편입상위
TIGER 경기방어 · 편입상위","TIGER 화장품 (편입상위, 비중 8.55%, 20일선 +15.58%)
TIGER 중국소비테마 (편입상위, 비중 5.26%, 20일선 +5.86%)
TIGER 경기방어 (편입상위, 비중 2.58%, 20일선 +3.60%)",https://finance.naver.com/item/main.naver?code=090430
2026-08-25,000815,삼성화재우,413500,289315,2.99,16.42,88.47,398375.00,3.80,X,-0.24,391208.33,16335,11343,-30.56,손해보험,개별 테마 확인 필요,1개통과,TIGER 우선주 · 편입상위,"TIGER 우선주 (편입상위, 비중 5.70%, 20일선 +4.93%)",https://finance.naver.com/item/main.naver?code=000815
2026-08-25,138040,메리츠금융지주,120800,202155,0.42,16.42,86.26,119840.00,0.80,X,+3.07,112975.00,316440,246185,-22.20,증권,밸류업(24년 기업가치 제고계획 발표) / 지주사 / 밸류업(25년 기업가치 제고계획 발표),3개통과,"TIME Korea플러스배당액티브 · 편입상위
SOL 금융지주플러스고배당 · 편입상위
TIGER 200 금융 · 편입상위","TIME Korea플러스배당액티브 (편입상위, 비중 3.97%, 20일선 +2.97%)
SOL 금융지주플러스고배당 (편입상위, 비중 2.60%, 20일선 +0.16%)
TIGER 200 금융 (편입상위, 비중 3.16%, 20일선 +0.79%)",https://finance.naver.com/item/main.naver?code=138040
2026-08-25,010955,S-Oil우,65900,157503,0.30,16.42,86.16,65240.00,1.01,X,-6.52,58543.33,21155,16577,-21.64,석유와가스,개별 테마 확인 필요,0개통과,,,https://finance.naver.com/item/main.naver?code=010955
2026-08-25,079160,CJ CGV,5230,8659,0.19,16.42,86.06,5262.75,-0.62,X,-0.19,4794.12,507800,729657,+43.69,방송과엔터테인먼트,영화,0개통과,,,https://finance.naver.com/item/main.naver?code=079160
2026-08-25,161390,한국타이어앤테크놀로지,66900,82872,0.15,16.42,86.03,68030.00,-1.66,O,-3.18,64043.33,427799,257412,-39.83,자동차부품,밸류업(25년 기업가치 제고계획 발표) / 타이어,3개통과,"KODEX 자동차 · 편입상위
KODEX 자율주행액티브 · 편입상위
KODEX 모멘텀Plus · 편입상위","KODEX 자동차 (편입상위, 비중 12.13%, 20일선 +1.69%)
KODEX 자율주행액티브 (편입상위, 비중 5.78%, 20일선 +4.56%)
KODEX 모멘텀Plus (편입상위, 비중 2.65%, 20일선 +5.99%)",https://finance.naver.com/item/main.naver?code=161390
2026-08-25,268280,미원에스씨,131100,6555,-0.98,16.42,85.06,124280.00,5.49,X,+0.46,115574.17,3519,2812,-20.08,화학,개별 테마 확인 필요,2개통과,"KODEX 200동일가중 · 편입상위
TIGER 200동일가중 · 편입상위","KODEX 200동일가중 (편입상위, 비중 0.67%, 20일선 +3.22%)
TIGER 200동일가중 (편입상위, 비중 0.68%, 20일선 +3.44%)",https://finance.naver.com/item/main.naver?code=268280
2026-08-25,010950,S-Oil,139900,157503,-0.99,16.42,85.05,136350.00,2.60,X,-8.92,120358.33,436383,298385,-31.62,석유와가스,정유 / 윤활유 / LPG(액화석유가스),3개통과,"에셋플러스 코리아대장장이액티브 · 편입상위
FOCUS AI코리아액티브 · 편입상위
TIGER 모멘텀 · 편입상위","에셋플러스 코리아대장장이액티브 (편입상위, 비중 5.08%, 20일선 +5.96%)
FOCUS AI코리아액티브 (편입상위, 비중 4.54%, 20일선 +3.04%)
TIGER 모멘텀 (편입상위, 비중 3.63%, 20일선 +3.34%)",https://finance.naver.com/item/main.naver?code=010950
2026-08-25,294870,IPARK현대산업개발,22400,14763,-1.32,16.42,84.76,21484.50,4.26,X,-0.44,21039.83,217576,183092,-15.85,건설,GTX(수도권 광역급행철도) / 부동산 보유 자산주 / 건설 대표주,3개통과,"KODEX 건설 · 편입상위
TIGER MKF배당귀족 · 편입상위
TIGER 우량가치 · 편입상위","KODEX 건설 (편입상위, 비중 2.88%, 20일선 +6.71%)
TIGER MKF배당귀족 (편입상위, 비중 3.95%, 20일선 +1.19%)
TIGER 우량가치 (편입상위, 비중 2.31%, 20일선 +2.79%)",https://finance.naver.com/item/main.naver?code=294870
2026-08-25,005830,DB손해보험,182500,119538,-2.25,16.42,83.97,167160.00,9.18,X,+0.27,162430.83,241282,231255,-4.16,손해보험,손해보험 / 밸류업(25년 기업가치 제고계획 발표) / 코리아 밸류업 지수(Korea Value-up Index),3개통과,"PLUS 고배당주 · 편입상위
KODEX 금융고배당TOP10타겟위클리커버드콜 · 편입상위
TIME Korea플러스배당액티브 · 편입상위","PLUS 고배당주 (편입상위, 비중 6.05%, 20일선 +1.69%)
KODEX 금융고배당TOP10타겟위클리커버드콜 (편입상위, 비중 6.99%, 20일선 +0.22%)
TIME Korea플러스배당액티브 (편입상위, 비중 5.04%, 20일선 +2.97%)",https://finance.naver.com/item/main.naver?code=005830
2026-08-25,192400,쿠쿠홀딩스,27900,9921,-3.29,16.42,83.07,26762.50,4.25,X,+1.82,26907.50,22002,30637,+39.25,가정용기기와용품,지주사,2개통과,"TIGER 코스피고배당 · 편입상위
ACE 주주환원가치주액티브 · 편입상위","TIGER 코스피고배당 (편입상위, 비중 2.90%, 20일선 +2.23%)
ACE 주주환원가치주액티브 (편입상위, 비중 6.48%, 20일선 +0.27%)",https://finance.naver.com/item/main.naver?code=192400
2026-08-25,026960,동서,25950,25872,-3.35,16.42,83.02,25915.00,0.14,X,+0.58,25732.92,93539,58691,-37.25,식품,음식료업종 / 코리아 밸류업 지수(Korea Value-up Index),1개통과,RISE 중소형고배당 · 편입상위,"RISE 중소형고배당 (편입상위, 비중 3.92%, 20일선 +0.93%)",https://finance.naver.com/item/main.naver?code=026960
2026-08-25,002840,미원상사,134500,6052,-3.93,16.42,82.52,125140.00,7.48,X,+3.22,129723.33,5728,6960,+21.50,화학,코리아 밸류업 지수(Korea Value-up Index) / 화장품,0개통과,,,https://finance.naver.com/item/main.naver?code=002840
2026-08-25,051905,LG생활건강우,109300,47322,-4.04,16.42,82.43,109100.00,0.18,X,+2.63,105152.50,9111,9938,+9.07,화장품,개별 테마 확인 필요,0개통과,,,https://finance.naver.com/item/main.naver?code=051905
2026-08-25,096770,SK이노베이션,125000,211315,-4.51,16.42,82.03,119715.00,4.41,X,-4.94,117196.67,680878,608297,-10.66,석유와가스,정유 / 2차전지(생산) / 윤활유,2개통과,"KODEX 2차전지산업 · 편입상위
TIGER 2차전지테마 · 편입상위
KODEX 2차전지산업레버리지 · 편입상위","KODEX 2차전지산업 (편입상위, 비중 6.41%, 20일선 +6.30%)
TIGER 2차전지테마 (편입상위, 비중 10.05%, 20일선 +6.32%)
KODEX 2차전지산업레버리지 (편입상위, 비중 2.98%, 20일선 +10.19%)",https://finance.naver.com/item/main.naver?code=096770
2026-08-25,090435,아모레퍼시픽우,46400,83820,-4.62,16.42,81.93,44410.00,4.48,X,+5.69,42900.42,20634,11453,-44.50,화장품,개별 테마 확인 필요,0개통과,,,https://finance.naver.com/item/main.naver?code=090435
2026-08-25,005810,풍산홀딩스,38850,5601,-5.59,16.42,81.10,36585.00,6.19,X,+3.32,38819.17,35051,27381,-21.88,비철금속,지주사 / 방위산업/전쟁 및 테러 / 비철금속,0개통과,KODEX 철강 · 편입상위,"KODEX 철강 (편입상위, 비중 2.13%, 20일선 +11.76%)",https://finance.naver.com/item/main.naver?code=005810
2026-08-25,207940,삼성바이오로직스,1.585e+06,733711,-5.71,16.42,80.99,1534850.00,3.27,X,+3.53,1477408.33,64471,47388,-26.50,제약,모더나(MODERNA) / 오가노이드 / 제약업체,3개통과,"KODEX 삼성그룹 · 편입상위
KODEX 코스피 · 편입상위
TIGER 코스피 · 편입상위","KODEX 삼성그룹 (편입상위, 비중 5.50%, 20일선 +4.19%)
KODEX 코스피 (편입상위, 비중 1.31%, 20일선 +4.46%)
TIGER 코스피 (편입상위, 비중 1.29%, 20일선 +4.47%)",https://finance.naver.com/item/main.naver?code=207940
2026-08-25,002790,아모레퍼시픽홀딩스,26850,20529,-5.79,16.42,80.93,25945.00,3.49,X,+6.34,25602.92,137720,92004,-33.19,화장품,밸류업(24년 기업가치 제고계획 발표) / 지주사 / 화장품,2개통과,"TIGER 중국소비테마 · 편입상위
KODEX 밸류Plus · 편입상위","TIGER 중국소비테마 (편입상위, 비중 4.54%, 20일선 +5.86%)
KODEX 밸류Plus (편입상위, 비중 3.01%, 20일선 +2.36%)",https://finance.naver.com/item/main.naver?code=002790
2026-08-25,006040,동원산업,38800,17126,-6.51,16.42,80.31,36810.00,5.41,X,+2.11,36420.83,62250,55067,-11.54,식품,밸류업(24년 기업가치 제고계획 발표) / 지주사 / 부동산 보유 자산주,3개통과,"HANARO Fn K-푸드 · 편입상위
KODEX 밸류Plus · 편입상위
HANARO 농업융복합산업 · 편입상위","HANARO Fn K-푸드 (편입상위, 비중 4.81%, 20일선 +5.65%)
KODEX 밸류Plus (편입상위, 비중 3.59%, 20일선 +2.36%)
HANARO 농업융복합산업 (편입상위, 비중 16.89%, 20일선 +0.47%)",https://finance.naver.com/item/main.naver?code=006040
2026-08-25,035420,NAVER,220500,335328,-6.57,16.42,80.26,215960.00,2.10,O,+1.61,213716.67,2231115,1007099,-54.86,양방향미디어와서비스,웹툰 / 자율주행차 / 음성인식,3개통과,"TIGER 코리아TOP10 · 편입상위
KODEX 로봇액티브 · 편입상위
KODEX 200액티브 · 편입상위","TIGER 코리아TOP10 (편입상위, 비중 3.59%, 20일선 +4.61%)
KODEX 로봇액티브 (편입상위, 비중 6.37%, 20일선 +2.83%)
KODEX 200액티브 (편입상위, 비중 0.95%, 20일선 +4.76%)",https://finance.naver.com/item/main.naver?code=035420
2026-08-25,030190,NICE평가정보,15580,9178,-6.82,16.42,80.04,14937.00,4.30,X,+1.50,15029.75,89364,81330,-8.99,상업서비스와공급품,밸류업(25년 기업가치 제고계획 발표) / 인터넷은행 / 마이데이터,2개통과,"파워 K-주주가치액티브 · 편입상위
RISE AI플랫폼 · 편입상위","파워 K-주주가치액티브 (편입상위, 비중 2.70%, 20일선 +2.11%)
RISE AI플랫폼 (편입상위, 비중 8.38%, 20일선 +2.60%)",https://finance.naver.com/item/main.naver?code=030190
2026-08-26,009150,삼성전기,1.33e+06,993426,266.90,33.66,274.49,1288000.00,3.26,X,-4.11,1161458.33,1094790,768170,-29.83,전자장비와기기,S7(삼성전자/SK하이닉스 등) / 자율주행차 / 카메라모듈/부품,3개통과,"KODEX 200 · 편입상위
TIGER 200 · 편입상위
KODEX 200TR · 편입상위","KODEX 200 (편입상위, 비중 1.98%, 20일선 +4.89%)
TIGER 200 (편입상위, 비중 1.99%, 20일선 +4.94%)
KODEX 200TR (편입상위, 비중 1.98%, 20일선 +4.92%)",https://finance.naver.com/item/main.naver?code=009150
2026-08-26,009155,삼성전기우,476000,993426,230.56,33.66,247.30,454475.00,4.74,O,-2.06,422567.50,93866,43968,-53.16,전자장비와기기,개별 테마 확인 필요,1개통과,TIGER 우선주 · 편입상위,"TIGER 우선주 (편입상위, 비중 6.67%, 20일선 +4.34%)",https://finance.naver.com/item/main.naver?code=009155
2026-08-26,006340,대원전선,13630,10687,172.60,33.66,203.94,13805.00,-1.27,O,-3.61,10623.25,12789337,7133108,-44.23,전기장비,철도 / 전선 / 전력설비,2개통과,"KODEX AI전력핵심설비 · 편입상위
HANARO 전력설비투자 · 편입상위","KODEX AI전력핵심설비 (편입상위, 비중 1.99%, 20일선 +2.42%)
HANARO 전력설비투자 (편입상위, 비중 1.92%, 20일선 +2.46%)",https://finance.naver.com/item/main.naver?code=006340
2026-08-26,006345,대원전선우,9760,10687,162.01,33.66,196.02,10064.00,-3.02,O,-3.27,9693.54,507223,75690,-85.08,전기장비,개별 테마 확인 필요,0개통과,,,https://finance.naver.com/item/main.naver?code=006345
2026-08-26,475150,SK이터닉스,53900,18362,150.12,33.66,187.12,52632.50,2.41,X,-6.75,49277.08,5863506,3636773,-37.98,에너지장비및서비스,전력저장장치(ESS) / 태양광에너지 / 풍력에너지,2개통과,"KODEX 신재생에너지액티브 · 편입상위
PLUS 태양광&ESS · 편입상위","KODEX 신재생에너지액티브 (편입상위, 비중 6.54%, 20일선 +7.43%)
PLUS 태양광&ESS (편입상위, 비중 6.75%, 20일선 +6.60%)",https://finance.naver.com/item/main.naver?code=475150
2026-08-26,010060,OCI홀딩스,275500,51436,128.44,33.66,170.91,250785.00,9.86,X,-0.72,247430.00,323460,279583,-13.57,화학,지주사 / 태양광에너지,3개통과,"KODEX 신재생에너지액티브 · 편입상위
TIGER 지주회사 · 편입상위
PLUS 태양광&ESS · 편입상위","KODEX 신재생에너지액티브 (편입상위, 비중 7.61%, 20일선 +7.43%)
TIGER 지주회사 (편입상위, 비중 5.15%, 20일선 +5.63%)
PLUS 태양광&ESS (편입상위, 비중 19.94%, 20일선 +6.60%)",https://finance.naver.com/item/main.naver?code=010060
2026-08-26,402340,SK스퀘어,1.058e+06,1395755,108.68,33.66,156.12,1028400.00,2.88,X,+5.38,1025825.00,1060145,638935,-39.73,반도체와반도체장비,S7(삼성전자/SK하이닉스 등) / 밸류업(24년 기업가치 제고계획 발표) / 지주사,3개통과,"KODEX 200 · 편입상위
TIGER 200 · 편입상위
TIGER 반도체TOP10 · 편입상위","KODEX 200 (편입상위, 비중 2.79%, 20일선 +4.89%)
TIGER 200 (편입상위, 비중 2.79%, 20일선 +4.94%)
TIGER 반도체TOP10 (편입상위, 비중 20.82%, 20일선 +6.22%)",https://finance.naver.com/item/main.naver?code=402340
2026-08-26,007340,DN오토모티브,47400,27734,103.00,33.66,151.87,47155.00,0.52,X,-12.38,40778.33,223300,473202,+111.91,자동차부품,자동차부품 / 지주사,2개통과,"KODEX 자동차 · 편입상위
ACE 라이프자산주주가치액티브 · 편입상위","KODEX 자동차 (편입상위, 비중 2.32%, 20일선 -1.24%)
ACE 라이프자산주주가치액티브 (편입상위, 비중 4.59%, 20일선 +4.31%)",https://finance.naver.com/item/main.naver?code=007340
2026-08-26,000660,SK하이닉스,1.688e+06,12330711,98.82,33.66,148.75,1568850.00,7.59,X,+12.53,1648075.00,5887800,4380541,-25.60,반도체와반도체장비,IT 대표주 / S7(삼성전자/SK하이닉스 등) / 반도체 대표주(생산),3개통과,"KODEX 200 · 편입상위
TIGER 200 · 편입상위
TIGER 반도체TOP10 · 편입상위","KODEX 200 (편입상위, 비중 26.47%, 20일선 +4.89%)
TIGER 200 (편입상위, 비중 26.51%, 20일선 +4.94%)
TIGER 반도체TOP10 (편입상위, 비중 25.15%, 20일선 +6.22%)",https://finance.naver.com/item/main.naver?code=000660
2026-08-26,066570,LG전자,200500,326583,83.94,33.66,137.62,186505.00,7.50,O,-0.50,174904.17,2160548,1144009,-47.05,전자제품,피지컬 AI/휴머노이드 로봇 / IT 대표주 / 제습기,3개통과,"TIGER 200 IT · 편입상위
KODEX 로봇액티브 · 편입상위
TIGER 200IT레버리지 · 편입상위","TIGER 200 IT (편입상위, 비중 3.76%, 20일선 +5.11%)
KODEX 로봇액티브 (편입상위, 비중 7.38%, 20일선 +0.74%)
TIGER 200IT레버리지 (편입상위, 비중 7.59%, 20일선 +6.70%)",https://finance.naver.com/item/main.naver?code=066570
2026-08-26,375500,DL이앤씨,73300,28362,75.99,33.66,131.67,68405.00,7.16,X,+2.09,72379.17,471432,275056,-41.66,건설,전후 재건(우크라/중동 전쟁 등) / GTX(수도권 광역급행철도) / 건설 대표주,0개통과,"KODEX 건설 · 편입상위
TIGER 200 건설 · 편입상위","KODEX 건설 (편입상위, 비중 7.79%, 20일선 +12.16%)
TIGER 200 건설 (편입상위, 비중 6.46%, 20일선 +11.68%)",https://finance.naver.com/item/main.naver?code=375500
2026-08-26,005935,삼성전자우,196800,15288018,71.43,33.66,128.25,181920.00,8.18,X,+13.30,173836.67,4619963,5177680,+12.07,반도체와반도체장비,S7(삼성전자/SK하이닉스 등),3개통과,"TIGER MSCI Korea TR · 편입상위
TIGER 배당커버드콜액티브 · 편입상위
KODEX MSCI Korea TR · 편입상위","TIGER MSCI Korea TR (편입상위, 비중 4.57%, 20일선 +4.65%)
TIGER 배당커버드콜액티브 (편입상위, 비중 4.91%, 20일선 +5.39%)
KODEX MSCI Korea TR (편입상위, 비중 4.56%, 20일선 +5.06%)",https://finance.naver.com/item/main.naver?code=005935
2026-08-26,034730,SK,554000,401664,67.88,33.66,125.60,540425.00,2.51,X,+0.54,518262.50,273241,164433,-39.82,석유와가스,LNG(액화천연가스) / 냉각시스템(액침냉각 등) / SI(시스템통합),3개통과,"TIME Korea플러스배당액티브 · 편입상위
TIGER 지주회사 · 편입상위
TIME 코리아밸류업액티브 · 편입상위","TIME Korea플러스배당액티브 (편입상위, 비중 3.32%, 20일선 +4.07%)
TIGER 지주회사 (편입상위, 비중 8.76%, 20일선 +5.63%)
TIME 코리아밸류업액티브 (편입상위, 비중 2.40%, 20일선 +3.02%)",https://finance.naver.com/item/main.naver?code=034730
2026-08-26,483650,달바글로벌,231500,28923,63.60,33.66,122.40,234900.00,-1.45,X,+6.19,204190.00,192727,201709,+4.66,화장품,미용기기 / 화장품,1개통과,"TIGER 화장품 · 편입상위
HANARO K-뷰티 · 편입상위
TIGER 200 생활소비재 · 편입상위","TIGER 화장품 (편입상위, 비중 8.21%, 20일선 +13.66%)
HANARO K-뷰티 (편입상위, 비중 7.15%, 20일선 +11.49%)
TIGER 200 생활소비재 (편입상위, 비중 3.13%, 20일선 +6.37%)",https://finance.naver.com/item/main.naver?code=483650
2026-08-26,002995,금호건설우,21150,5846,59.02,33.66,118.97,20419.00,3.58,X,+1.20,18210.25,33202,38682,+16.51,건설,개별 테마 확인 필요,0개통과,,,https://finance.naver.com/item/main.naver?code=002995
2026-08-26,032830,삼성생명,309500,619000,56.71,33.66,117.24,291025.00,6.35,X,+12.14,305208.33,510456,557587,+9.23,생명보험,생명보험 / S7(삼성전자/SK하이닉스 등),3개통과,"KODEX 삼성그룹 · 편입상위
KODEX 코스피 · 편입상위
TIGER 코스피 · 편입상위","KODEX 삼성그룹 (편입상위, 비중 8.50%, 20일선 +5.32%)
KODEX 코스피 (편입상위, 비중 1.19%, 20일선 +4.76%)
TIGER 코스피 (편입상위, 비중 1.18%, 20일선 +4.85%)",https://finance.naver.com/item/main.naver?code=032830
2026-08-26,028050,삼성E&A,48250,94570,56.15,33.66,116.82,46885.00,2.91,X,-0.52,45878.33,2261215,1496788,-33.81,건설,전후 재건(우크라/중동 전쟁 등) / 수자원(양적/질적 개선),2개통과,"KODEX 삼성그룹 · 편입상위
KODEX 삼성그룹밸류 · 편입상위
KODEX 건설 · 편입상위","KODEX 삼성그룹 (편입상위, 비중 2.10%, 20일선 +5.32%)
KODEX 삼성그룹밸류 (편입상위, 비중 7.51%, 20일선 +4.22%)
KODEX 건설 (편입상위, 비중 23.37%, 20일선 +12.16%)",https://finance.naver.com/item/main.naver?code=028050
2026-08-26,005930,삼성전자,261500,15288018,51.86,33.66,113.61,248825.00,5.09,X,+5.66,255186.67,31052170,25900026,-16.59,반도체와반도체장비,피지컬 AI/휴머노이드 로봇 / IT 대표주 / S7(삼성전자/SK하이닉스 등),3개통과,"KODEX 200 · 편입상위
TIGER 200 · 편입상위
TIGER 반도체TOP10 · 편입상위","KODEX 200 (편입상위, 비중 35.37%, 20일선 +4.89%)
TIGER 200 (편입상위, 비중 35.40%, 20일선 +4.94%)
TIGER 반도체TOP10 (편입상위, 비중 31.53%, 20일선 +6.22%)",https://finance.naver.com/item/main.naver?code=005930
2026-08-26,007070,GS리테일,27250,22783,46.03,33.66,109.26,26392.50,3.25,X,+1.30,23969.83,203915,149936,-26.47,백화점과일반상점,편의점 / 홈쇼핑 / 소매유통,2개통과,"TIGER LG그룹플러스 · 편입상위
TRUSTON 코리아밸류업액티브 · 편입상위","TIGER LG그룹플러스 (편입상위, 비중 3.31%, 20일선 +4.90%)
TRUSTON 코리아밸류업액티브 (편입상위, 비중 2.90%, 20일선 +3.29%)",https://finance.naver.com/item/main.naver?code=007070
2026-08-26,018260,삼성에스디에스,228000,176421,45.97,33.66,109.20,224150.00,1.72,O,+0.88,195411.67,479634,216664,-54.83,IT서비스,IT 대표주 / SI(시스템통합) / 스마트팩토리(스마트공장),3개통과,"KODEX 삼성그룹 · 편입상위
TIGER 200 IT · 편입상위
SOL 코리아메가테크액티브 · 편입상위","KODEX 삼성그룹 (편입상위, 비중 2.66%, 20일선 +5.32%)
TIGER 200 IT (편입상위, 비중 1.56%, 20일선 +5.11%)
SOL 코리아메가테크액티브 (편입상위, 비중 3.59%, 20일선 +3.51%)",https://finance.naver.com/item/main.naver?code=018260
2026-08-26,066575,LG전자우,72800,326583,45.31,33.66,108.71,66215.00,9.94,O,+4.00,66117.50,257816,89567,-65.26,전자제품,개별 테마 확인 필요,1개통과,TIGER 우선주 · 편입상위,"TIGER 우선주 (편입상위, 비중 5.79%, 20일선 +4.34%)",https://finance.naver.com/item/main.naver?code=066575
2026-08-26,000810,삼성화재,680000,303602,45.30,33.66,108.71,630700.00,7.82,X,+10.93,566570.83,151115,117484,-22.26,손해보험,손해보험 / 밸류업(25년 기업가치 제고계획 발표) / 코리아 밸류업 지수(Korea Value-up Index),3개통과,"KODEX 삼성그룹 · 편입상위
KODEX 금융고배당TOP10타겟위클리커버드콜 · 편입상위
TIGER 은행고배당플러스TOP10 · 편입상위","KODEX 삼성그룹 (편입상위, 비중 5.99%, 20일선 +5.32%)
KODEX 금융고배당TOP10타겟위클리커버드콜 (편입상위, 비중 10.52%, 20일선 +1.46%)
TIGER 은행고배당플러스TOP10 (편입상위, 비중 4.81%, 20일선 +1.33%)",https://finance.naver.com/item/main.naver?code=000810
2026-08-26,017670,SK텔레콤,99600,213930,41.68,33.66,106.00,91585.00,8.75,X,+1.63,91632.50,1775111,1780692,+0.31,무선통신서비스,통신 / 자율주행차 / UAM(도심항공모빌리티),3개통과,"TIME Korea플러스배당액티브 · 편입상위
TIME 코스피액티브 · 편입상위
TIGER 경기방어 · 편입상위","TIME Korea플러스배당액티브 (편입상위, 비중 3.51%, 20일선 +4.07%)
TIME 코스피액티브 (편입상위, 비중 2.06%, 20일선 +4.83%)
TIGER 경기방어 (편입상위, 비중 9.11%, 20일선 +4.99%)",https://finance.naver.com/item/main.naver?code=017670
2026-08-26,051900,LG생활건강,311000,46573,38.22,33.66,103.41,304650.00,2.08,X,+2.98,257304.17,84712,78556,-7.27,화장품,밸류업(24년 기업가치 제고계획 발표) / 여름 / 음식료업종,2개통과,"TIGER 화장품 · 편입상위
TIGER LG그룹플러스 · 편입상위
TIGER 중국소비테마 · 편입상위","TIGER 화장품 (편입상위, 비중 9.58%, 20일선 +13.66%)
TIGER LG그룹플러스 (편입상위, 비중 4.81%, 20일선 +4.90%)
TIGER 중국소비테마 (편입상위, 비중 5.63%, 20일선 +6.87%)",https://finance.naver.com/item/main.naver?code=051900
2026-08-26,021240,코웨이,100000,70767,35.50,33.66,101.37,95175.00,5.07,X,+6.95,86934.17,224361,152942,-31.83,가정용기기와용품,제습기 / 여름 / 밸류업(25년 기업가치 제고계획 발표),3개통과,"BNK 주주가치액티브 · 편입상위
KIWOOM 블루칩 · 편입상위
KODEX 경기소비재 · 편입상위","BNK 주주가치액티브 (편입상위, 비중 2.64%, 20일선 +3.56%)
KIWOOM 블루칩 (편입상위, 비중 2.79%, 20일선 +3.44%)
KODEX 경기소비재 (편입상위, 비중 13.42%, 20일선 +3.68%)",https://finance.naver.com/item/main.naver?code=021240
2026-08-26,282330,BGF리테일,148200,25614,32.44,33.66,99.08,138845.00,6.74,X,+3.78,128952.50,88333,64771,-26.67,백화점과일반상점,편의점 / 밸류업(25년 기업가치 제고계획 발표) / 소매유통,2개통과,"RISE K엔터&여행레저 · 편입상위
TIGER 우량가치 · 편입상위","RISE K엔터&여행레저 (편입상위, 비중 4.85%, 20일선 +0.36%)
TIGER 우량가치 (편입상위, 비중 2.28%, 20일선 +4.11%)",https://finance.naver.com/item/main.naver?code=282330
2026-08-26,078935,GS우,65900,118627,29.98,33.66,97.24,60345.00,9.21,X,+2.81,55553.33,8343,10584,+26.86,석유와가스,개별 테마 확인 필요,0개통과,,,https://finance.naver.com/item/main.naver?code=078935
2026-08-26,064400,LG씨엔에스,74100,71792,27.98,33.66,95.75,71155.00,4.14,O,+4.37,73805.00,1623270,985010,-39.32,IT서비스,SI(시스템통합) / 스마트팩토리(스마트공장) / 클라우드 컴퓨팅,3개통과,"RISE AI&로봇 · 편입상위
TIGER 소프트웨어 · 편입상위
ACE 코리아AI테크핵심산업 · 편입상위","RISE AI&로봇 (편입상위, 비중 5.43%, 20일선 -0.72%)
TIGER 소프트웨어 (편입상위, 비중 5.70%, 20일선 -0.31%)
ACE 코리아AI테크핵심산업 (편입상위, 비중 4.42%, 20일선 +4.04%)",https://finance.naver.com/item/main.naver?code=064400
2026-08-26,008930,한미사이언스,44400,30365,27.22,33.66,95.18,42932.50,3.42,X,-1.66,36080.00,183853,756439,+311.44,제약,밸류업(24년 기업가치 제고계획 발표) / 지주사 / 밸류업(25년 기업가치 제고계획 발표),3개통과,"KODEX 바이오 · 편입상위
TIGER 200 헬스케어 · 편입상위
KODEX 200동일가중 · 편입상위","KODEX 바이오 (편입상위, 비중 3.53%, 20일선 +1.95%)
TIGER 200 헬스케어 (편입상위, 비중 3.71%, 20일선 +6.32%)
KODEX 200동일가중 (편입상위, 비중 0.81%, 20일선 +4.76%)",https://finance.naver.com/item/main.naver?code=008930
2026-08-26,086790,하나금융지주,133200,365457,26.26,33.66,94.46,128730.00,3.47,X,+4.47,121033.33,908775,690225,-24.05,은행,밸류업(24년 기업가치 제고계획 발표) / STO(토큰증권 발행) / 토스(toss),3개통과,"KODEX 200 · 편입상위
TIGER 200 · 편입상위
KODEX 200TR · 편입상위","KODEX 200 (편입상위, 비중 0.86%, 20일선 +4.89%)
TIGER 200 (편입상위, 비중 0.87%, 20일선 +4.94%)
KODEX 200TR (편입상위, 비중 0.86%, 20일선 +4.92%)",https://finance.naver.com/item/main.naver?code=086790
2026-08-26,003550,LG,114400,172963,25.30,33.66,93.74,107575.00,6.34,O,+3.81,102632.50,584792,308850,-47.19,복합기업,밸류업(24년 기업가치 제고계획 발표) / 지주사 / 스마트팩토리(스마트공장),3개통과,"TIGER 200 IT · 편입상위
TIGER 200IT레버리지 · 편입상위
TIGER 지주회사 · 편입상위","TIGER 200 IT (편입상위, 비중 1.73%, 20일선 +5.11%)
TIGER 200IT레버리지 (편입상위, 비중 3.49%, 20일선 +6.70%)
TIGER 지주회사 (편입상위, 비중 7.82%, 20일선 +5.63%)",https://finance.naver.com/item/main.naver?code=003550
2026-08-26,192080,더블유게임즈,58900,12471,24.52,33.66,93.16,60120.00,-2.03,X,+2.08,58830.83,76146,56037,-26.41,게임엔터테인먼트,코리아 밸류업 지수(Korea Value-up Index) / 게임 / 모바일게임(스마트폰),3개통과,"ACE 주주환원가치주액티브 · 편입상위
KODEX 게임산업 · 편입상위
RISE 게임테마 · 편입상위","ACE 주주환원가치주액티브 (편입상위, 비중 9.01%, 20일선 +1.46%)
KODEX 게임산업 (편입상위, 비중 5.82%, 20일선 -1.34%)
RISE 게임테마 (편입상위, 비중 11.07%, 20일선 -0.75%)",https://finance.naver.com/item/main.naver?code=192080
2026-08-26,073240,금호타이어,7080,20338,24.43,33.66,93.09,7283.00,-2.79,X,-6.84,5881.08,6779376,6207707,-8.43,자동차부품,타이어,3개통과,"KODEX 자동차 · 편입상위
KODEX 200동일가중 · 편입상위
TIGER 200동일가중 · 편입상위","KODEX 자동차 (편입상위, 비중 2.08%, 20일선 -1.24%)
KODEX 200동일가중 (편입상위, 비중 0.87%, 20일선 +4.76%)
TIGER 200동일가중 (편입상위, 비중 0.87%, 20일선 +4.85%)",https://finance.naver.com/item/main.naver?code=073240
2026-08-26,082640,동양생명,8250,12875,23.13,33.66,92.12,8240.00,0.12,O,+0.00,8047.92,123872,0,-100.00,생명보험,생명보험,0개통과,,,https://finance.naver.com/item/main.naver?code=082640
2026-08-26,453340,현대그린푸드,18430,5984,21.89,33.66,91.19,18519.50,-0.48,X,+1.60,17165.58,49893,39416,-21.00,식품,밸류업(24년 기업가치 제고계획 발표) / 음식료업종,0개통과,,,https://finance.naver.com/item/main.naver?code=453340
2026-08-26,003490,대한항공,28150,103654,21.34,33.66,90.78,26160.00,7.61,X,+12.38,25798.75,2809441,2743672,-2.34,항공사,환율하락 수혜 / UAM(도심항공모빌리티) / 밸류업(24년 기업가치 제고계획 발표),3개통과,"TIGER 여행레저 · 편입상위
RISE K엔터&여행레저 · 편입상위
KODEX 운송 · 편입상위","TIGER 여행레저 (편입상위, 비중 9.84%, 20일선 +5.19%)
RISE K엔터&여행레저 (편입상위, 비중 13.11%, 20일선 +0.36%)
KODEX 운송 (편입상위, 비중 20.49%, 20일선 +2.99%)",https://finance.naver.com/item/main.naver?code=003490
2026-08-26,105560,KB금융,166600,590909,20.99,33.66,90.52,167425.00,-0.49,X,+0.12,159746.67,1457313,937074,-35.70,은행,밸류업(24년 기업가치 제고계획 발표) / STO(토큰증권 발행) / 지주사,3개통과,"KODEX 200 · 편입상위
TIGER 200 · 편입상위
KODEX 200TR · 편입상위","KODEX 200 (편입상위, 비중 1.35%, 20일선 +4.89%)
TIGER 200 (편입상위, 비중 1.35%, 20일선 +4.94%)
KODEX 200TR (편입상위, 비중 1.35%, 20일선 +4.92%)",https://finance.naver.com/item/main.naver?code=105560
2026-08-26,055550,신한지주,107400,504189,20.95,33.66,90.49,104420.00,2.85,X,+2.29,98895.83,1435507,1024236,-28.65,은행,밸류업(24년 기업가치 제고계획 발표) / STO(토큰증권 발행) / 지주사,3개통과,"KODEX 200 · 편입상위
TIGER 200 · 편입상위
KODEX 200TR · 편입상위","KODEX 200 (편입상위, 비중 1.14%, 20일선 +4.89%)
TIGER 200 (편입상위, 비중 1.16%, 20일선 +4.94%)
KODEX 200TR (편입상위, 비중 1.14%, 20일선 +4.92%)",https://finance.naver.com/item/main.naver?code=055550
2026-08-26,093050,LF,23850,6973,19.25,33.66,89.22,22555.00,5.74,X,+7.19,23073.33,32207,30363,-5.73,"섬유,의류,신발,호화품",패션/의류,0개통과,,,https://finance.naver.com/item/main.naver?code=093050
2026-08-26,001800,오리온홀딩스,26100,15700,18.91,33.66,88.96,26135.00,-0.13,X,+2.76,25055.42,122317,76946,-37.09,식품,지주사,2개통과,"KODEX 코리아배당성장 · 편입상위
TIGER 배당성장 · 편입상위","KODEX 코리아배당성장 (편입상위, 비중 3.66%, 20일선 +1.54%)
TIGER 배당성장 (편입상위, 비중 3.66%, 20일선 +1.57%)",https://finance.naver.com/item/main.naver?code=001800
2026-08-26,003690,코리안리,14510,25642,17.39,33.66,87.83,14360.50,1.04,O,-2.81,13227.25,427058,256555,-39.92,손해보험,생명보험 / 손해보험,3개통과,"KODEX 고배당주 · 편입상위
ACE 라이프자산주주가치액티브 · 편입상위
KODEX 보험 · 편입상위","KODEX 고배당주 (편입상위, 비중 4.26%, 20일선 +2.42%)
ACE 라이프자산주주가치액티브 (편입상위, 비중 3.19%, 20일선 +4.31%)
KODEX 보험 (편입상위, 비중 9.68%, 20일선 +9.94%)",https://finance.naver.com/item/main.naver?code=003690
2026-08-26,161390,한국타이어앤테크놀로지,68300,84606,17.35,33.66,87.80,68110.00,0.28,O,+0.29,64055.83,403474,240035,-40.51,자동차부품,밸류업(25년 기업가치 제고계획 발표) / 타이어,3개통과,"KODEX 자동차 · 편입상위
KODEX 자율주행액티브 · 편입상위
KODEX 모멘텀Plus · 편입상위","KODEX 자동차 (편입상위, 비중 12.13%, 20일선 -1.24%)
KODEX 자율주행액티브 (편입상위, 비중 5.78%, 20일선 +1.86%)
KODEX 모멘텀Plus (편입상위, 비중 2.65%, 20일선 +4.83%)",https://finance.naver.com/item/main.naver?code=161390
2026-08-26,462870,시프트업,32900,19326,16.67,33.66,87.28,31970.00,2.91,O,+3.30,31912.08,112169,59697,-46.78,게임엔터테인먼트,게임 / 모바일게임(스마트폰),3개통과,"TIGER Fn메타버스 · 편입상위
KODEX 게임산업 · 편입상위
RISE 게임테마 · 편입상위","TIGER Fn메타버스 (편입상위, 비중 4.79%, 20일선 +0.21%)
KODEX 게임산업 (편입상위, 비중 10.04%, 20일선 -1.34%)
RISE 게임테마 (편입상위, 비중 11.82%, 20일선 -0.75%)",https://finance.naver.com/item/main.naver?code=462870
2026-08-26,033780,KT&G,174700,181356,15.24,33.66,86.21,177930.00,-1.82,X,-0.46,172817.50,311701,271280,-12.97,담배,밸류업(24년 기업가치 제고계획 발표) / 코리아 밸류업 지수(Korea Value-up Index) / 건강기능식품,3개통과,"TIGER 경기방어 · 편입상위
KODEX 필수소비재 · 편입상위
KODEX 모멘텀Plus · 편입상위","TIGER 경기방어 (편입상위, 비중 9.26%, 20일선 +4.99%)
KODEX 필수소비재 (편입상위, 비중 21.18%, 20일선 +7.19%)
KODEX 모멘텀Plus (편입상위, 비중 4.43%, 20일선 +4.83%)",https://finance.naver.com/item/main.naver?code=033780
2026-08-26,010955,S-Oil우,67000,158741,14.92,33.66,85.98,65460.00,2.35,X,-4.83,58554.17,20911,15437,-26.18,석유와가스,개별 테마 확인 필요,0개통과,,,https://finance.naver.com/item/main.naver?code=010955
2026-08-26,090430,아모레퍼시픽,143500,83937,14.43,33.66,85.61,135205.00,6.14,X,+7.81,125596.67,347080,276788,-20.25,화장품,밸류업(24년 기업가치 제고계획 발표) / 코리아 밸류업 지수(Korea Value-up Index) / 마이크로바이옴,2개통과,"TIGER 화장품 · 편입상위
TIGER 중국소비테마 · 편입상위
TIGER 경기방어 · 편입상위","TIGER 화장품 (편입상위, 비중 8.55%, 20일선 +13.66%)
TIGER 중국소비테마 (편입상위, 비중 5.26%, 20일선 +6.87%)
TIGER 경기방어 (편입상위, 비중 2.58%, 20일선 +4.99%)",https://finance.naver.com/item/main.naver?code=090430
2026-08-26,003300,한일홀딩스,18350,5657,14.05,33.66,85.32,17575.00,4.41,X,+4.98,17191.92,19732,19212,-2.64,건축자재,지주사,0개통과,,,https://finance.naver.com/item/main.naver?code=003300
2026-08-26,180640,한진칼,128800,85989,13.98,33.66,85.28,118575.00,8.62,X,+10.75,116926.67,130786,84018,-35.76,항공사,지주사 / 밸류업(25년 기업가치 제고계획 발표) / 코리아 밸류업 지수(Korea Value-up Index),3개통과,"TIGER 지주회사 · 편입상위
KODEX 경기소비재 · 편입상위
RISE 수출주 · 편입상위","TIGER 지주회사 (편입상위, 비중 8.19%, 20일선 +5.63%)
KODEX 경기소비재 (편입상위, 비중 14.34%, 20일선 +3.68%)
RISE 수출주 (편입상위, 비중 2.28%, 20일선 +4.90%)",https://finance.naver.com/item/main.naver?code=180640
2026-08-26,000815,삼성화재우,425000,303602,12.88,33.66,84.45,400450.00,6.13,X,+5.85,391404.17,16121,11571,-28.23,손해보험,개별 테마 확인 필요,1개통과,TIGER 우선주 · 편입상위,"TIGER 우선주 (편입상위, 비중 5.70%, 20일선 +4.34%)",https://finance.naver.com/item/main.naver?code=000815
2026-08-26,294870,IPARK현대산업개발,23000,15158,12.47,33.66,84.14,21637.00,6.30,X,+4.31,21042.33,215268,186475,-13.38,건설,GTX(수도권 광역급행철도) / 부동산 보유 자산주 / 건설 대표주,2개통과,"KODEX 건설 · 편입상위
TIGER MKF배당귀족 · 편입상위
TIGER 우량가치 · 편입상위","KODEX 건설 (편입상위, 비중 2.88%, 20일선 +12.16%)
TIGER MKF배당귀족 (편입상위, 비중 3.95%, 20일선 +2.25%)
TIGER 우량가치 (편입상위, 비중 2.31%, 20일선 +4.11%)",https://finance.naver.com/item/main.naver?code=294870
2026-08-26,020560,아시아나항공,7550,15552,11.52,33.66,83.43,7073.50,6.74,X,+9.90,7125.42,152261,114374,-24.88,항공사,환율하락 수혜 / 항공/저가 항공사(LCC),3개통과,"TIGER 여행레저 · 편입상위
KODEX 운송 · 편입상위
HK S&P코리아로우볼 · 편입상위","TIGER 여행레저 (편입상위, 비중 9.94%, 20일선 +5.19%)
KODEX 운송 (편입상위, 비중 4.79%, 20일선 +2.99%)
HK S&P코리아로우볼 (편입상위, 비중 2.64%, 20일선 +3.50%)",https://finance.naver.com/item/main.naver?code=020560
2026-08-26,010950,S-Oil,141000,158741,11.46,33.66,83.39,136925.00,2.98,X,-6.99,120355.83,426160,305771,-28.25,석유와가스,정유 / 윤활유 / LPG(액화석유가스),3개통과,"에셋플러스 코리아대장장이액티브 · 편입상위
FOCUS AI코리아액티브 · 편입상위
TIGER 모멘텀 · 편입상위","에셋플러스 코리아대장장이액티브 (편입상위, 비중 5.08%, 20일선 +5.63%)
FOCUS AI코리아액티브 (편입상위, 비중 4.54%, 20일선 +3.38%)
TIGER 모멘텀 (편입상위, 비중 3.63%, 20일선 +4.27%)",https://finance.naver.com/item/main.naver?code=010950
2026-08-26,079160,CJ CGV,5310,8792,9.48,33.66,81.91,5288.00,0.42,X,+4.53,4794.88,509138,674367,+32.45,방송과엔터테인먼트,영화,0개통과,,,https://finance.naver.com/item/main.naver?code=079160
2026-08-26,028670,팬오션,5610,29989,8.93,33.66,81.50,5725.00,-2.01,X,-6.66,5360.42,2829446,4960404,+75.31,해운사,LNG(액화천연가스) / 해운,3개통과,"ACE 라이프자산주주가치액티브 · 편입상위
HANARO Fn조선해운 · 편입상위
KODEX 친환경조선해운액티브 · 편입상위","ACE 라이프자산주주가치액티브 (편입상위, 비중 2.28%, 20일선 +4.31%)
HANARO Fn조선해운 (편입상위, 비중 3.21%, 20일선 -0.02%)
KODEX 친환경조선해운액티브 (편입상위, 비중 7.09%, 20일선 +0.45%)",https://finance.naver.com/item/main.naver?code=028670
2026-08-26,000400,롯데손해보험,2085,6470,8.71,33.66,81.33,1995.85,4.47,O,+0.48,2066.18,920260,411341,-55.30,손해보험,손해보험,0개통과,,,https://finance.naver.com/item/main.naver?code=000400
2026-08-26,139130,iM금융지주,17620,27903,8.23,33.66,80.97,17150.00,2.74,X,+1.50,17606.50,586405,392509,-33.07,은행,밸류업(24년 기업가치 제고계획 발표) / 지주사 / 은행,3개통과,"TIGER 은행고배당플러스TOP10 · 편입상위
SOL 금융지주플러스고배당 · 편입상위
KODEX 은행 · 편입상위","TIGER 은행고배당플러스TOP10 (편입상위, 비중 2.75%, 20일선 +1.33%)
SOL 금융지주플러스고배당 (편입상위, 비중 1.88%, 20일선 +1.07%)
KODEX 은행 (편입상위, 비중 1.77%, 20일선 +1.47%)",https://finance.naver.com/item/main.naver?code=139130
2026-08-26,026960,동서,26500,26420,7.51,33.66,80.43,25937.50,2.17,X,+3.11,25730.00,92707,60066,-35.21,식품,음식료업종 / 코리아 밸류업 지수(Korea Value-up Index),1개통과,RISE 중소형고배당 · 편입상위,"RISE 중소형고배당 (편입상위, 비중 3.92%, 20일선 +2.03%)",https://finance.naver.com/item/main.naver?code=026960
2026-08-26,138040,메리츠금융지주,118000,197469,7.47,33.66,80.40,119835.00,-1.53,X,+2.43,112955.83,298304,241168,-19.15,증권,밸류업(24년 기업가치 제고계획 발표) / 지주사 / 밸류업(25년 기업가치 제고계획 발표),3개통과,"TIME Korea플러스배당액티브 · 편입상위
SOL 금융지주플러스고배당 · 편입상위
TIGER 200 금융 · 편입상위","TIME Korea플러스배당액티브 (편입상위, 비중 3.97%, 20일선 +4.07%)
SOL 금융지주플러스고배당 (편입상위, 비중 2.60%, 20일선 +1.07%)
TIGER 200 금융 (편입상위, 비중 3.16%, 20일선 +2.33%)",https://finance.naver.com/item/main.naver?code=138040
2026-08-27,009150,삼성전기,1.385e+06,1034507,244.96,23.79,278.66,1305800.00,6.07,X,-0.79,1169979.17,1078908,757600,-29.78,전자장비와기기,S7(삼성전자/SK하이닉스 등) / 자율주행차 / 카메라모듈/부품,3개통과,"KODEX 200 · 편입상위
TIGER 200 · 편입상위
KODEX 200TR · 편입상위","KODEX 200 (편입상위, 비중 1.98%, 20일선 +5.27%)
TIGER 200 (편입상위, 비중 1.99%, 20일선 +5.28%)
KODEX 200TR (편입상위, 비중 1.98%, 20일선 +5.35%)",https://finance.naver.com/item/main.naver?code=009150
2026-08-27,009155,삼성전기우,496500,1034507,208.58,23.79,249.27,461000.00,7.70,O,+1.85,425505.00,91493,42820,-53.20,전자장비와기기,개별 테마 확인 필요,1개통과,TIGER 우선주 · 편입상위,"TIGER 우선주 (편입상위, 비중 6.67%, 20일선 +3.43%)",https://finance.naver.com/item/main.naver?code=009155
2026-08-27,006340,대원전선,14140,11087,160.41,23.79,210.36,13959.50,1.29,O,-2.68,10699.42,12736739,5008964,-60.67,전기장비,철도 / 전선 / 전력설비,0개통과,"KODEX AI전력핵심설비 · 편입상위
HANARO 전력설비투자 · 편입상위","KODEX AI전력핵심설비 (편입상위, 비중 1.99%, 20일선 +10.19%)
HANARO 전력설비투자 (편입상위, 비중 1.92%, 20일선 +10.07%)",https://finance.naver.com/item/main.naver?code=006340
2026-08-27,006345,대원전선우,10070,11087,150.81,23.79,202.61,10131.50,-0.61,O,-0.59,9746.42,500003,70524,-85.90,전기장비,개별 테마 확인 필요,0개통과,,,https://finance.naver.com/item/main.naver?code=006345
2026-08-27,475150,SK이터닉스,55800,19009,132.99,23.79,188.21,53250.00,4.79,O,-0.36,49562.50,5973762,3492540,-41.54,에너지장비및서비스,전력저장장치(ESS) / 태양광에너지 / 풍력에너지,1개통과,"KODEX 신재생에너지액티브 · 편입상위
PLUS 태양광&ESS · 편입상위","KODEX 신재생에너지액티브 (편입상위, 비중 6.54%, 20일선 +10.20%)
PLUS 태양광&ESS (편입상위, 비중 6.75%, 20일선 +8.77%)",https://finance.naver.com/item/main.naver?code=475150
2026-08-27,010060,OCI홀딩스,276000,51529,110.21,23.79,169.81,256080.00,7.78,X,-4.83,248725.00,323990,257369,-20.56,화학,지주사 / 태양광에너지,2개통과,"KODEX 신재생에너지액티브 · 편입상위
TIGER 지주회사 · 편입상위
PLUS 태양광&ESS · 편입상위","KODEX 신재생에너지액티브 (편입상위, 비중 7.61%, 20일선 +10.20%)
TIGER 지주회사 (편입상위, 비중 5.15%, 20일선 +4.93%)
PLUS 태양광&ESS (편입상위, 비중 19.94%, 20일선 +8.77%)",https://finance.naver.com/item/main.naver?code=010060
2026-08-27,007340,DN오토모티브,46400,27149,89.39,23.79,152.99,47712.50,-2.75,X,-0.54,40970.42,231953,462949,+99.59,자동차부품,자동차부품 / 지주사,2개통과,"KODEX 자동차 · 편입상위
ACE 라이프자산주주가치액티브 · 편입상위","KODEX 자동차 (편입상위, 비중 2.32%, 20일선 -4.23%)
ACE 라이프자산주주가치액티브 (편입상위, 비중 4.59%, 20일선 +3.01%)",https://finance.naver.com/item/main.naver?code=007340
2026-08-27,402340,SK스퀘어,1.068e+06,1408948,88.69,23.79,152.43,1039300.00,2.76,O,-4.90,1030500.00,1055110,617967,-41.43,반도체와반도체장비,S7(삼성전자/SK하이닉스 등) / 밸류업(24년 기업가치 제고계획 발표) / 지주사,3개통과,"KODEX 200 · 편입상위
TIGER 200 · 편입상위
TIGER 반도체TOP10 · 편입상위","KODEX 200 (편입상위, 비중 2.79%, 20일선 +5.27%)
TIGER 200 (편입상위, 비중 2.79%, 20일선 +5.28%)
TIGER 반도체TOP10 (편입상위, 비중 20.82%, 20일선 +6.75%)",https://finance.naver.com/item/main.naver?code=402340
2026-08-27,000660,SK하이닉스,1.73e+06,12637517,83.85,23.79,148.51,1585300.00,9.13,X,+2.31,1655416.67,5885074,4239660,-27.96,반도체와반도체장비,IT 대표주 / S7(삼성전자/SK하이닉스 등) / 반도체 대표주(생산),3개통과,"KODEX 200 · 편입상위
TIGER 200 · 편입상위
TIGER 반도체TOP10 · 편입상위","KODEX 200 (편입상위, 비중 26.47%, 20일선 +5.27%)
TIGER 200 (편입상위, 비중 26.51%, 20일선 +5.28%)
TIGER 반도체TOP10 (편입상위, 비중 25.15%, 20일선 +6.75%)",https://finance.naver.com/item/main.naver?code=000660
2026-08-27,066570,LG전자,198300,323000,71.84,23.79,138.81,188895.00,4.98,O,-2.07,175648.33,2076471,887158,-57.28,전자제품,피지컬 AI/휴머노이드 로봇 / IT 대표주 / 제습기,3개통과,"TIGER 200 IT · 편입상위
KODEX 로봇액티브 · 편입상위
TIGER 200IT레버리지 · 편입상위","TIGER 200 IT (편입상위, 비중 3.76%, 20일선 +6.16%)
KODEX 로봇액티브 (편입상위, 비중 7.38%, 20일선 +0.48%)
TIGER 200IT레버리지 (편입상위, 비중 7.59%, 20일선 +9.51%)",https://finance.naver.com/item/main.naver?code=066570
2026-08-27,375500,DL이앤씨,74300,28749,66.59,23.79,134.58,69500.00,6.91,X,+4.35,72651.25,464239,306557,-33.97,건설,전후 재건(우크라/중동 전쟁 등) / GTX(수도권 광역급행철도) / 건설 대표주,0개통과,"KODEX 건설 · 편입상위
TIGER 200 건설 · 편입상위","KODEX 건설 (편입상위, 비중 7.79%, 20일선 +11.79%)
TIGER 200 건설 (편입상위, 비중 6.46%, 20일선 +10.78%)",https://finance.naver.com/item/main.naver?code=375500
2026-08-27,002995,금호건설우,21300,5644,55.47,23.79,125.59,20774.00,2.53,X,-11.06,18276.92,34136,30686,-10.11,건설,개별 테마 확인 필요,0개통과,,,https://finance.naver.com/item/main.naver?code=002995
2026-08-27,034730,SK,556000,403115,54.66,23.79,124.94,543775.00,2.25,X,-2.11,520145.83,272727,157180,-42.37,석유와가스,LNG(액화천연가스) / 냉각시스템(액침냉각 등) / SI(시스템통합),3개통과,"TIME Korea플러스배당액티브 · 편입상위
TIGER 지주회사 · 편입상위
TIME 코리아밸류업액티브 · 편입상위","TIME Korea플러스배당액티브 (편입상위, 비중 3.32%, 20일선 +3.69%)
TIGER 지주회사 (편입상위, 비중 8.76%, 20일선 +4.93%)
TIME 코리아밸류업액티브 (편입상위, 비중 2.40%, 20일선 +2.99%)",https://finance.naver.com/item/main.naver?code=034730
2026-08-27,028050,삼성E&A,50100,98196,51.13,23.79,122.09,47402.50,5.69,X,+4.27,46038.33,2252316,1602903,-28.83,건설,전후 재건(우크라/중동 전쟁 등) / 수자원(양적/질적 개선),2개통과,"KODEX 삼성그룹 · 편입상위
KODEX 삼성그룹밸류 · 편입상위
KODEX 건설 · 편입상위","KODEX 삼성그룹 (편입상위, 비중 2.10%, 20일선 +6.37%)
KODEX 삼성그룹밸류 (편입상위, 비중 7.51%, 20일선 +4.89%)
KODEX 건설 (편입상위, 비중 23.37%, 20일선 +11.79%)",https://finance.naver.com/item/main.naver?code=028050
2026-08-27,005935,삼성전자우,194300,15551101,51.09,23.79,122.05,183965.00,5.62,X,+1.62,174499.17,4417496,5396642,+22.17,반도체와반도체장비,S7(삼성전자/SK하이닉스 등),3개통과,"TIGER MSCI Korea TR · 편입상위
TIGER 배당커버드콜액티브 · 편입상위
KODEX MSCI Korea TR · 편입상위","TIGER MSCI Korea TR (편입상위, 비중 4.57%, 20일선 +5.22%)
TIGER 배당커버드콜액티브 (편입상위, 비중 4.91%, 20일선 +5.88%)
KODEX MSCI Korea TR (편입상위, 비중 4.56%, 20일선 +5.08%)",https://finance.naver.com/item/main.naver?code=005935
2026-08-27,089860,롯데렌탈,47250,17156,49.29,23.79,120.60,43340.00,9.02,X,+2.94,34049.17,103569,175052,+69.02,도로와철도운송,밸류업(24년 기업가치 제고계획 발표) / 렌터카 / 코리아 밸류업 지수(Korea Value-up Index),3개통과,"PLUS 고배당저변동50 · 편입상위
KODEX 운송 · 편입상위
TIGER 로우볼 · 편입상위","PLUS 고배당저변동50 (편입상위, 비중 3.06%, 20일선 +2.09%)
KODEX 운송 (편입상위, 비중 5.40%, 20일선 +2.11%)
TIGER 로우볼 (편입상위, 비중 3.27%, 20일선 +1.53%)",https://finance.naver.com/item/main.naver?code=089860
2026-08-27,483650,달바글로벌,222500,27870,48.93,23.79,120.31,232775.00,-4.41,X,-1.11,204865.00,191714,181001,-5.59,화장품,미용기기 / 화장품,2개통과,"TIGER 화장품 · 편입상위
HANARO K-뷰티 · 편입상위
TIGER 200 생활소비재 · 편입상위","TIGER 화장품 (편입상위, 비중 8.21%, 20일선 +10.17%)
HANARO K-뷰티 (편입상위, 비중 7.15%, 20일선 +7.39%)
TIGER 200 생활소비재 (편입상위, 비중 3.13%, 20일선 +3.28%)",https://finance.naver.com/item/main.naver?code=483650
2026-08-27,281820,케이씨텍,68700,13601,48.06,23.79,119.61,67135.00,2.33,O,+1.33,67916.25,267965,150326,-43.90,반도체와반도체장비,반도체 장비 / HBM(고대역폭메모리) / 반도체 재료/부품,1개통과,HANARO 반도체핵심공정주도주 · 편입상위,"HANARO 반도체핵심공정주도주 (편입상위, 비중 3.27%, 20일선 +6.04%)",https://finance.naver.com/item/main.naver?code=281820
2026-08-27,008060,대덕,16500,5162,44.23,23.79,116.51,15135.50,9.02,X,+5.43,16034.25,106062,73943,-30.28,전자장비와기기,지주사,0개통과,,,https://finance.naver.com/item/main.naver?code=008060
2026-08-27,032830,삼성생명,307000,614000,43.46,23.79,115.89,293100.00,4.74,X,+3.37,306120.83,508855,601074,+18.12,생명보험,생명보험 / S7(삼성전자/SK하이닉스 등),3개통과,"KODEX 삼성그룹 · 편입상위
KODEX 코스피 · 편입상위
TIGER 코스피 · 편입상위","KODEX 삼성그룹 (편입상위, 비중 8.50%, 20일선 +6.37%)
KODEX 코스피 (편입상위, 비중 1.19%, 20일선 +5.06%)
TIGER 코스피 (편입상위, 비중 1.18%, 20일선 +5.13%)",https://finance.naver.com/item/main.naver?code=032830
2026-08-27,018260,삼성에스디에스,234000,181064,40.20,23.79,113.26,225985.00,3.55,O,+0.43,196060.00,428817,209828,-51.07,IT서비스,IT 대표주 / SI(시스템통합) / 스마트팩토리(스마트공장),3개통과,"KODEX 삼성그룹 · 편입상위
TIGER 200 IT · 편입상위
SOL 코리아메가테크액티브 · 편입상위","KODEX 삼성그룹 (편입상위, 비중 2.66%, 20일선 +6.37%)
TIGER 200 IT (편입상위, 비중 1.56%, 20일선 +6.16%)
SOL 코리아메가테크액티브 (편입상위, 비중 3.59%, 20일선 +4.56%)",https://finance.naver.com/item/main.naver?code=018260
2026-08-27,005930,삼성전자,266000,15551101,38.83,23.79,112.15,251700.00,5.68,X,-1.85,255968.33,30707505,24849750,-19.08,반도체와반도체장비,피지컬 AI/휴머노이드 로봇 / IT 대표주 / S7(삼성전자/SK하이닉스 등),3개통과,"KODEX 200 · 편입상위
TIGER 200 · 편입상위
TIGER 반도체TOP10 · 편입상위","KODEX 200 (편입상위, 비중 35.37%, 20일선 +5.27%)
TIGER 200 (편입상위, 비중 35.40%, 20일선 +5.28%)
TIGER 반도체TOP10 (편입상위, 비중 31.53%, 20일선 +6.75%)",https://finance.naver.com/item/main.naver?code=005930
2026-08-27,000810,삼성화재,682000,304495,38.76,23.79,112.09,635450.00,7.33,X,+9.65,568354.17,147274,118028,-19.86,손해보험,손해보험 / 밸류업(25년 기업가치 제고계획 발표) / 코리아 밸류업 지수(Korea Value-up Index),3개통과,"KODEX 삼성그룹 · 편입상위
KODEX 금융고배당TOP10타겟위클리커버드콜 · 편입상위
TIGER 은행고배당플러스TOP10 · 편입상위","KODEX 삼성그룹 (편입상위, 비중 5.99%, 20일선 +6.37%)
KODEX 금융고배당TOP10타겟위클리커버드콜 (편입상위, 비중 10.52%, 20일선 +1.70%)
TIGER 은행고배당플러스TOP10 (편입상위, 비중 4.81%, 20일선 +1.79%)",https://finance.naver.com/item/main.naver?code=000810
2026-08-27,007070,GS리테일,25750,21528,35.81,23.79,109.71,26452.50,-2.66,X,-3.56,24028.92,202258,145563,-28.03,백화점과일반상점,편의점 / 홈쇼핑 / 소매유통,2개통과,"TIGER LG그룹플러스 · 편입상위
TRUSTON 코리아밸류업액티브 · 편입상위","TIGER LG그룹플러스 (편입상위, 비중 3.31%, 20일선 +4.27%)
TRUSTON 코리아밸류업액티브 (편입상위, 비중 2.90%, 20일선 +3.88%)",https://finance.naver.com/item/main.naver?code=007070
2026-08-27,066575,LG전자우,72400,323000,34.07,23.79,108.31,67185.00,7.76,O,+3.87,66303.33,204248,71551,-64.97,전자제품,개별 테마 확인 필요,1개통과,TIGER 우선주 · 편입상위,"TIGER 우선주 (편입상위, 비중 5.79%, 20일선 +3.43%)",https://finance.naver.com/item/main.naver?code=066575
2026-08-27,021240,코웨이,98300,69564,31.95,23.79,106.59,95560.00,2.87,X,+5.25,87138.33,223902,145550,-34.99,가정용기기와용품,제습기 / 여름 / 밸류업(25년 기업가치 제고계획 발표),3개통과,"BNK 주주가치액티브 · 편입상위
KIWOOM 블루칩 · 편입상위
KODEX 경기소비재 · 편입상위","BNK 주주가치액티브 (편입상위, 비중 2.64%, 20일선 +3.01%)
KIWOOM 블루칩 (편입상위, 비중 2.79%, 20일선 +2.90%)
KODEX 경기소비재 (편입상위, 비중 13.42%, 20일선 +1.62%)",https://finance.naver.com/item/main.naver?code=021240
2026-08-27,028260,삼성물산,375500,608939,28.16,23.79,103.53,353350.00,6.27,X,+0.40,362516.67,637334,422893,-33.65,복합기업,S7(삼성전자/SK하이닉스 등) / 모듈러주택 / 자원개발,3개통과,"KODEX 200 · 편입상위
TIGER 200 · 편입상위
KODEX 200TR · 편입상위","KODEX 200 (편입상위, 비중 1.03%, 20일선 +5.27%)
TIGER 200 (편입상위, 비중 1.03%, 20일선 +5.28%)
KODEX 200TR (편입상위, 비중 1.03%, 20일선 +5.35%)",https://finance.naver.com/item/main.naver?code=028260
2026-08-27,017670,SK텔레콤,99100,212856,27.21,23.79,102.77,92610.00,7.01,X,+2.59,91872.50,1735818,1738369,+0.15,무선통신서비스,통신 / 자율주행차 / UAM(도심항공모빌리티),3개통과,"TIME Korea플러스배당액티브 · 편입상위
TIME 코스피액티브 · 편입상위
TIGER 경기방어 · 편입상위","TIME Korea플러스배당액티브 (편입상위, 비중 3.51%, 20일선 +3.69%)
TIME 코스피액티브 (편입상위, 비중 2.06%, 20일선 +5.46%)
TIGER 경기방어 (편입상위, 비중 9.11%, 20일선 +2.69%)",https://finance.naver.com/item/main.naver?code=017670
2026-08-27,051900,LG생활건강,298500,44701,26.75,23.79,102.39,306425.00,-2.59,X,-1.97,257916.67,82293,77569,-5.74,화장품,밸류업(24년 기업가치 제고계획 발표) / 여름 / 음식료업종,2개통과,"TIGER 화장품 · 편입상위
TIGER LG그룹플러스 · 편입상위
TIGER 중국소비테마 · 편입상위","TIGER 화장품 (편입상위, 비중 9.58%, 20일선 +10.17%)
TIGER LG그룹플러스 (편입상위, 비중 4.81%, 20일선 +4.27%)
TIGER 중국소비테마 (편입상위, 비중 5.63%, 20일선 +4.41%)",https://finance.naver.com/item/main.naver?code=051900
2026-08-27,282330,BGF리테일,139700,24145,21.16,23.79,97.88,139590.00,0.08,X,-2.17,129184.17,89334,68305,-23.54,백화점과일반상점,편의점 / 밸류업(25년 기업가치 제고계획 발표) / 소매유통,2개통과,"RISE K엔터&여행레저 · 편입상위
TIGER 우량가치 · 편입상위","RISE K엔터&여행레저 (편입상위, 비중 4.85%, 20일선 -0.98%)
TIGER 우량가치 (편입상위, 비중 2.28%, 20일선 +2.70%)",https://finance.naver.com/item/main.naver?code=282330
2026-08-27,086790,하나금융지주,133600,366555,20.14,23.79,97.05,129390.00,3.25,X,+8.27,121267.50,904615,685386,-24.23,은행,밸류업(24년 기업가치 제고계획 발표) / STO(토큰증권 발행) / 토스(toss),3개통과,"KODEX 200 · 편입상위
TIGER 200 · 편입상위
KODEX 200TR · 편입상위","KODEX 200 (편입상위, 비중 0.86%, 20일선 +5.27%)
TIGER 200 (편입상위, 비중 0.87%, 20일선 +5.28%)
KODEX 200TR (편입상위, 비중 0.86%, 20일선 +5.35%)",https://finance.naver.com/item/main.naver?code=086790
2026-08-27,078935,GS우,64600,114447,20.07,23.79,97.00,60835.00,6.19,X,+2.38,55669.17,8221,10348,+25.87,석유와가스,개별 테마 확인 필요,0개통과,,,https://finance.naver.com/item/main.naver?code=078935
2026-08-27,064400,LG씨엔에스,74400,72083,18.66,23.79,95.86,71910.00,3.46,O,+0.81,73942.50,1434637,868452,-39.47,IT서비스,SI(시스템통합) / 스마트팩토리(스마트공장) / 클라우드 컴퓨팅,3개통과,"RISE AI&로봇 · 편입상위
TIGER 소프트웨어 · 편입상위
ACE 코리아AI테크핵심산업 · 편입상위","RISE AI&로봇 (편입상위, 비중 5.43%, 20일선 -1.27%)
TIGER 소프트웨어 (편입상위, 비중 5.70%, 20일선 -1.25%)
ACE 코리아AI테크핵심산업 (편입상위, 비중 4.42%, 20일선 +4.19%)",https://finance.naver.com/item/main.naver?code=064400
2026-08-27,003550,LG,114500,173114,18.29,23.79,95.55,108690.00,5.35,O,+3.71,102825.83,491862,303869,-38.22,복합기업,밸류업(24년 기업가치 제고계획 발표) / 지주사 / 스마트팩토리(스마트공장),3개통과,"TIGER 200 IT · 편입상위
TIGER 200IT레버리지 · 편입상위
TIGER 지주회사 · 편입상위","TIGER 200 IT (편입상위, 비중 1.73%, 20일선 +6.16%)
TIGER 200IT레버리지 (편입상위, 비중 3.49%, 20일선 +9.51%)
TIGER 지주회사 (편입상위, 비중 7.82%, 20일선 +4.93%)",https://finance.naver.com/item/main.naver?code=003550
2026-08-27,073240,금호타이어,7110,20424,17.72,23.79,95.09,7358.50,-3.38,O,-4.18,5892.92,6863633,5607547,-18.30,자동차부품,타이어,3개통과,"KODEX 자동차 · 편입상위
KODEX 200동일가중 · 편입상위
TIGER 200동일가중 · 편입상위","KODEX 자동차 (편입상위, 비중 2.08%, 20일선 -4.23%)
KODEX 200동일가중 (편입상위, 비중 0.87%, 20일선 +3.82%)
TIGER 200동일가중 (편입상위, 비중 0.87%, 20일선 +3.21%)",https://finance.naver.com/item/main.naver?code=073240
2026-08-27,055550,신한지주,108800,510761,17.12,23.79,94.61,104945.00,3.67,X,+7.62,99062.50,1428969,996722,-30.25,은행,밸류업(24년 기업가치 제고계획 발표) / STO(토큰증권 발행) / 지주사,3개통과,"KODEX 200 · 편입상위
TIGER 200 · 편입상위
KODEX 200TR · 편입상위","KODEX 200 (편입상위, 비중 1.14%, 20일선 +5.27%)
TIGER 200 (편입상위, 비중 1.16%, 20일선 +5.28%)
KODEX 200TR (편입상위, 비중 1.14%, 20일선 +5.35%)",https://finance.naver.com/item/main.naver?code=055550
2026-08-27,453340,현대그린푸드,18280,5935,17.03,23.79,94.54,18517.50,-1.28,X,+0.83,17191.92,48824,39353,-19.40,식품,밸류업(24년 기업가치 제고계획 발표) / 음식료업종,0개통과,,,https://finance.naver.com/item/main.naver?code=453340
2026-08-27,003490,대한항공,28200,103838,15.10,23.79,92.98,26330.00,7.10,X,+12.57,25840.42,2803288,2914786,+3.98,항공사,환율하락 수혜 / UAM(도심항공모빌리티) / 밸류업(24년 기업가치 제고계획 발표),3개통과,"TIGER 여행레저 · 편입상위
RISE K엔터&여행레저 · 편입상위
KODEX 운송 · 편입상위","TIGER 여행레저 (편입상위, 비중 9.84%, 20일선 +3.87%)
RISE K엔터&여행레저 (편입상위, 비중 13.11%, 20일선 -0.98%)
KODEX 운송 (편입상위, 비중 20.49%, 20일선 +2.11%)",https://finance.naver.com/item/main.naver?code=003490
2026-08-27,003300,한일홀딩스,18890,5824,14.83,23.79,92.76,17676.50,6.87,X,+7.45,17215.25,19851,19757,-0.47,건축자재,지주사,0개통과,,,https://finance.naver.com/item/main.naver?code=003300
2026-08-27,001530,DI동일,25350,5251,14.45,23.79,92.45,24390.00,3.94,X,+4.54,24175.58,41724,26635,-36.16,"섬유,의류,신발,호화품",여름 / 밸류업(25년 기업가치 제고계획 발표) / 2차전지,0개통과,,,https://finance.naver.com/item/main.naver?code=001530
2026-08-27,082640,동양생명,8250,12875,13.79,23.79,91.92,8247.50,0.03,O,+0.00,8060.83,119023,0,-100.00,생명보험,생명보험,0개통과,,,https://finance.naver.com/item/main.naver?code=082640
2026-08-27,105560,KB금융,168100,596230,12.82,23.79,91.14,167825.00,0.16,X,+5.06,160000.00,1450509,921749,-36.45,은행,밸류업(24년 기업가치 제고계획 발표) / STO(토큰증권 발행) / 지주사,3개통과,"KODEX 200 · 편입상위
TIGER 200 · 편입상위
KODEX 200TR · 편입상위","KODEX 200 (편입상위, 비중 1.35%, 20일선 +5.27%)
TIGER 200 (편입상위, 비중 1.35%, 20일선 +5.28%)
KODEX 200TR (편입상위, 비중 1.35%, 20일선 +5.35%)",https://finance.naver.com/item/main.naver?code=105560
2026-08-27,010955,S-Oil우,66100,153900,12.80,23.79,91.12,65700.00,0.61,X,-1.78,58619.17,20736,14522,-29.97,석유와가스,개별 테마 확인 필요,0개통과,,,https://finance.naver.com/item/main.naver?code=010955
2026-08-27,033780,KT&G,174500,181149,11.43,23.79,90.01,177525.00,-1.70,O,+1.51,173008.33,311296,258827,-16.86,담배,밸류업(24년 기업가치 제고계획 발표) / 코리아 밸류업 지수(Korea Value-up Index) / 건강기능식품,3개통과,"TIGER 경기방어 · 편입상위
KODEX 필수소비재 · 편입상위
KODEX 모멘텀Plus · 편입상위","TIGER 경기방어 (편입상위, 비중 9.26%, 20일선 +2.69%)
KODEX 필수소비재 (편입상위, 비중 21.18%, 20일선 +4.68%)
KODEX 모멘텀Plus (편입상위, 비중 4.43%, 20일선 +5.78%)",https://finance.naver.com/item/main.naver?code=033780
2026-08-27,003690,코리안리,14500,25624,10.60,23.79,89.35,14421.00,0.55,O,-0.82,13245.08,420445,241296,-42.61,손해보험,생명보험 / 손해보험,3개통과,"KODEX 고배당주 · 편입상위
ACE 라이프자산주주가치액티브 · 편입상위
KODEX 보험 · 편입상위","KODEX 고배당주 (편입상위, 비중 4.26%, 20일선 +1.77%)
ACE 라이프자산주주가치액티브 (편입상위, 비중 3.19%, 20일선 +3.01%)
KODEX 보험 (편입상위, 비중 9.68%, 20일선 +7.31%)",https://finance.naver.com/item/main.naver?code=003690
2026-08-27,001800,오리온홀딩스,25300,15219,10.24,23.79,89.05,26145.00,-3.23,X,-0.78,25083.33,121643,76434,-37.16,식품,지주사,2개통과,"KODEX 코리아배당성장 · 편입상위
TIGER 배당성장 · 편입상위","KODEX 코리아배당성장 (편입상위, 비중 3.66%, 20일선 +0.18%)
TIGER 배당성장 (편입상위, 비중 3.66%, 20일선 +0.62%)",https://finance.naver.com/item/main.naver?code=001800
2026-08-27,294870,IPARK현대산업개발,23000,15158,10.05,23.79,88.90,21836.00,5.33,X,+5.75,21063.58,210612,171007,-18.81,건설,GTX(수도권 광역급행철도) / 부동산 보유 자산주 / 건설 대표주,2개통과,"KODEX 건설 · 편입상위
TIGER MKF배당귀족 · 편입상위
TIGER 우량가치 · 편입상위","KODEX 건설 (편입상위, 비중 2.88%, 20일선 +11.79%)
TIGER MKF배당귀족 (편입상위, 비중 3.95%, 20일선 +0.39%)
TIGER 우량가치 (편입상위, 비중 2.31%, 20일선 +2.70%)",https://finance.naver.com/item/main.naver?code=294870
2026-08-27,008930,한미사이언스,42100,28792,9.78,23.79,88.68,43360.00,-2.91,X,-4.86,36140.00,180009,776336,+331.28,제약,밸류업(24년 기업가치 제고계획 발표) / 지주사 / 밸류업(25년 기업가치 제고계획 발표),3개통과,"KODEX 바이오 · 편입상위
TIGER 200 헬스케어 · 편입상위
KODEX 200동일가중 · 편입상위","KODEX 바이오 (편입상위, 비중 3.53%, 20일선 +0.69%)
TIGER 200 헬스케어 (편입상위, 비중 3.71%, 20일선 +3.67%)
KODEX 200동일가중 (편입상위, 비중 0.81%, 20일선 +3.82%)",https://finance.naver.com/item/main.naver?code=008930
2026-08-27,090430,아모레퍼시픽,142400,83293,9.37,23.79,88.35,136230.00,4.53,X,+4.25,125738.33,343682,263847,-23.23,화장품,밸류업(24년 기업가치 제고계획 발표) / 코리아 밸류업 지수(Korea Value-up Index) / 마이크로바이옴,2개통과,"TIGER 화장품 · 편입상위
TIGER 중국소비테마 · 편입상위
TIGER 경기방어 · 편입상위","TIGER 화장품 (편입상위, 비중 8.55%, 20일선 +10.17%)
TIGER 중국소비테마 (편입상위, 비중 5.26%, 20일선 +4.41%)
TIGER 경기방어 (편입상위, 비중 2.58%, 20일선 +2.69%)",https://finance.naver.com/item/main.naver?code=090430
2026-08-27,000815,삼성화재우,422500,304495,8.47,23.79,87.63,402850.00,4.88,X,+4.19,391787.50,15724,11765,-25.17,손해보험,개별 테마 확인 필요,1개통과,TIGER 우선주 · 편입상위,"TIGER 우선주 (편입상위, 비중 5.70%, 20일선 +3.43%)",https://finance.naver.com/item/main.naver?code=000815
2026-08-27,462870,시프트업,32700,19208,8.28,23.79,87.47,32107.50,1.85,O,-0.46,31949.58,110840,49393,-55.44,게임엔터테인먼트,게임 / 모바일게임(스마트폰),3개통과,"TIGER Fn메타버스 · 편입상위
KODEX 게임산업 · 편입상위
RISE 게임테마 · 편입상위","TIGER Fn메타버스 (편입상위, 비중 4.79%, 20일선 -1.96%)
KODEX 게임산업 (편입상위, 비중 10.04%, 20일선 -3.17%)
RISE 게임테마 (편입상위, 비중 11.82%, 20일선 -1.76%)",https://finance.naver.com/item/main.naver?code=462870
2026-08-27,004370,농심,427000,25972,7.56,23.79,86.89,411050.00,3.88,X,-3.17,377720.83,29429,51873,+76.26,식품,환율하락 수혜 / 밸류업(25년 기업가치 제고계획 발표) / 음식료업종,3개통과,"TIGER 중국소비테마 · 편입상위
TIGER MKF배당귀족 · 편입상위
HANARO Fn K-푸드 · 편입상위","TIGER 중국소비테마 (편입상위, 비중 4.93%, 20일선 +4.41%)
TIGER MKF배당귀족 (편입상위, 비중 4.10%, 20일선 +0.39%)
HANARO Fn K-푸드 (편입상위, 비중 16.55%, 20일선 +3.86%)",https://finance.naver.com/item/main.naver?code=004370
2026-08-27,020560,아시아나항공,7530,15511,6.66,23.79,86.16,7116.50,5.81,X,+8.97,7131.75,149138,126746,-15.01,항공사,환율하락 수혜 / 항공/저가 항공사(LCC),3개통과,"TIGER 여행레저 · 편입상위
KODEX 운송 · 편입상위
HK S&P코리아로우볼 · 편입상위","TIGER 여행레저 (편입상위, 비중 9.94%, 20일선 +3.87%)
KODEX 운송 (편입상위, 비중 4.79%, 20일선 +2.11%)
HK S&P코리아로우볼 (편입상위, 비중 2.64%, 20일선 +1.63%)",https://finance.naver.com/item/main.naver?code=020560
2026-08-27,161390,한국타이어앤테크놀로지,65600,81262,6.32,23.79,85.89,68095.00,-3.66,O,-1.35,64117.50,395534,228696,-42.18,자동차부품,밸류업(25년 기업가치 제고계획 발표) / 타이어,3개통과,"KODEX 자동차 · 편입상위
KODEX 자율주행액티브 · 편입상위
KODEX 모멘텀Plus · 편입상위","KODEX 자동차 (편입상위, 비중 12.13%, 20일선 -4.23%)
KODEX 자율주행액티브 (편입상위, 비중 5.78%, 20일선 +2.12%)
KODEX 모멘텀Plus (편입상위, 비중 2.65%, 20일선 +5.78%)",https://finance.naver.com/item/main.naver?code=161390
2026-08-27,079160,CJ CGV,5370,8891,5.29,23.79,85.06,5318.00,0.98,X,+3.07,4799.21,529544,669829,+26.49,방송과엔터테인먼트,영화,0개통과,,,https://finance.naver.com/item/main.naver?code=079160
2026-08-27,180640,한진칼,126600,84521,4.46,23.79,84.38,119340.00,6.08,X,+10.57,117040.00,128774,82113,-36.23,항공사,지주사 / 밸류업(25년 기업가치 제고계획 발표) / 코리아 밸류업 지수(Korea Value-up Index),3개통과,"TIGER 지주회사 · 편입상위
KODEX 경기소비재 · 편입상위
RISE 수출주 · 편입상위","TIGER 지주회사 (편입상위, 비중 8.19%, 20일선 +4.93%)
KODEX 경기소비재 (편입상위, 비중 14.34%, 20일선 +1.62%)
RISE 수출주 (편입상위, 비중 2.28%, 20일선 +4.70%)",https://finance.naver.com/item/main.naver?code=180640
2026-08-27,138040,메리츠금융지주,119000,199143,2.76,23.79,83.01,119905.00,-0.75,X,+3.30,113032.50,296071,229649,-22.43,증권,밸류업(24년 기업가치 제고계획 발표) / 지주사 / 밸류업(25년 기업가치 제고계획 발표),3개통과,"TIME Korea플러스배당액티브 · 편입상위
SOL 금융지주플러스고배당 · 편입상위
TIGER 200 금융 · 편입상위","TIME Korea플러스배당액티브 (편입상위, 비중 3.97%, 20일선 +3.69%)
SOL 금융지주플러스고배당 (편입상위, 비중 2.60%, 20일선 +1.46%)
TIGER 200 금융 (편입상위, 비중 3.16%, 20일선 +2.09%)",https://finance.naver.com/item/main.naver?code=138040
2026-08-27,139130,iM금융지주,17710,28046,2.67,23.79,82.94,17249.50,2.67,X,+4.18,17618.42,578891,369424,-36.18,은행,밸류업(24년 기업가치 제고계획 발표) / 지주사 / 은행,3개통과,"TIGER 은행고배당플러스TOP10 · 편입상위
SOL 금융지주플러스고배당 · 편입상위
KODEX 은행 · 편입상위","TIGER 은행고배당플러스TOP10 (편입상위, 비중 2.75%, 20일선 +1.79%)
SOL 금융지주플러스고배당 (편입상위, 비중 1.88%, 20일선 +1.46%)
KODEX 은행 (편입상위, 비중 1.77%, 20일선 +1.66%)",https://finance.naver.com/item/main.naver?code=139130
2026-08-27,026960,동서,25850,25772,1.57,23.79,82.05,25957.50,-0.41,X,+1.37,25740.00,91632,60808,-33.64,식품,음식료업종 / 코리아 밸류업 지수(Korea Value-up Index),1개통과,RISE 중소형고배당 · 편입상위,"RISE 중소형고배당 (편입상위, 비중 3.92%, 20일선 +0.43%)",https://finance.naver.com/item/main.naver?code=026960
2026-08-27,010950,S-Oil,136700,153900,1.48,23.79,81.98,137440.00,-0.54,X,-4.14,120440.83,420309,319912,-23.89,석유와가스,정유 / 윤활유 / LPG(액화석유가스),3개통과,"에셋플러스 코리아대장장이액티브 · 편입상위
FOCUS AI코리아액티브 · 편입상위
TIGER 모멘텀 · 편입상위","에셋플러스 코리아대장장이액티브 (편입상위, 비중 5.08%, 20일선 +5.54%)
FOCUS AI코리아액티브 (편입상위, 비중 4.54%, 20일선 +3.09%)
TIGER 모멘텀 (편입상위, 비중 3.63%, 20일선 +3.70%)",https://finance.naver.com/item/main.naver?code=010950
2026-08-27,268280,미원에스씨,130300,6515,1.32,23.79,81.85,125435.00,3.88,X,+5.08,115619.17,3522,2643,-24.96,화학,개별 테마 확인 필요,2개통과,"KODEX 200동일가중 · 편입상위
TIGER 200동일가중 · 편입상위","KODEX 200동일가중 (편입상위, 비중 0.67%, 20일선 +3.82%)
TIGER 200동일가중 (편입상위, 비중 0.68%, 20일선 +3.21%)",https://finance.naver.com/item/main.naver?code=268280
2026-08-27,000400,롯데손해보험,2080,6454,0.97,23.79,81.57,2003.40,3.82,O,+2.72,2067.53,907997,416175,-54.17,손해보험,손해보험,0개통과,,,https://finance.naver.com/item/main.naver?code=000400
2026-08-27,011200,HMM,21450,202324,0.94,23.79,81.54,21502.50,-0.24,X,+1.18,20419.67,1542673,2074355,+34.46,해운사,해운 / 밸류업(25년 기업가치 제고계획 발표) / 코리아 밸류업 지수(Korea Value-up Index),3개통과,"HANARO Fn조선해운 · 편입상위
KODEX 친환경조선해운액티브 · 편입상위
KIWOOM 블루칩 · 편입상위","HANARO Fn조선해운 (편입상위, 비중 19.39%, 20일선 -0.15%)
KODEX 친환경조선해운액티브 (편입상위, 비중 6.46%, 20일선 +0.78%)
KIWOOM 블루칩 (편입상위, 비중 3.05%, 20일선 +2.90%)",https://finance.naver.com/item/main.naver?code=011200
2026-08-27,036460,한국가스공사,36900,34063,-0.54,23.79,80.35,35732.50,3.27,O,+1.51,35471.25,186848,126973,-32.04,가스유틸리티,환율하락 수혜 / LNG(액화천연가스) / 셰일가스(Shale Gas),2개통과,"RISE 우량업종대표주 · 편입상위
RISE 중소형고배당 · 편입상위","RISE 우량업종대표주 (편입상위, 비중 2.52%, 20일선 +3.20%)
RISE 중소형고배당 (편입상위, 비중 3.26%, 20일선 +0.43%)",https://finance.naver.com/item/main.naver?code=036460
2026-08-27,028670,팬오션,5620,30042,-0.71,23.79,80.21,5758.00,-2.40,X,-2.60,5364.33,2811203,5086118,+80.92,해운사,LNG(액화천연가스) / 해운,3개통과,"ACE 라이프자산주주가치액티브 · 편입상위
HANARO Fn조선해운 · 편입상위
KODEX 친환경조선해운액티브 · 편입상위","ACE 라이프자산주주가치액티브 (편입상위, 비중 2.28%, 20일선 +3.01%)
HANARO Fn조선해운 (편입상위, 비중 3.21%, 20일선 -0.15%)
KODEX 친환경조선해운액티브 (편입상위, 비중 7.09%, 20일선 +0.78%)",https://finance.naver.com/item/main.naver?code=028670
2026-08-27,300720,한일시멘트,16330,12009,-0.79,23.79,80.14,14934.50,9.34,X,+7.65,15433.50,115700,99643,-13.88,건축자재,시멘트/레미콘,2개통과,"TIGER 200 건설 · 편입상위
TIGER 코스피고배당 · 편입상위
KIWOOM 코리아고배당 · 편입상위","TIGER 200 건설 (편입상위, 비중 1.06%, 20일선 +10.78%)
TIGER 코스피고배당 (편입상위, 비중 3.33%, 20일선 +1.92%)
KIWOOM 코리아고배당 (편입상위, 비중 6.16%, 20일선 +0.39%)",https://finance.naver.com/item/main.naver?code=300720
2026-08-28,009150,삼성전기,1.421e+06,1061397,251.30,21.56,289.00,1332900.00,6.61,X,+7.98,1178475.00,1056139,726167,-31.24,전자장비와기기,S7(삼성전자/SK하이닉스 등) / 자율주행차 / 카메라모듈/부품,3개통과,"KODEX 200 · 편입상위
TIGER 200 · 편입상위
KODEX 200TR · 편입상위","KODEX 200 (편입상위, 비중 1.98%, 20일선 +2.42%)
TIGER 200 (편입상위, 비중 1.99%, 20일선 +2.51%)
KODEX 200TR (편입상위, 비중 1.98%, 20일선 +2.52%)",https://finance.naver.com/item/main.naver?code=009150
2026-08-28,009155,삼성전기우,507000,1061397,211.23,21.56,256.04,470350.00,7.79,X,+9.98,428389.17,89592,39008,-56.46,전자장비와기기,개별 테마 확인 필요,1개통과,TIGER 우선주 · 편입상위,"TIGER 우선주 (편입상위, 비중 6.67%, 20일선 +1.90%)",https://finance.naver.com/item/main.naver?code=009155
2026-08-28,006340,대원전선,13610,10672,146.56,21.56,202.83,14124.00,-3.64,O,+2.72,10767.58,12709467,3646514,-71.31,전기장비,철도 / 전선 / 전력설비,2개통과,"KODEX AI전력핵심설비 · 편입상위
HANARO 전력설비투자 · 편입상위","KODEX AI전력핵심설비 (편입상위, 비중 1.99%, 20일선 +7.62%)
HANARO 전력설비투자 (편입상위, 비중 1.92%, 20일선 +7.55%)",https://finance.naver.com/item/main.naver?code=006340
2026-08-28,006345,대원전선우,9920,10672,140.78,21.56,198.07,10200.00,-2.75,O,-1.49,9795.62,493666,55000,-88.86,전기장비,개별 테마 확인 필요,0개통과,,,https://finance.naver.com/item/main.naver?code=006345
2026-08-28,475150,SK이터닉스,55800,19009,104.40,21.56,168.15,53950.00,3.43,X,+8.77,49827.92,6014655,2929835,-51.29,에너지장비및서비스,전력저장장치(ESS) / 태양광에너지 / 풍력에너지,2개통과,"KODEX 신재생에너지액티브 · 편입상위
PLUS 태양광&ESS · 편입상위","KODEX 신재생에너지액티브 (편입상위, 비중 6.54%, 20일선 +7.57%)
PLUS 태양광&ESS (편입상위, 비중 6.75%, 20일선 +6.21%)",https://finance.naver.com/item/main.naver?code=475150
2026-08-28,007340,DN오토모티브,47200,27617,88.05,21.56,154.70,48137.50,-1.95,X,+6.79,41159.58,234692,452649,+92.87,자동차부품,자동차부품 / 지주사,2개통과,"KODEX 자동차 · 편입상위
ACE 라이프자산주주가치액티브 · 편입상위","KODEX 자동차 (편입상위, 비중 2.32%, 20일선 -3.79%)
ACE 라이프자산주주가치액티브 (편입상위, 비중 4.59%, 20일선 +2.51%)",https://finance.naver.com/item/main.naver?code=007340
2026-08-28,010060,OCI홀딩스,274500,51249,81.19,21.56,149.05,261035.00,5.16,X,+3.58,249918.33,322809,226806,-29.74,화학,지주사 / 태양광에너지,3개통과,"KODEX 신재생에너지액티브 · 편입상위
TIGER 지주회사 · 편입상위
PLUS 태양광&ESS · 편입상위","KODEX 신재생에너지액티브 (편입상위, 비중 7.61%, 20일선 +7.57%)
TIGER 지주회사 (편입상위, 비중 5.15%, 20일선 +4.80%)
PLUS 태양광&ESS (편입상위, 비중 19.94%, 20일선 +6.21%)",https://finance.naver.com/item/main.naver?code=010060
2026-08-28,066570,LG전자,201500,328212,70.76,21.56,140.48,191570.00,5.18,O,+3.60,176365.83,1901780,819633,-56.90,전자제품,피지컬 AI/휴머노이드 로봇 / IT 대표주 / 제습기,3개통과,"TIGER 200 IT · 편입상위
KODEX 로봇액티브 · 편입상위
TIGER 200IT레버리지 · 편입상위","TIGER 200 IT (편입상위, 비중 3.76%, 20일선 +3.38%)
KODEX 로봇액티브 (편입상위, 비중 7.38%, 20일선 -1.47%)
TIGER 200IT레버리지 (편입상위, 비중 7.59%, 20일선 +5.10%)",https://finance.naver.com/item/main.naver?code=066570
2026-08-28,002995,금호건설우,22200,6341,62.28,21.56,133.50,20961.00,5.91,X,+3.26,18347.75,34753,25687,-26.09,건설,개별 테마 확인 필요,0개통과,,,https://finance.naver.com/item/main.naver?code=002995
2026-08-28,375500,DL이앤씨,73300,28362,60.04,21.56,131.66,70460.00,4.03,X,+7.48,72890.42,458458,292764,-36.14,건설,전후 재건(우크라/중동 전쟁 등) / GTX(수도권 광역급행철도) / 건설 대표주,2개통과,"KODEX 건설 · 편입상위
TIGER 200 건설 · 편입상위","KODEX 건설 (편입상위, 비중 7.79%, 20일선 +9.05%)
TIGER 200 건설 (편입상위, 비중 6.46%, 20일선 +7.83%)",https://finance.naver.com/item/main.naver?code=375500
2026-08-28,483650,달바글로벌,229000,28684,52.36,21.56,125.34,232550.00,-1.53,X,+5.77,205528.33,188120,132476,-29.58,화장품,미용기기 / 화장품,1개통과,"TIGER 화장품 · 편입상위
HANARO K-뷰티 · 편입상위
TIGER 200 생활소비재 · 편입상위","TIGER 화장품 (편입상위, 비중 8.21%, 20일선 +16.19%)
HANARO K-뷰티 (편입상위, 비중 7.15%, 20일선 +13.33%)
TIGER 200 생활소비재 (편입상위, 비중 3.13%, 20일선 +5.97%)",https://finance.naver.com/item/main.naver?code=483650
2026-08-28,010120,LS ELECTRIC,214500,321750,52.34,21.56,125.33,202330.00,6.01,X,+14.71,210002.50,986823,654541,-33.67,전기장비,전기차 / 전력저장장치(ESS) / 스마트팩토리(스마트공장),3개통과,"KODEX AI전력핵심설비 · 편입상위
HANARO 원자력iSelect · 편입상위
KODEX 신재생에너지액티브 · 편입상위","KODEX AI전력핵심설비 (편입상위, 비중 20.51%, 20일선 +7.62%)
HANARO 원자력iSelect (편입상위, 비중 13.98%, 20일선 +9.81%)
KODEX 신재생에너지액티브 (편입상위, 비중 3.24%, 20일선 +7.57%)",https://finance.naver.com/item/main.naver?code=010120
2026-08-28,034730,SK,543000,393689,51.46,21.56,124.60,547500.00,-0.82,X,-7.34,521675.00,272192,149913,-44.92,석유와가스,LNG(액화천연가스) / 냉각시스템(액침냉각 등) / SI(시스템통합),3개통과,"TIME Korea플러스배당액티브 · 편입상위
TIGER 지주회사 · 편입상위
TIME 코리아밸류업액티브 · 편입상위","TIME Korea플러스배당액티브 (편입상위, 비중 3.32%, 20일선 +2.72%)
TIGER 지주회사 (편입상위, 비중 8.76%, 20일선 +4.80%)
TIME 코리아밸류업액티브 (편입상위, 비중 2.40%, 20일선 +2.35%)",https://finance.naver.com/item/main.naver?code=034730
2026-08-28,089860,롯데렌탈,47700,17319,50.47,21.56,123.79,43847.50,8.79,X,+3.92,34182.92,103784,161677,+55.78,도로와철도운송,밸류업(24년 기업가치 제고계획 발표) / 렌터카 / 코리아 밸류업 지수(Korea Value-up Index),3개통과,"PLUS 고배당저변동50 · 편입상위
KODEX 운송 · 편입상위
TIGER 로우볼 · 편입상위","PLUS 고배당저변동50 (편입상위, 비중 3.06%, 20일선 +3.17%)
KODEX 운송 (편입상위, 비중 5.40%, 20일선 +2.86%)
TIGER 로우볼 (편입상위, 비중 3.27%, 20일선 +2.97%)",https://finance.naver.com/item/main.naver?code=089860
2026-08-28,018260,삼성에스디에스,243000,188028,48.26,21.56,121.97,228200.00,6.49,X,+6.58,196694.17,395505,201429,-49.07,IT서비스,IT 대표주 / SI(시스템통합) / 스마트팩토리(스마트공장),3개통과,"KODEX 삼성그룹 · 편입상위
TIGER 200 IT · 편입상위
SOL 코리아메가테크액티브 · 편입상위","KODEX 삼성그룹 (편입상위, 비중 2.66%, 20일선 +4.81%)
TIGER 200 IT (편입상위, 비중 1.56%, 20일선 +3.38%)
SOL 코리아메가테크액티브 (편입상위, 비중 3.59%, 20일선 +2.46%)",https://finance.naver.com/item/main.naver?code=018260
2026-08-28,032830,삼성생명,310000,620000,47.62,21.56,121.44,295400.00,4.94,X,-5.63,306920.83,513690,570780,+11.11,생명보험,생명보험 / S7(삼성전자/SK하이닉스 등),3개통과,"KODEX 삼성그룹 · 편입상위
KODEX 코스피 · 편입상위
TIGER 코스피 · 편입상위","KODEX 삼성그룹 (편입상위, 비중 8.50%, 20일선 +4.81%)
KODEX 코스피 (편입상위, 비중 1.19%, 20일선 +2.72%)
TIGER 코스피 (편입상위, 비중 1.18%, 20일선 +2.64%)",https://finance.naver.com/item/main.naver?code=032830
2026-08-28,005935,삼성전자우,186800,15024936,45.94,21.56,120.06,185755.00,0.56,X,-9.76,174984.17,4441067,5138130,+15.70,반도체와반도체장비,S7(삼성전자/SK하이닉스 등),3개통과,"TIGER MSCI Korea TR · 편입상위
TIGER 배당커버드콜액티브 · 편입상위
KODEX MSCI Korea TR · 편입상위","TIGER MSCI Korea TR (편입상위, 비중 4.57%, 20일선 +2.34%)
TIGER 배당커버드콜액티브 (편입상위, 비중 4.91%, 20일선 +2.57%)
KODEX MSCI Korea TR (편입상위, 비중 4.56%, 20일선 +2.05%)",https://finance.naver.com/item/main.naver?code=005935
2026-08-28,028050,삼성E&A,48750,95550,45.74,21.56,119.89,47790.00,2.01,X,+7.97,46168.33,2250746,1565278,-30.46,건설,전후 재건(우크라/중동 전쟁 등) / 수자원(양적/질적 개선),3개통과,"KODEX 삼성그룹 · 편입상위
KODEX 삼성그룹밸류 · 편입상위
KODEX 건설 · 편입상위","KODEX 삼성그룹 (편입상위, 비중 2.10%, 20일선 +4.81%)
KODEX 삼성그룹밸류 (편입상위, 비중 7.51%, 20일선 +3.52%)
KODEX 건설 (편입상위, 비중 23.37%, 20일선 +9.05%)",https://finance.naver.com/item/main.naver?code=028050
2026-08-28,007070,GS리테일,26650,22281,41.98,21.56,116.80,26555.00,0.36,X,+3.29,24093.00,203498,140489,-30.96,백화점과일반상점,편의점 / 홈쇼핑 / 소매유통,2개통과,"TIGER LG그룹플러스 · 편입상위
TRUSTON 코리아밸류업액티브 · 편입상위","TIGER LG그룹플러스 (편입상위, 비중 3.31%, 20일선 +5.07%)
TRUSTON 코리아밸류업액티브 (편입상위, 비중 2.90%, 20일선 +1.74%)",https://finance.naver.com/item/main.naver?code=007070
2026-08-28,000810,삼성화재,687000,306728,38.37,21.56,113.83,638900.00,7.53,X,+3.93,569983.33,145484,105187,-27.70,손해보험,손해보험 / 밸류업(25년 기업가치 제고계획 발표) / 코리아 밸류업 지수(Korea Value-up Index),3개통과,"KODEX 삼성그룹 · 편입상위
KODEX 금융고배당TOP10타겟위클리커버드콜 · 편입상위
TIGER 은행고배당플러스TOP10 · 편입상위","KODEX 삼성그룹 (편입상위, 비중 5.99%, 20일선 +4.81%)
KODEX 금융고배당TOP10타겟위클리커버드콜 (편입상위, 비중 10.52%, 20일선 +2.70%)
TIGER 은행고배당플러스TOP10 (편입상위, 비중 4.81%, 20일선 +2.83%)",https://finance.naver.com/item/main.naver?code=000810
2026-08-28,005930,삼성전자,257000,15024936,36.56,21.56,112.34,254200.00,1.10,X,-8.70,256513.33,30398891,22789518,-25.03,반도체와반도체장비,피지컬 AI/휴머노이드 로봇 / IT 대표주 / S7(삼성전자/SK하이닉스 등),3개통과,"KODEX 200 · 편입상위
TIGER 200 · 편입상위
TIGER 반도체TOP10 · 편입상위","KODEX 200 (편입상위, 비중 35.37%, 20일선 +2.42%)
TIGER 200 (편입상위, 비중 35.40%, 20일선 +2.51%)
TIGER 반도체TOP10 (편입상위, 비중 31.53%, 20일선 +2.76%)",https://finance.naver.com/item/main.naver?code=005930
2026-08-28,066575,LG전자우,73100,328212,33.64,21.56,109.94,68165.00,7.24,X,+8.78,66462.50,164128,68762,-58.10,전자제품,개별 테마 확인 필요,1개통과,TIGER 우선주 · 편입상위,"TIGER 우선주 (편입상위, 비중 5.79%, 20일선 +1.90%)",https://finance.naver.com/item/main.naver?code=066575
2026-08-28,021240,코웨이,100400,71050,33.51,21.56,109.83,96020.00,4.56,X,+4.69,87354.17,219776,136527,-37.88,가정용기기와용품,제습기 / 여름 / 밸류업(25년 기업가치 제고계획 발표),3개통과,"BNK 주주가치액티브 · 편입상위
KIWOOM 블루칩 · 편입상위
KODEX 경기소비재 · 편입상위","BNK 주주가치액티브 (편입상위, 비중 2.64%, 20일선 +0.73%)
KIWOOM 블루칩 (편입상위, 비중 2.79%, 20일선 +3.29%)
KODEX 경기소비재 (편입상위, 비중 13.42%, 20일선 +2.95%)",https://finance.naver.com/item/main.naver?code=021240
2026-08-28,028260,삼성물산,375000,608128,32.28,21.56,108.82,357400.00,4.92,X,-5.18,363200.00,632223,395426,-37.45,복합기업,S7(삼성전자/SK하이닉스 등) / 모듈러주택 / 자원개발,3개통과,"KODEX 200 · 편입상위
TIGER 200 · 편입상위
KODEX 200TR · 편입상위","KODEX 200 (편입상위, 비중 1.03%, 20일선 +2.42%)
TIGER 200 (편입상위, 비중 1.03%, 20일선 +2.51%)
KODEX 200TR (편입상위, 비중 1.03%, 20일선 +2.52%)",https://finance.naver.com/item/main.naver?code=028260
2026-08-28,443060,HD현대마린솔루션,221000,99081,30.77,21.56,107.58,201505.00,9.67,X,+11.79,209065.83,151451,87444,-42.26,조선,밸류업(24년 기업가치 제고계획 발표) / 조선기자재,3개통과,"SOL 조선TOP3플러스 · 편입상위
TIGER 조선TOP10 · 편입상위
HANARO Fn조선해운 · 편입상위","SOL 조선TOP3플러스 (편입상위, 비중 3.64%, 20일선 -1.82%)
TIGER 조선TOP10 (편입상위, 비중 7.92%, 20일선 -1.66%)
HANARO Fn조선해운 (편입상위, 비중 8.69%, 20일선 -0.78%)",https://finance.naver.com/item/main.naver?code=443060
2026-08-28,017670,SK텔레콤,98600,211782,28.89,21.56,106.03,93630.00,5.31,X,-3.52,92045.00,1624073,1603181,-1.29,무선통신서비스,통신 / 자율주행차 / UAM(도심항공모빌리티),3개통과,"TIME Korea플러스배당액티브 · 편입상위
TIME 코스피액티브 · 편입상위
TIGER 경기방어 · 편입상위","TIME Korea플러스배당액티브 (편입상위, 비중 3.51%, 20일선 +2.72%)
TIME 코스피액티브 (편입상위, 비중 2.06%, 20일선 +4.20%)
TIGER 경기방어 (편입상위, 비중 9.11%, 20일선 +3.55%)",https://finance.naver.com/item/main.naver?code=017670
2026-08-28,051900,LG생활건강,318000,47622,28.23,21.56,105.48,307725.00,3.34,X,+1.60,258604.17,82576,70712,-14.37,화장품,밸류업(24년 기업가치 제고계획 발표) / 여름 / 음식료업종,2개통과,"TIGER 화장품 · 편입상위
TIGER LG그룹플러스 · 편입상위
TIGER 중국소비테마 · 편입상위","TIGER 화장품 (편입상위, 비중 9.58%, 20일선 +16.19%)
TIGER LG그룹플러스 (편입상위, 비중 4.81%, 20일선 +5.07%)
TIGER 중국소비테마 (편입상위, 비중 5.63%, 20일선 +8.46%)",https://finance.naver.com/item/main.naver?code=051900
2026-08-28,282330,BGF리테일,147000,25407,27.83,21.56,105.16,140620.00,4.54,X,+3.96,129448.33,88966,66522,-25.23,백화점과일반상점,편의점 / 밸류업(25년 기업가치 제고계획 발표) / 소매유통,2개통과,"RISE K엔터&여행레저 · 편입상위
TIGER 우량가치 · 편입상위","RISE K엔터&여행레저 (편입상위, 비중 4.85%, 20일선 +0.60%)
TIGER 우량가치 (편입상위, 비중 2.28%, 20일선 +3.34%)",https://finance.naver.com/item/main.naver?code=282330
2026-08-28,005090,SGC에너지,62800,9049,27.51,21.56,104.90,57425.00,9.36,X,+0.00,52395.83,141835,163174,+15.04,에너지장비및서비스,온실가스(탄소배출권)/탄소 포집·활용·저장(CCUS),0개통과,,,https://finance.naver.com/item/main.naver?code=005090
2026-08-28,003550,LG,116300,175836,23.72,21.56,101.78,109685.00,6.03,X,+7.99,102988.33,462533,282273,-38.97,복합기업,밸류업(24년 기업가치 제고계획 발표) / 지주사 / 스마트팩토리(스마트공장),3개통과,"TIGER 200 IT · 편입상위
TIGER 200IT레버리지 · 편입상위
TIGER 지주회사 · 편입상위","TIGER 200 IT (편입상위, 비중 1.73%, 20일선 +3.38%)
TIGER 200IT레버리지 (편입상위, 비중 3.49%, 20일선 +5.10%)
TIGER 지주회사 (편입상위, 비중 7.82%, 20일선 +4.80%)",https://finance.naver.com/item/main.naver?code=003550
2026-08-28,073240,금호타이어,7360,21142,23.49,21.56,101.59,7422.50,-0.84,O,+1.52,5903.92,6901518,4247200,-38.46,자동차부품,타이어,3개통과,"KODEX 자동차 · 편입상위
KODEX 200동일가중 · 편입상위
TIGER 200동일가중 · 편입상위","KODEX 자동차 (편입상위, 비중 2.08%, 20일선 -3.79%)
KODEX 200동일가중 (편입상위, 비중 0.87%, 20일선 +4.16%)
TIGER 200동일가중 (편입상위, 비중 0.87%, 20일선 +4.27%)",https://finance.naver.com/item/main.naver?code=073240
2026-08-28,086790,하나금융지주,136000,373140,23.30,21.56,101.43,129960.00,4.65,X,+5.59,121474.17,901405,626093,-30.54,은행,밸류업(24년 기업가치 제고계획 발표) / STO(토큰증권 발행) / 토스(toss),3개통과,"KODEX 200 · 편입상위
TIGER 200 · 편입상위
KODEX 200TR · 편입상위","KODEX 200 (편입상위, 비중 0.86%, 20일선 +2.42%)
TIGER 200 (편입상위, 비중 0.87%, 20일선 +2.51%)
KODEX 200TR (편입상위, 비중 0.86%, 20일선 +2.52%)",https://finance.naver.com/item/main.naver?code=086790
2026-08-28,078935,GS우,65700,120020,21.22,21.56,99.72,61325.00,7.13,X,+3.63,55768.33,8171,8291,+1.46,석유와가스,개별 테마 확인 필요,0개통과,,,https://finance.naver.com/item/main.naver?code=078935
2026-08-28,055550,신한지주,109700,514986,19.50,21.56,98.31,105390.00,4.09,X,+5.38,99202.50,1428142,935173,-34.52,은행,밸류업(24년 기업가치 제고계획 발표) / STO(토큰증권 발행) / 지주사,3개통과,"KODEX 200 · 편입상위
TIGER 200 · 편입상위
KODEX 200TR · 편입상위","KODEX 200 (편입상위, 비중 1.14%, 20일선 +2.42%)
TIGER 200 (편입상위, 비중 1.16%, 20일선 +2.51%)
KODEX 200TR (편입상위, 비중 1.14%, 20일선 +2.52%)",https://finance.naver.com/item/main.naver?code=055550
2026-08-28,453340,현대그린푸드,18870,6127,19.43,21.56,98.25,18544.00,1.76,X,+5.01,17219.00,47122,36578,-22.38,식품,밸류업(24년 기업가치 제고계획 발표) / 음식료업종,0개통과,,,https://finance.naver.com/item/main.naver?code=453340
2026-08-28,010955,S-Oil우,69500,167973,18.80,21.56,97.73,66105.00,5.14,X,+2.51,58710.00,20557,15655,-23.85,석유와가스,개별 테마 확인 필요,0개통과,,,https://finance.naver.com/item/main.naver?code=010955
2026-08-28,192080,더블유게임즈,59200,12534,18.40,21.56,97.40,60015.00,-1.36,O,-0.34,58996.25,75638,49968,-33.94,게임엔터테인먼트,코리아 밸류업 지수(Korea Value-up Index) / 게임 / 모바일게임(스마트폰),3개통과,"ACE 주주환원가치주액티브 · 편입상위
KODEX 게임산업 · 편입상위
RISE 게임테마 · 편입상위","ACE 주주환원가치주액티브 (편입상위, 비중 9.01%, 20일선 +1.18%)
KODEX 게임산업 (편입상위, 비중 5.82%, 20일선 -1.49%)
RISE 게임테마 (편입상위, 비중 11.07%, 20일선 -0.64%)",https://finance.naver.com/item/main.naver?code=192080
2026-08-28,004800,효성,171600,28726,17.37,21.56,96.56,159500.00,7.59,X,+10.07,170449.17,30481,18916,-37.94,복합기업,지주사 / 삼성페이 / 풍력에너지,0개통과,,,https://finance.naver.com/item/main.naver?code=004800
2026-08-28,003490,대한항공,28700,105679,17.14,21.56,96.37,26532.50,8.17,X,+11.24,25875.42,2844227,2894739,+1.78,항공사,환율하락 수혜 / UAM(도심항공모빌리티) / 밸류업(24년 기업가치 제고계획 발표),3개통과,"TIGER 여행레저 · 편입상위
RISE K엔터&여행레저 · 편입상위
KODEX 운송 · 편입상위","TIGER 여행레저 (편입상위, 비중 9.84%, 20일선 +4.47%)
RISE K엔터&여행레저 (편입상위, 비중 13.11%, 20일선 +0.60%)
KODEX 운송 (편입상위, 비중 20.49%, 20일선 +2.86%)",https://finance.naver.com/item/main.naver?code=003490
2026-08-28,064400,LG씨엔에스,75800,73439,16.80,21.56,96.08,72790.00,4.14,X,+5.87,74051.67,1315668,857040,-34.86,IT서비스,SI(시스템통합) / 스마트팩토리(스마트공장) / 클라우드 컴퓨팅,3개통과,"RISE AI&로봇 · 편입상위
TIGER 소프트웨어 · 편입상위
ACE 코리아AI테크핵심산업 · 편입상위","RISE AI&로봇 (편입상위, 비중 5.43%, 20일선 -2.40%)
TIGER 소프트웨어 (편입상위, 비중 5.70%, 20일선 +0.12%)
ACE 코리아AI테크핵심산업 (편입상위, 비중 4.42%, 20일선 +4.41%)",https://finance.naver.com/item/main.naver?code=064400
2026-08-28,105560,KB금융,171600,608644,16.42,21.56,95.77,168035.00,2.12,O,+4.44,160188.33,1447928,875888,-39.51,은행,밸류업(24년 기업가치 제고계획 발표) / STO(토큰증권 발행) / 지주사,3개통과,"KODEX 200 · 편입상위
TIGER 200 · 편입상위
KODEX 200TR · 편입상위","KODEX 200 (편입상위, 비중 1.35%, 20일선 +2.42%)
TIGER 200 (편입상위, 비중 1.35%, 20일선 +2.51%)
KODEX 200TR (편입상위, 비중 1.35%, 20일선 +2.52%)",https://finance.naver.com/item/main.naver?code=105560
2026-08-28,010950,S-Oil,149200,167973,15.03,21.56,94.63,138395.00,7.81,X,+5.74,120561.67,413341,328667,-20.49,석유와가스,정유 / 윤활유 / LPG(액화석유가스),3개통과,"에셋플러스 코리아대장장이액티브 · 편입상위
FOCUS AI코리아액티브 · 편입상위
TIGER 모멘텀 · 편입상위","에셋플러스 코리아대장장이액티브 (편입상위, 비중 5.08%, 20일선 +4.09%)
FOCUS AI코리아액티브 (편입상위, 비중 4.54%, 20일선 +1.74%)
TIGER 모멘텀 (편입상위, 비중 3.63%, 20일선 +2.66%)",https://finance.naver.com/item/main.naver?code=010950
2026-08-28,001800,오리온홀딩스,26200,15761,14.66,21.56,94.33,26187.50,0.05,X,+2.75,25110.42,119434,76049,-36.33,식품,지주사,2개통과,"KODEX 코리아배당성장 · 편입상위
TIGER 배당성장 · 편입상위","KODEX 코리아배당성장 (편입상위, 비중 3.66%, 20일선 +1.63%)
TIGER 배당성장 (편입상위, 비중 3.66%, 20일선 +1.64%)",https://finance.naver.com/item/main.naver?code=001800
2026-08-28,003690,코리안리,14640,25871,14.46,21.56,94.16,14478.00,1.12,O,+0.69,13257.83,405422,231867,-42.81,손해보험,생명보험 / 손해보험,3개통과,"KODEX 고배당주 · 편입상위
ACE 라이프자산주주가치액티브 · 편입상위
KODEX 보험 · 편입상위","KODEX 고배당주 (편입상위, 비중 4.26%, 20일선 +2.74%)
ACE 라이프자산주주가치액티브 (편입상위, 비중 3.19%, 20일선 +2.51%)
KODEX 보험 (편입상위, 비중 9.68%, 20일선 +9.09%)",https://finance.naver.com/item/main.naver?code=003690
2026-08-28,090430,아모레퍼시픽,150600,88090,14.44,21.56,94.14,137060.00,9.88,X,+9.13,125908.33,342899,272161,-20.63,화장품,밸류업(24년 기업가치 제고계획 발표) / 코리아 밸류업 지수(Korea Value-up Index) / 마이크로바이옴,2개통과,"TIGER 화장품 · 편입상위
TIGER 중국소비테마 · 편입상위
TIGER 경기방어 · 편입상위","TIGER 화장품 (편입상위, 비중 8.55%, 20일선 +16.19%)
TIGER 중국소비테마 (편입상위, 비중 5.26%, 20일선 +8.46%)
TIGER 경기방어 (편입상위, 비중 2.58%, 20일선 +3.55%)",https://finance.naver.com/item/main.naver?code=090430
2026-08-28,004370,농심,450500,27402,14.20,21.56,93.94,414225.00,8.76,X,+4.16,378166.67,29467,54239,+84.07,식품,환율하락 수혜 / 밸류업(25년 기업가치 제고계획 발표) / 음식료업종,3개통과,"TIGER 중국소비테마 · 편입상위
TIGER MKF배당귀족 · 편입상위
HANARO Fn K-푸드 · 편입상위","TIGER 중국소비테마 (편입상위, 비중 4.93%, 20일선 +8.46%)
TIGER MKF배당귀족 (편입상위, 비중 4.10%, 20일선 +1.78%)
HANARO Fn K-푸드 (편입상위, 비중 16.55%, 20일선 +6.63%)",https://finance.naver.com/item/main.naver?code=004370
2026-08-28,033780,KT&G,176300,183017,13.96,21.56,93.75,177050.00,-0.42,O,+2.32,173172.50,308748,212714,-31.10,담배,밸류업(24년 기업가치 제고계획 발표) / 코리아 밸류업 지수(Korea Value-up Index) / 건강기능식품,3개통과,"TIGER 경기방어 · 편입상위
KODEX 필수소비재 · 편입상위
KODEX 모멘텀Plus · 편입상위","TIGER 경기방어 (편입상위, 비중 9.26%, 20일선 +3.55%)
KODEX 필수소비재 (편입상위, 비중 21.18%, 20일선 +8.79%)
KODEX 모멘텀Plus (편입상위, 비중 4.43%, 20일선 +3.67%)",https://finance.naver.com/item/main.naver?code=033780
2026-08-28,003300,한일홀딩스,19160,5907,13.84,21.56,93.65,17757.00,7.90,X,+6.92,17237.83,19680,23130,+17.53,건축자재,지주사,0개통과,,,https://finance.naver.com/item/main.naver?code=003300
2026-08-28,008930,한미사이언스,44500,30434,12.94,21.56,92.91,43847.50,1.49,X,-1.00,36191.25,180675,780823,+332.17,제약,밸류업(24년 기업가치 제고계획 발표) / 지주사 / 밸류업(25년 기업가치 제고계획 발표),3개통과,"KODEX 바이오 · 편입상위
TIGER 200 헬스케어 · 편입상위
KODEX 200동일가중 · 편입상위","KODEX 바이오 (편입상위, 비중 3.53%, 20일선 +0.53%)
TIGER 200 헬스케어 (편입상위, 비중 3.71%, 20일선 +2.43%)
KODEX 200동일가중 (편입상위, 비중 0.81%, 20일선 +4.16%)",https://finance.naver.com/item/main.naver?code=008930
2026-08-28,093050,LF,23300,6812,12.29,21.56,92.37,22682.50,2.72,X,+3.56,23121.25,31290,29791,-4.79,"섬유,의류,신발,호화품",패션/의류,0개통과,,,https://finance.naver.com/item/main.naver?code=093050
2026-08-28,161390,한국타이어앤테크놀로지,66400,82253,11.97,21.56,92.11,68160.00,-2.58,O,+0.61,64156.67,390050,204159,-47.66,자동차부품,밸류업(25년 기업가치 제고계획 발표) / 타이어,3개통과,"KODEX 자동차 · 편입상위
KODEX 자율주행액티브 · 편입상위
KODEX 모멘텀Plus · 편입상위","KODEX 자동차 (편입상위, 비중 12.13%, 20일선 -3.79%)
KODEX 자율주행액티브 (편입상위, 비중 5.78%, 20일선 +1.20%)
KODEX 모멘텀Plus (편입상위, 비중 2.65%, 20일선 +3.67%)",https://finance.naver.com/item/main.naver?code=161390
2026-08-28,460860,동국제강,10380,5149,11.37,21.56,91.62,9680.00,7.23,X,+13.57,10111.75,217929,211933,-2.75,철강,철강 주요종목,1개통과,KODEX 철강 · 편입상위,"KODEX 철강 (편입상위, 비중 2.63%, 20일선 +8.03%)",https://finance.naver.com/item/main.naver?code=460860
2026-08-28,028670,팬오션,5790,30951,10.29,21.56,90.73,5800.75,-0.19,X,-1.03,5365.42,2817575,4962707,+76.13,해운사,LNG(액화천연가스) / 해운,3개통과,"ACE 라이프자산주주가치액티브 · 편입상위
HANARO Fn조선해운 · 편입상위
KODEX 친환경조선해운액티브 · 편입상위","ACE 라이프자산주주가치액티브 (편입상위, 비중 2.28%, 20일선 +2.51%)
HANARO Fn조선해운 (편입상위, 비중 3.21%, 20일선 -0.78%)
KODEX 친환경조선해운액티브 (편입상위, 비중 7.09%, 20일선 +1.31%)",https://finance.naver.com/item/main.naver?code=028670
2026-08-28,079160,CJ CGV,5540,9173,10.14,21.56,90.61,5323.50,4.07,X,+8.63,4802.88,526527,662194,+25.77,방송과엔터테인먼트,영화,0개통과,,,https://finance.naver.com/item/main.naver?code=079160
2026-08-28,000815,삼성화재우,429000,306728,9.02,21.56,89.69,405425.00,5.81,X,+2.88,392116.67,15588,12632,-18.97,손해보험,개별 테마 확인 필요,1개통과,TIGER 우선주 · 편입상위,"TIGER 우선주 (편입상위, 비중 5.70%, 20일선 +1.90%)",https://finance.naver.com/item/main.naver?code=000815
2026-08-28,020560,아시아나항공,7680,15820,8.94,21.56,89.62,7164.50,7.20,X,+9.87,7136.92,148125,136928,-7.56,항공사,환율하락 수혜 / 항공/저가 항공사(LCC),3개통과,"TIGER 여행레저 · 편입상위
KODEX 운송 · 편입상위
HK S&P코리아로우볼 · 편입상위","TIGER 여행레저 (편입상위, 비중 9.94%, 20일선 +4.47%)
KODEX 운송 (편입상위, 비중 4.79%, 20일선 +2.86%)
HK S&P코리아로우볼 (편입상위, 비중 2.64%, 20일선 +2.40%)",https://finance.naver.com/item/main.naver?code=020560
2026-08-28,294870,IPARK현대산업개발,23150,15257,7.42,21.56,88.37,22025.00,5.11,X,+7.18,21082.33,208229,150186,-27.87,건설,GTX(수도권 광역급행철도) / 부동산 보유 자산주 / 건설 대표주,3개통과,"KODEX 건설 · 편입상위
TIGER MKF배당귀족 · 편입상위
TIGER 우량가치 · 편입상위","KODEX 건설 (편입상위, 비중 2.88%, 20일선 +9.05%)
TIGER MKF배당귀족 (편입상위, 비중 3.95%, 20일선 +1.78%)
TIGER 우량가치 (편입상위, 비중 2.31%, 20일선 +3.34%)",https://finance.naver.com/item/main.naver?code=294870
2026-08-28,138040,메리츠금융지주,122000,204163,6.64,21.56,87.73,119800.00,1.84,X,+5.72,113084.17,293417,206156,-29.74,증권,밸류업(24년 기업가치 제고계획 발표) / 지주사 / 밸류업(25년 기업가치 제고계획 발표),3개통과,"TIME Korea플러스배당액티브 · 편입상위
SOL 금융지주플러스고배당 · 편입상위
TIGER 200 금융 · 편입상위","TIME Korea플러스배당액티브 (편입상위, 비중 3.97%, 20일선 +2.72%)
SOL 금융지주플러스고배당 (편입상위, 비중 2.60%, 20일선 +2.66%)
TIGER 200 금융 (편입상위, 비중 3.16%, 20일선 +3.32%)",https://finance.naver.com/item/main.naver?code=138040
2026-08-28,139130,iM금융지주,18120,28695,6.28,21.56,87.43,17330.00,4.56,X,+5.47,17625.67,577460,350008,-39.39,은행,밸류업(24년 기업가치 제고계획 발표) / 지주사 / 은행,3개통과,"TIGER 은행고배당플러스TOP10 · 편입상위
SOL 금융지주플러스고배당 · 편입상위
KODEX 은행 · 편입상위","TIGER 은행고배당플러스TOP10 (편입상위, 비중 2.75%, 20일선 +2.83%)
SOL 금융지주플러스고배당 (편입상위, 비중 1.88%, 20일선 +2.66%)
KODEX 은행 (편입상위, 비중 1.77%, 20일선 +3.07%)",https://finance.naver.com/item/main.naver?code=139130
2026-08-28,180640,한진칼,131300,87658,6.14,21.56,87.32,120480.00,8.98,X,+11.37,117124.17,127551,76283,-40.19,항공사,지주사 / 밸류업(25년 기업가치 제고계획 발표) / 코리아 밸류업 지수(Korea Value-up Index),3개통과,"TIGER 지주회사 · 편입상위
KODEX 경기소비재 · 편입상위
RISE 수출주 · 편입상위","TIGER 지주회사 (편입상위, 비중 8.19%, 20일선 +4.80%)
KODEX 경기소비재 (편입상위, 비중 14.34%, 20일선 +2.95%)
RISE 수출주 (편입상위, 비중 2.28%, 20일선 +4.63%)",https://finance.naver.com/item/main.naver?code=180640
2026-08-28,462870,시프트업,32900,19326,4.28,21.56,85.79,32210.00,2.14,O,+3.46,31972.08,108910,44760,-58.90,게임엔터테인먼트,게임 / 모바일게임(스마트폰),3개통과,"TIGER Fn메타버스 · 편입상위
KODEX 게임산업 · 편입상위
RISE 게임테마 · 편입상위","TIGER Fn메타버스 (편입상위, 비중 4.79%, 20일선 -0.63%)
KODEX 게임산업 (편입상위, 비중 10.04%, 20일선 -1.49%)
RISE 게임테마 (편입상위, 비중 11.82%, 20일선 -0.64%)",https://finance.naver.com/item/main.naver?code=462870
2026-08-28,268280,미원에스씨,134000,6700,3.96,21.56,85.52,125895.00,6.44,X,+1.98,115664.17,3496,2472,-29.29,화학,개별 테마 확인 필요,2개통과,"KODEX 200동일가중 · 편입상위
TIGER 200동일가중 · 편입상위","KODEX 200동일가중 (편입상위, 비중 0.67%, 20일선 +4.16%)
TIGER 200동일가중 (편입상위, 비중 0.68%, 20일선 +4.27%)",https://finance.naver.com/item/main.naver?code=268280
2026-08-28,082640,동양생명,8250,12875,3.12,21.56,84.84,8249.00,0.01,O,+0.00,8069.17,111829,0,-100.00,생명보험,생명보험,0개통과,,,https://finance.naver.com/item/main.naver?code=082640
2026-08-28,002790,아모레퍼시픽홀딩스,28000,21408,2.94,21.56,84.68,26292.50,6.49,X,+7.69,25603.33,132946,89218,-32.89,화장품,밸류업(24년 기업가치 제고계획 발표) / 지주사 / 화장품,2개통과,"TIGER 중국소비테마 · 편입상위
KODEX 밸류Plus · 편입상위","TIGER 중국소비테마 (편입상위, 비중 4.54%, 20일선 +8.46%)
KODEX 밸류Plus (편입상위, 비중 3.01%, 20일선 +3.29%)",https://finance.naver.com/item/main.naver?code=002790
2026-08-28,011200,HMM,21700,204682,2.60,21.56,84.40,21555.00,0.67,X,+0.46,20423.42,1538132,1969622,+28.05,해운사,해운 / 밸류업(25년 기업가치 제고계획 발표) / 코리아 밸류업 지수(Korea Value-up Index),3개통과,"HANARO Fn조선해운 · 편입상위
KODEX 친환경조선해운액티브 · 편입상위
파워 K-주주가치액티브 · 편입상위","HANARO Fn조선해운 (편입상위, 비중 19.39%, 20일선 -0.78%)
KODEX 친환경조선해운액티브 (편입상위, 비중 6.46%, 20일선 +1.31%)
파워 K-주주가치액티브 (편입상위, 비중 2.91%, 20일선 +3.11%)",https://finance.naver.com/item/main.naver?code=011200
2026-08-28,316140,우리금융지주,33900,246822,2.57,21.56,84.38,33195.00,2.12,X,+6.77,32109.58,2285542,1459615,-36.14,은행,밸류업(24년 기업가치 제고계획 발표) / 지주사 / 밸류업(25년 기업가치 제고계획 발표),3개통과,"PLUS 고배당주 · 편입상위
KODEX 금융고배당TOP10타겟위클리커버드콜 · 편입상위
TIGER 은행고배당플러스TOP10 · 편입상위","PLUS 고배당주 (편입상위, 비중 5.20%, 20일선 +2.51%)
KODEX 금융고배당TOP10타겟위클리커버드콜 (편입상위, 비중 12.84%, 20일선 +2.70%)
TIGER 은행고배당플러스TOP10 (편입상위, 비중 15.26%, 20일선 +2.83%)",https://finance.naver.com/item/main.naver?code=316140
2026-08-28,026960,동서,26150,26071,2.55,21.56,84.36,25960.00,0.73,X,+1.75,25745.83,90228,59184,-34.41,식품,음식료업종 / 코리아 밸류업 지수(Korea Value-up Index),1개통과,RISE 중소형고배당 · 편입상위,"RISE 중소형고배당 (편입상위, 비중 3.92%, 20일선 +1.79%)",https://finance.naver.com/item/main.naver?code=026960
2026-08-28,051905,LG생활건강우,110800,47622,2.03,21.56,83.93,110040.00,0.69,X,+1.47,105136.67,9080,8175,-9.97,화장품,개별 테마 확인 필요,0개통과,,,https://finance.naver.com/item/main.naver?code=051905
2026-08-28,036460,한국가스공사,37100,34248,0.54,21.56,82.71,35865.00,3.44,X,+4.07,35471.25,183155,104023,-43.20,가스유틸리티,환율하락 수혜 / LNG(액화천연가스) / 셰일가스(Shale Gas),2개통과,"RISE 우량업종대표주 · 편입상위
RISE 중소형고배당 · 편입상위","RISE 우량업종대표주 (편입상위, 비중 2.52%, 20일선 +3.25%)
RISE 중소형고배당 (편입상위, 비중 3.26%, 20일선 +1.79%)",https://finance.naver.com/item/main.naver?code=036460
2026-08-28,192400,쿠쿠홀딩스,28200,10028,0.18,21.56,82.41,27107.50,4.03,X,+1.08,26905.00,21490,30948,+44.01,가정용기기와용품,지주사,2개통과,"TIGER 코스피고배당 · 편입상위
ACE 주주환원가치주액티브 · 편입상위","TIGER 코스피고배당 (편입상위, 비중 2.90%, 20일선 +2.94%)
ACE 주주환원가치주액티브 (편입상위, 비중 6.48%, 20일선 +1.18%)",https://finance.naver.com/item/main.naver?code=192400
2026-08-28,017940,E1,97700,6702,0.10,21.56,82.35,89995.00,8.56,X,+5.74,91967.50,11163,8477,-24.06,가스유틸리티,LPG(액화석유가스) / 셰일가스(Shale Gas),1개통과,TIGER 우량가치 · 편입상위,"TIGER 우량가치 (편입상위, 비중 2.25%, 20일선 +3.34%)",https://finance.naver.com/item/main.naver?code=017940
2026-08-28,003555,LG우,71400,175836,-0.14,21.56,82.15,68040.00,4.94,X,+5.15,69029.17,10163,9664,-4.90,복합기업,개별 테마 확인 필요,0개통과,,,https://finance.naver.com/item/main.naver?code=003555
2026-08-28,284740,쿠쿠홈시스,24050,5396,-0.21,21.56,82.09,22112.50,8.76,X,+6.18,22865.00,14912,20619,+38.27,가정용기기와용품,제습기 / 여름 / 공기청정기,0개통과,,,https://finance.naver.com/item/main.naver?code=284740
2026-08-28,006040,동원산업,38650,17060,-0.26,21.56,82.05,37332.50,3.53,X,+2.38,36395.00,62290,45267,-27.33,식품,밸류업(24년 기업가치 제고계획 발표) / 지주사 / 부동산 보유 자산주,3개통과,"HANARO Fn K-푸드 · 편입상위
KODEX 밸류Plus · 편입상위
HANARO 농업융복합산업 · 편입상위","HANARO Fn K-푸드 (편입상위, 비중 4.81%, 20일선 +6.63%)
KODEX 밸류Plus (편입상위, 비중 3.59%, 20일선 +3.29%)
HANARO 농업융복합산업 (편입상위, 비중 16.89%, 20일선 +2.45%)",https://finance.naver.com/item/main.naver?code=006040
2026-08-28,012750,에스원,83500,31729,-0.36,21.56,81.97,77015.00,8.42,X,+8.72,78205.00,78091,55903,-28.41,상업서비스와공급품,스마트홈(홈네트워크) / 코리아 밸류업 지수(Korea Value-up Index) / 보안주(물리),3개통과,"KODEX 삼성그룹밸류 · 편입상위
ACE 삼성그룹섹터가중 · 편입상위
TIGER MKF배당귀족 · 편입상위","KODEX 삼성그룹밸류 (편입상위, 비중 4.81%, 20일선 +3.52%)
ACE 삼성그룹섹터가중 (편입상위, 비중 11.91%, 20일선 +4.22%)
TIGER MKF배당귀족 (편입상위, 비중 3.54%, 20일선 +1.78%)",https://finance.naver.com/item/main.naver?code=012750
2026-08-28,000400,롯데손해보험,2140,6641,-0.47,21.56,81.88,2013.40,6.29,O,+4.14,2068.20,901325,438221,-51.38,손해보험,손해보험,0개통과,,,https://finance.naver.com/item/main.naver?code=000400
2026-08-28,005830,DB손해보험,187400,122747,-0.53,21.56,81.83,171235.00,9.44,X,+5.40,162475.00,233715,224925,-3.76,손해보험,손해보험 / 밸류업(25년 기업가치 제고계획 발표) / 코리아 밸류업 지수(Korea Value-up Index),3개통과,"PLUS 고배당주 · 편입상위
KODEX 금융고배당TOP10타겟위클리커버드콜 · 편입상위
TIME Korea플러스배당액티브 · 편입상위","PLUS 고배당주 (편입상위, 비중 6.05%, 20일선 +2.51%)
KODEX 금융고배당TOP10타겟위클리커버드콜 (편입상위, 비중 6.99%, 20일선 +2.70%)
TIME Korea플러스배당액티브 (편입상위, 비중 5.04%, 20일선 +2.72%)",https://finance.naver.com/item/main.naver?code=005830
2026-08-28,090435,아모레퍼시픽우,46800,88090,-0.53,21.56,81.83,44997.50,4.01,X,+4.82,42887.92,20179,13915,-31.04,화장품,개별 테마 확인 필요,0개통과,,,https://finance.naver.com/item/main.naver?code=090435
2026-08-28,035420,NAVER,220500,335328,-0.90,21.56,81.53,218500.00,0.92,X,-0.68,213658.33,1709867,910099,-46.77,양방향미디어와서비스,웹툰 / 자율주행차 / 음성인식,3개통과,"TIGER 코리아TOP10 · 편입상위
KODEX 로봇액티브 · 편입상위
KODEX 200액티브 · 편입상위","TIGER 코리아TOP10 (편입상위, 비중 3.59%, 20일선 +1.92%)
KODEX 로봇액티브 (편입상위, 비중 6.37%, 20일선 -1.47%)
KODEX 200액티브 (편입상위, 비중 0.95%, 20일선 +2.57%)",https://finance.naver.com/item/main.naver?code=035420
2026-08-28,175330,JB금융지주,29050,54184,-1.19,21.56,81.29,27795.00,4.52,X,+9.21,27495.42,518251,247565,-52.23,은행,밸류업(24년 기업가치 제고계획 발표) / 지주사 / 밸류업(25년 기업가치 제고계획 발표),3개통과,"TIGER 은행고배당플러스TOP10 · 편입상위
SOL 금융지주플러스고배당 · 편입상위
KODEX 고배당주 · 편입상위","TIGER 은행고배당플러스TOP10 (편입상위, 비중 5.70%, 20일선 +2.83%)
SOL 금융지주플러스고배당 (편입상위, 비중 3.26%, 20일선 +2.66%)
KODEX 고배당주 (편입상위, 비중 4.78%, 20일선 +2.74%)",https://finance.naver.com/item/main.naver?code=175330
2026-08-28,002840,미원상사,138800,6246,-2.32,21.56,80.35,127115.00,9.19,X,+11.67,129743.33,5762,6912,+19.96,화학,코리아 밸류업 지수(Korea Value-up Index) / 화장품,0개통과,,,https://finance.naver.com/item/main.naver?code=002840
2026-08-31,009150,삼성전기,1.458e+06,1089034,281.68,29.86,293.92,1348700.00,8.10,X,+10.62,1187254.17,1039157,723188,-30.41,전자장비와기기,S7(삼성전자/SK하이닉스 등) / 자율주행차 / 카메라모듈/부품,3개통과,"KODEX 200 · 편입상위
TIGER 200 · 편입상위
KODEX 200TR · 편입상위","KODEX 200 (편입상위, 비중 1.98%, 20일선 +2.89%)
TIGER 200 (편입상위, 비중 1.99%, 20일선 +2.92%)
KODEX 200TR (편입상위, 비중 1.98%, 20일선 +2.81%)",https://finance.naver.com/item/main.naver?code=009150
2026-08-31,009155,삼성전기우,522000,1089034,245.47,29.86,266.03,475650.00,9.74,X,+12.99,431381.67,88827,33806,-61.94,전자장비와기기,개별 테마 확인 필요,1개통과,TIGER 우선주 · 편입상위,"TIGER 우선주 (편입상위, 비중 6.67%, 20일선 +1.50%)",https://finance.naver.com/item/main.naver?code=009155
2026-08-31,006340,대원전선,13620,10680,163.44,29.86,202.87,14155.00,-3.78,X,+5.75,10835.08,12704574,3306347,-73.98,전기장비,철도 / 전선 / 전력설비,2개통과,"KODEX AI전력핵심설비 · 편입상위
HANARO 전력설비투자 · 편입상위","KODEX AI전력핵심설비 (편입상위, 비중 1.99%, 20일선 +3.85%)
HANARO 전력설비투자 (편입상위, 비중 1.92%, 20일선 +3.50%)",https://finance.naver.com/item/main.naver?code=006340
2026-08-31,006345,대원전선우,9990,10680,153.55,29.86,195.25,10201.00,-2.07,O,+1.22,9844.54,484312,49337,-89.81,전기장비,개별 테마 확인 필요,0개통과,,,https://finance.naver.com/item/main.naver?code=006345
2026-08-31,000660,SK하이닉스,1.674e+06,12228442,100.24,29.86,154.20,1599650.00,4.65,X,+0.18,1667600.00,5857631,4057152,-30.74,반도체와반도체장비,IT 대표주 / S7(삼성전자/SK하이닉스 등) / 반도체 대표주(생산),3개통과,"KODEX 200 · 편입상위
TIGER 200 · 편입상위
TIGER 반도체TOP10 · 편입상위","KODEX 200 (편입상위, 비중 26.47%, 20일선 +2.89%)
TIGER 200 (편입상위, 비중 26.51%, 20일선 +2.92%)
TIGER 반도체TOP10 (편입상위, 비중 25.15%, 20일선 +2.97%)",https://finance.naver.com/item/main.naver?code=000660
2026-08-31,006360,GS건설,36300,31066,90.95,29.86,147.05,33965.00,6.87,X,+7.08,30781.42,2592172,2377066,-8.30,건설,모듈러주택 / 전후 재건(우크라/중동 전쟁 등) / GTX(수도권 광역급행철도),2개통과,"KODEX 건설 · 편입상위
TIGER LG그룹플러스 · 편입상위","KODEX 건설 (편입상위, 비중 8.29%, 20일선 +4.04%)
TIGER LG그룹플러스 (편입상위, 비중 7.49%, 20일선 +5.56%)",https://finance.naver.com/item/main.naver?code=006360
2026-08-31,475150,SK이터닉스,55000,18736,90.31,29.86,146.55,54427.50,1.05,O,+3.38,50058.75,6044427,2643470,-56.27,에너지장비및서비스,전력저장장치(ESS) / 태양광에너지 / 풍력에너지,2개통과,"KODEX 신재생에너지액티브 · 편입상위
PLUS 태양광&ESS · 편입상위","KODEX 신재생에너지액티브 (편입상위, 비중 6.54%, 20일선 +6.46%)
PLUS 태양광&ESS (편입상위, 비중 6.75%, 20일선 +6.36%)",https://finance.naver.com/item/main.naver?code=475150
2026-08-31,010060,OCI홀딩스,277500,51809,89.42,29.86,145.87,265395.00,4.56,X,+3.16,250968.33,321855,217333,-32.47,화학,지주사 / 태양광에너지,3개통과,"KODEX 신재생에너지액티브 · 편입상위
TIGER 지주회사 · 편입상위
PLUS 태양광&ESS · 편입상위","KODEX 신재생에너지액티브 (편입상위, 비중 7.61%, 20일선 +6.46%)
TIGER 지주회사 (편입상위, 비중 5.15%, 20일선 +4.84%)
PLUS 태양광&ESS (편입상위, 비중 19.94%, 20일선 +6.36%)",https://finance.naver.com/item/main.naver?code=010060
2026-08-31,007340,DN오토모티브,47200,27617,79.47,29.86,138.20,48480.00,-2.64,X,-1.26,41343.75,238046,374404,+57.28,자동차부품,자동차부품 / 지주사,2개통과,"KODEX 자동차 · 편입상위
ACE 라이프자산주주가치액티브 · 편입상위","KODEX 자동차 (편입상위, 비중 2.32%, 20일선 -2.92%)
ACE 라이프자산주주가치액티브 (편입상위, 비중 4.59%, 20일선 +2.03%)",https://finance.naver.com/item/main.naver?code=007340
2026-08-31,002995,금호건설우,22200,6132,68.18,29.86,129.51,21210.00,4.67,X,+7.51,18418.75,34949,23778,-31.96,건설,개별 테마 확인 필요,0개통과,,,https://finance.naver.com/item/main.naver?code=002995
2026-08-31,034730,SK,545000,395139,65.65,29.86,127.56,546900.00,-0.35,X,-0.73,523229.17,271230,154078,-43.19,석유와가스,LNG(액화천연가스) / 냉각시스템(액침냉각 등) / SI(시스템통합),3개통과,"TIME Korea플러스배당액티브 · 편입상위
TIGER 지주회사 · 편입상위
TIME 코리아밸류업액티브 · 편입상위","TIME Korea플러스배당액티브 (편입상위, 비중 3.32%, 20일선 +2.13%)
TIGER 지주회사 (편입상위, 비중 8.76%, 20일선 +4.84%)
TIME 코리아밸류업액티브 (편입상위, 비중 2.40%, 20일선 +2.09%)",https://finance.naver.com/item/main.naver?code=034730
2026-08-31,281820,케이씨텍,68400,13542,65.22,29.86,127.23,67645.00,1.12,X,+5.23,68258.75,264251,144838,-45.19,반도체와반도체장비,반도체 장비 / HBM(고대역폭메모리) / 반도체 재료/부품,1개통과,HANARO 반도체핵심공정주도주 · 편입상위,"HANARO 반도체핵심공정주도주 (편입상위, 비중 3.27%, 20일선 +0.93%)",https://finance.naver.com/item/main.naver?code=281820
2026-08-31,483650,달바글로벌,220000,27557,57.03,29.86,120.92,232500.00,-5.38,X,-5.38,206109.17,185920,120574,-35.15,화장품,미용기기 / 화장품,1개통과,"TIGER 화장품 · 편입상위
HANARO K-뷰티 · 편입상위
TIGER 200 생활소비재 · 편입상위","TIGER 화장품 (편입상위, 비중 8.21%, 20일선 +13.08%)
HANARO K-뷰티 (편입상위, 비중 7.15%, 20일선 +10.13%)
TIGER 200 생활소비재 (편입상위, 비중 3.13%, 20일선 +4.49%)",https://finance.naver.com/item/main.naver?code=483650
2026-08-31,005935,삼성전자우,186500,15200324,53.50,29.86,118.20,185530.00,0.52,X,-1.48,175471.67,4424303,5066921,+14.52,반도체와반도체장비,S7(삼성전자/SK하이닉스 등),3개통과,"TIGER MSCI Korea TR · 편입상위
TIGER 배당커버드콜액티브 · 편입상위
KODEX MSCI Korea TR · 편입상위","TIGER MSCI Korea TR (편입상위, 비중 4.57%, 20일선 +2.96%)
TIGER 배당커버드콜액티브 (편입상위, 비중 4.91%, 20일선 +2.42%)
KODEX MSCI Korea TR (편입상위, 비중 4.56%, 20일선 +3.07%)",https://finance.naver.com/item/main.naver?code=005935
2026-08-31,018260,삼성에스디에스,240000,185706,51.32,29.86,116.53,229900.00,4.39,X,+5.26,197328.33,383287,217453,-43.27,IT서비스,IT 대표주 / SI(시스템통합) / 스마트팩토리(스마트공장),3개통과,"KODEX 삼성그룹 · 편입상위
TIGER 200 IT · 편입상위
SOL 코리아메가테크액티브 · 편입상위","KODEX 삼성그룹 (편입상위, 비중 2.66%, 20일선 +4.71%)
TIGER 200 IT (편입상위, 비중 1.56%, 20일선 +4.39%)
SOL 코리아메가테크액티브 (편입상위, 비중 3.59%, 20일선 +1.79%)",https://finance.naver.com/item/main.naver?code=018260
2026-08-31,089860,롯데렌탈,47350,17192,50.56,29.86,115.94,44247.50,7.01,X,+2.49,34313.33,105328,151322,+43.67,도로와철도운송,밸류업(24년 기업가치 제고계획 발표) / 렌터카 / 코리아 밸류업 지수(Korea Value-up Index),3개통과,"PLUS 고배당저변동50 · 편입상위
KODEX 운송 · 편입상위
TIGER 로우볼 · 편입상위","PLUS 고배당저변동50 (편입상위, 비중 3.06%, 20일선 +2.58%)
KODEX 운송 (편입상위, 비중 5.40%, 20일선 +2.31%)
TIGER 로우볼 (편입상위, 비중 3.27%, 20일선 +2.40%)",https://finance.naver.com/item/main.naver?code=089860
2026-08-31,005930,삼성전자,260000,15200324,49.86,29.86,115.40,254075.00,2.33,X,+1.17,257111.67,30356725,22364338,-26.33,반도체와반도체장비,피지컬 AI/휴머노이드 로봇 / IT 대표주 / S7(삼성전자/SK하이닉스 등),3개통과,"KODEX 200 · 편입상위
TIGER 200 · 편입상위
TIGER 반도체TOP10 · 편입상위","KODEX 200 (편입상위, 비중 35.37%, 20일선 +2.89%)
TIGER 200 (편입상위, 비중 35.40%, 20일선 +2.92%)
TIGER 반도체TOP10 (편입상위, 비중 31.53%, 20일선 +2.97%)",https://finance.naver.com/item/main.naver?code=005930
2026-08-31,085620,미래에셋생명,21550,29131,49.65,29.86,115.24,21344.00,0.97,X,-17.43,18540.83,1300853,562626,-56.75,생명보험,생명보험,1개통과,KODEX 보험 · 편입상위,"KODEX 보험 (편입상위, 비중 2.29%, 20일선 +5.73%)",https://finance.naver.com/item/main.naver?code=085620
2026-08-31,066575,LG전자우,75300,352645,45.93,29.86,112.38,68975.00,9.17,X,+9.29,66634.17,153851,66619,-56.70,전자제품,개별 테마 확인 필요,1개통과,TIGER 우선주 · 편입상위,"TIGER 우선주 (편입상위, 비중 5.79%, 20일선 +1.50%)",https://finance.naver.com/item/main.naver?code=066575
2026-08-31,028050,삼성E&A,47100,92316,43.16,29.86,110.24,47955.00,-1.78,X,+5.13,46282.08,2247967,1490812,-33.68,건설,전후 재건(우크라/중동 전쟁 등) / 수자원(양적/질적 개선),3개통과,"KODEX 삼성그룹 · 편입상위
KODEX 삼성그룹밸류 · 편입상위
KODEX 건설 · 편입상위","KODEX 삼성그룹 (편입상위, 비중 2.10%, 20일선 +4.71%)
KODEX 삼성그룹밸류 (편입상위, 비중 7.51%, 20일선 +2.92%)
KODEX 건설 (편입상위, 비중 23.37%, 20일선 +4.04%)",https://finance.naver.com/item/main.naver?code=028050
2026-08-31,007070,GS리테일,26350,22030,42.74,29.86,109.92,26635.00,-1.07,X,-2.41,24156.17,199305,143232,-28.13,백화점과일반상점,편의점 / 홈쇼핑 / 소매유통,2개통과,"TIGER LG그룹플러스 · 편입상위
TRUSTON 코리아밸류업액티브 · 편입상위","TIGER LG그룹플러스 (편입상위, 비중 3.31%, 20일선 +5.56%)
TRUSTON 코리아밸류업액티브 (편입상위, 비중 2.90%, 20일선 +1.50%)",https://finance.naver.com/item/main.naver?code=007070
2026-08-31,008060,대덕,16190,5065,41.52,29.86,108.98,15483.50,4.56,O,+4.93,16108.75,102976,61379,-40.39,전자장비와기기,지주사,0개통과,,,https://finance.naver.com/item/main.naver?code=008060
2026-08-31,000810,삼성화재,665000,296905,40.15,29.86,107.92,640550.00,3.82,X,+4.56,571387.50,138941,103253,-25.69,손해보험,손해보험 / 밸류업(25년 기업가치 제고계획 발표) / 코리아 밸류업 지수(Korea Value-up Index),3개통과,"KODEX 삼성그룹 · 편입상위
KODEX 금융고배당TOP10타겟위클리커버드콜 · 편입상위
TIGER 은행고배당플러스TOP10 · 편입상위","KODEX 삼성그룹 (편입상위, 비중 5.99%, 20일선 +4.71%)
KODEX 금융고배당TOP10타겟위클리커버드콜 (편입상위, 비중 10.52%, 20일선 +2.19%)
TIGER 은행고배당플러스TOP10 (편입상위, 비중 4.81%, 20일선 +2.73%)",https://finance.naver.com/item/main.naver?code=000810
2026-08-31,028260,삼성물산,376500,610560,39.19,29.86,107.18,358650.00,4.98,X,+3.29,363975.00,616962,398959,-35.33,복합기업,S7(삼성전자/SK하이닉스 등) / 모듈러주택 / 자원개발,3개통과,"KODEX 200 · 편입상위
TIGER 200 · 편입상위
KODEX 200TR · 편입상위","KODEX 200 (편입상위, 비중 1.03%, 20일선 +2.89%)
TIGER 200 (편입상위, 비중 1.03%, 20일선 +2.92%)
KODEX 200TR (편입상위, 비중 1.03%, 20일선 +2.81%)",https://finance.naver.com/item/main.naver?code=028260
2026-08-31,021240,코웨이,96900,68573,34.21,29.86,103.35,96290.00,0.63,X,-0.62,87535.00,217458,148865,-31.54,가정용기기와용품,제습기 / 여름 / 밸류업(25년 기업가치 제고계획 발표),3개통과,"BNK 주주가치액티브 · 편입상위
KIWOOM 블루칩 · 편입상위
KODEX 경기소비재 · 편입상위","BNK 주주가치액티브 (편입상위, 비중 2.64%, 20일선 +0.87%)
KIWOOM 블루칩 (편입상위, 비중 2.79%, 20일선 +2.49%)
KODEX 경기소비재 (편입상위, 비중 13.42%, 20일선 +4.44%)",https://finance.naver.com/item/main.naver?code=021240
2026-08-31,003550,LG,119400,180523,33.71,29.86,102.96,110600.00,7.96,X,+5.20,103200.00,448787,291769,-34.99,복합기업,밸류업(24년 기업가치 제고계획 발표) / 지주사 / 스마트팩토리(스마트공장),3개통과,"TIGER 200 IT · 편입상위
TIGER 200IT레버리지 · 편입상위
TIGER 지주회사 · 편입상위","TIGER 200 IT (편입상위, 비중 1.73%, 20일선 +4.39%)
TIGER 200IT레버리지 (편입상위, 비중 3.49%, 20일선 +6.79%)
TIGER 지주회사 (편입상위, 비중 7.82%, 20일선 +4.84%)",https://finance.naver.com/item/main.naver?code=003550
2026-08-31,282330,BGF리테일,147800,25545,27.97,29.86,98.54,141760.00,4.26,X,+1.30,129721.67,88247,69414,-21.34,백화점과일반상점,편의점 / 밸류업(25년 기업가치 제고계획 발표) / 소매유통,2개통과,"RISE K엔터&여행레저 · 편입상위
TIGER 우량가치 · 편입상위","RISE K엔터&여행레저 (편입상위, 비중 4.85%, 20일선 +0.04%)
TIGER 우량가치 (편입상위, 비중 2.28%, 20일선 +2.15%)",https://finance.naver.com/item/main.naver?code=282330
2026-08-31,073240,금호타이어,7360,21142,26.46,29.86,97.38,7426.00,-0.89,O,+2.36,5915.58,6926345,3380730,-51.19,자동차부품,타이어,3개통과,"KODEX 자동차 · 편입상위
KODEX 200동일가중 · 편입상위
TIGER 200동일가중 · 편입상위","KODEX 자동차 (편입상위, 비중 2.08%, 20일선 -2.92%)
KODEX 200동일가중 (편입상위, 비중 0.87%, 20일선 +3.22%)
TIGER 200동일가중 (편입상위, 비중 0.87%, 20일선 +3.35%)",https://finance.naver.com/item/main.naver?code=073240
2026-08-31,086790,하나금융지주,136300,373963,26.32,29.86,97.28,130505.00,4.44,X,+5.91,121690.83,891192,694524,-22.07,은행,밸류업(24년 기업가치 제고계획 발표) / STO(토큰증권 발행) / 토스(toss),3개통과,"KODEX 200 · 편입상위
TIGER 200 · 편입상위
KODEX 200TR · 편입상위","KODEX 200 (편입상위, 비중 0.86%, 20일선 +2.89%)
TIGER 200 (편입상위, 비중 0.87%, 20일선 +2.92%)
KODEX 200TR (편입상위, 비중 0.86%, 20일선 +2.81%)",https://finance.naver.com/item/main.naver?code=086790
2026-08-31,051900,LG생활건강,313000,46873,25.70,29.86,96.80,309025.00,1.29,X,-0.95,259145.83,82041,70855,-13.63,화장품,밸류업(24년 기업가치 제고계획 발표) / 여름 / 음식료업종,2개통과,"TIGER 화장품 · 편입상위
TIGER LG그룹플러스 · 편입상위
TIGER 중국소비테마 · 편입상위","TIGER 화장품 (편입상위, 비중 9.58%, 20일선 +13.08%)
TIGER LG그룹플러스 (편입상위, 비중 4.81%, 20일선 +5.56%)
TIGER 중국소비테마 (편입상위, 비중 5.63%, 20일선 +6.60%)",https://finance.naver.com/item/main.naver?code=051900
2026-08-31,003490,대한항공,28100,103470,25.45,29.86,96.60,26642.50,5.47,X,+8.08,25905.42,2874326,2984696,+3.84,항공사,환율하락 수혜 / UAM(도심항공모빌리티) / 밸류업(24년 기업가치 제고계획 발표),3개통과,"TIGER 여행레저 · 편입상위
RISE K엔터&여행레저 · 편입상위
KODEX 운송 · 편입상위","TIGER 여행레저 (편입상위, 비중 9.84%, 20일선 +3.98%)
RISE K엔터&여행레저 (편입상위, 비중 13.11%, 20일선 +0.04%)
KODEX 운송 (편입상위, 비중 20.49%, 20일선 +2.31%)",https://finance.naver.com/item/main.naver?code=003490
2026-08-31,064400,LG씨엔에스,77200,74795,25.32,29.86,96.51,73525.00,5.00,X,+6.78,74154.17,1264127,779361,-38.35,IT서비스,SI(시스템통합) / 스마트팩토리(스마트공장) / 클라우드 컴퓨팅,3개통과,"RISE AI&로봇 · 편입상위
TIGER 소프트웨어 · 편입상위
ACE 코리아AI테크핵심산업 · 편입상위","RISE AI&로봇 (편입상위, 비중 5.43%, 20일선 -2.31%)
TIGER 소프트웨어 (편입상위, 비중 5.70%, 20일선 -0.14%)
ACE 코리아AI테크핵심산업 (편입상위, 비중 4.42%, 20일선 +3.74%)",https://finance.naver.com/item/main.naver?code=064400
2026-08-31,017670,SK텔레콤,94200,202332,24.27,29.86,95.70,94270.00,-0.07,X,-7.92,92192.50,1599298,1517742,-5.10,무선통신서비스,통신 / 자율주행차 / UAM(도심항공모빌리티),3개통과,"TIME Korea플러스배당액티브 · 편입상위
TIME 코스피액티브 · 편입상위
TIGER 경기방어 · 편입상위","TIME Korea플러스배당액티브 (편입상위, 비중 3.51%, 20일선 +2.13%)
TIME 코스피액티브 (편입상위, 비중 2.06%, 20일선 +3.24%)
TIGER 경기방어 (편입상위, 비중 9.11%, 20일선 +1.87%)",https://finance.naver.com/item/main.naver?code=017670
2026-08-31,055550,신한지주,108900,511231,23.05,29.86,94.76,105800.00,2.93,X,+5.42,99345.00,1403782,1035325,-26.25,은행,밸류업(24년 기업가치 제고계획 발표) / STO(토큰증권 발행) / 지주사,3개통과,"KODEX 200 · 편입상위
TIGER 200 · 편입상위
KODEX 200TR · 편입상위","KODEX 200 (편입상위, 비중 1.14%, 20일선 +2.89%)
TIGER 200 (편입상위, 비중 1.16%, 20일선 +2.92%)
KODEX 200TR (편입상위, 비중 1.14%, 20일선 +2.81%)",https://finance.naver.com/item/main.naver?code=055550
2026-08-31,078935,GS우,65500,118070,22.66,29.86,94.46,61750.00,6.07,X,+4.80,55862.50,8106,6742,-16.82,석유와가스,개별 테마 확인 필요,0개통과,,,https://finance.naver.com/item/main.naver?code=078935
2026-08-31,453340,현대그린푸드,18900,6137,21.70,29.86,93.72,18585.00,1.69,X,-1.25,17244.83,46680,36173,-22.51,식품,밸류업(24년 기업가치 제고계획 발표) / 음식료업종,0개통과,,,https://finance.naver.com/item/main.naver?code=453340
2026-08-31,010955,S-Oil우,69800,168986,21.60,29.86,93.64,66510.00,4.95,X,+4.18,58804.17,20551,15847,-22.89,석유와가스,개별 테마 확인 필요,0개통과,,,https://finance.naver.com/item/main.naver?code=010955
2026-08-31,105560,KB금융,173300,614673,21.53,29.86,93.59,168275.00,2.99,X,+6.25,160404.17,1420417,1089544,-23.29,은행,밸류업(24년 기업가치 제고계획 발표) / STO(토큰증권 발행) / 지주사,3개통과,"KODEX 200 · 편입상위
TIGER 200 · 편입상위
KODEX 200TR · 편입상위","KODEX 200 (편입상위, 비중 1.35%, 20일선 +2.89%)
TIGER 200 (편입상위, 비중 1.35%, 20일선 +2.92%)
KODEX 200TR (편입상위, 비중 1.35%, 20일선 +2.81%)",https://finance.naver.com/item/main.naver?code=105560
2026-08-31,008930,한미사이언스,44800,30639,20.43,29.86,92.74,44295.00,1.14,X,-20.71,36236.25,253980,784245,+208.78,제약,밸류업(24년 기업가치 제고계획 발표) / 지주사 / 밸류업(25년 기업가치 제고계획 발표),3개통과,"KODEX 바이오 · 편입상위
TIGER 200 헬스케어 · 편입상위
KODEX 200동일가중 · 편입상위","KODEX 바이오 (편입상위, 비중 3.53%, 20일선 -1.30%)
TIGER 200 헬스케어 (편입상위, 비중 3.71%, 20일선 +1.36%)
KODEX 200동일가중 (편입상위, 비중 0.81%, 20일선 +3.22%)",https://finance.naver.com/item/main.naver?code=008930
2026-08-31,161390,한국타이어앤테크놀로지,66600,82500,16.84,29.86,89.98,68110.00,-2.22,X,-0.30,64217.50,382112,231429,-39.43,자동차부품,밸류업(25년 기업가치 제고계획 발표) / 타이어,3개통과,"KODEX 자동차 · 편입상위
KODEX 자율주행액티브 · 편입상위
KODEX 모멘텀Plus · 편입상위","KODEX 자동차 (편입상위, 비중 12.13%, 20일선 -2.92%)
KODEX 자율주행액티브 (편입상위, 비중 5.78%, 20일선 +2.13%)
KODEX 모멘텀Plus (편입상위, 비중 2.65%, 20일선 +4.00%)",https://finance.naver.com/item/main.naver?code=161390
2026-08-31,180640,한진칼,133000,88793,16.67,29.86,89.84,121545.00,9.42,X,+9.47,117201.67,125599,76863,-38.80,항공사,지주사 / 밸류업(25년 기업가치 제고계획 발표) / 코리아 밸류업 지수(Korea Value-up Index),3개통과,"TIGER 지주회사 · 편입상위
KODEX 경기소비재 · 편입상위
RISE 수출주 · 편입상위","TIGER 지주회사 (편입상위, 비중 8.19%, 20일선 +4.84%)
KODEX 경기소비재 (편입상위, 비중 14.34%, 20일선 +4.44%)
RISE 수출주 (편입상위, 비중 2.28%, 20일선 +3.68%)",https://finance.naver.com/item/main.naver?code=180640
2026-08-31,010950,S-Oil,150100,168986,16.63,29.86,89.81,139535.00,7.57,X,+6.30,120731.67,407905,356993,-12.48,석유와가스,정유 / 윤활유 / LPG(액화석유가스),3개통과,"에셋플러스 코리아대장장이액티브 · 편입상위
FOCUS AI코리아액티브 · 편입상위
TIGER 모멘텀 · 편입상위","에셋플러스 코리아대장장이액티브 (편입상위, 비중 5.08%, 20일선 +2.31%)
FOCUS AI코리아액티브 (편입상위, 비중 4.54%, 20일선 +1.62%)
TIGER 모멘텀 (편입상위, 비중 3.63%, 20일선 +2.01%)",https://finance.naver.com/item/main.naver?code=010950
2026-08-31,033780,KT&G,178100,184886,15.95,29.86,89.29,177000.00,0.62,X,+2.83,173367.50,301458,208221,-30.93,담배,밸류업(24년 기업가치 제고계획 발표) / 코리아 밸류업 지수(Korea Value-up Index) / 건강기능식품,3개통과,"TIGER 경기방어 · 편입상위
KODEX 필수소비재 · 편입상위
KODEX 모멘텀Plus · 편입상위","TIGER 경기방어 (편입상위, 비중 9.26%, 20일선 +1.87%)
KODEX 필수소비재 (편입상위, 비중 21.18%, 20일선 +7.78%)
KODEX 모멘텀Plus (편입상위, 비중 4.43%, 20일선 +4.00%)",https://finance.naver.com/item/main.naver?code=033780
2026-08-31,460860,동국제강,10210,5064,15.50,29.86,88.94,9740.00,4.83,X,+10.02,10119.17,216217,211638,-2.12,철강,철강 주요종목,1개통과,KODEX 철강 · 편입상위,"KODEX 철강 (편입상위, 비중 2.63%, 20일선 +4.66%)",https://finance.naver.com/item/main.naver?code=460860
2026-08-31,090430,아모레퍼시픽,147200,86101,14.91,29.86,88.49,137920.00,6.73,X,+5.22,126038.33,342573,289243,-15.57,화장품,밸류업(24년 기업가치 제고계획 발표) / 코리아 밸류업 지수(Korea Value-up Index) / 마이크로바이옴,2개통과,"TIGER 화장품 · 편입상위
TIGER 중국소비테마 · 편입상위
TIGER 경기방어 · 편입상위","TIGER 화장품 (편입상위, 비중 8.55%, 20일선 +13.08%)
TIGER 중국소비테마 (편입상위, 비중 5.26%, 20일선 +6.60%)
TIGER 경기방어 (편입상위, 비중 2.58%, 20일선 +1.87%)",https://finance.naver.com/item/main.naver?code=090430
2026-08-31,004370,농심,443500,26976,14.75,29.86,88.36,417250.00,6.29,X,-2.63,378575.00,29774,43440,+45.90,식품,환율하락 수혜 / 밸류업(25년 기업가치 제고계획 발표) / 음식료업종,3개통과,"TIGER 중국소비테마 · 편입상위
TIGER MKF배당귀족 · 편입상위
HANARO Fn K-푸드 · 편입상위","TIGER 중국소비테마 (편입상위, 비중 4.93%, 20일선 +6.60%)
TIGER MKF배당귀족 (편입상위, 비중 4.10%, 20일선 +1.53%)
HANARO Fn K-푸드 (편입상위, 비중 16.55%, 20일선 +5.67%)",https://finance.naver.com/item/main.naver?code=004370
2026-08-31,009420,한올바이오파마,59700,31187,14.37,29.86,88.07,57987.50,2.95,X,-0.17,53277.50,456400,363795,-20.29,제약,바이오시밀러(복제 바이오의약품) / 제약업체,3개통과,"KoAct 바이오헬스케어액티브 · 편입상위
KODEX 바이오 · 편입상위
TIME K바이오액티브 · 편입상위","KoAct 바이오헬스케어액티브 (편입상위, 비중 5.47%, 20일선 -2.60%)
KODEX 바이오 (편입상위, 비중 2.50%, 20일선 -1.30%)
TIME K바이오액티브 (편입상위, 비중 3.73%, 20일선 -2.84%)",https://finance.naver.com/item/main.naver?code=009420
2026-08-31,020560,아시아나항공,7610,15675,14.09,29.86,87.86,7197.00,5.74,X,+7.64,7141.58,147479,144130,-2.27,항공사,환율하락 수혜 / 항공/저가 항공사(LCC),3개통과,"TIGER 여행레저 · 편입상위
KODEX 운송 · 편입상위
HK S&P코리아로우볼 · 편입상위","TIGER 여행레저 (편입상위, 비중 9.94%, 20일선 +3.98%)
KODEX 운송 (편입상위, 비중 4.79%, 20일선 +2.31%)
HK S&P코리아로우볼 (편입상위, 비중 2.64%, 20일선 +2.09%)",https://finance.naver.com/item/main.naver?code=020560
2026-08-31,003300,한일홀딩스,18920,5833,14.04,29.86,87.82,17810.50,6.23,X,+4.07,17255.25,19587,24188,+23.49,건축자재,지주사,0개통과,,,https://finance.naver.com/item/main.naver?code=003300
2026-08-31,003690,코리안리,14280,25235,13.88,29.86,87.69,14503.50,-1.54,O,-0.70,13270.25,393648,215536,-45.25,손해보험,생명보험 / 손해보험,3개통과,"KODEX 고배당주 · 편입상위
ACE 라이프자산주주가치액티브 · 편입상위
KODEX 보험 · 편입상위","KODEX 고배당주 (편입상위, 비중 4.26%, 20일선 +1.63%)
ACE 라이프자산주주가치액티브 (편입상위, 비중 3.19%, 20일선 +2.03%)
KODEX 보험 (편입상위, 비중 9.68%, 20일선 +5.73%)",https://finance.naver.com/item/main.naver?code=003690
2026-08-31,294870,IPARK현대산업개발,23400,15422,13.87,29.86,87.69,22202.50,5.39,X,+6.85,21097.75,206550,147293,-28.69,건설,GTX(수도권 광역급행철도) / 부동산 보유 자산주 / 건설 대표주,3개통과,"KODEX 건설 · 편입상위
TIGER MKF배당귀족 · 편입상위
TIGER 우량가치 · 편입상위","KODEX 건설 (편입상위, 비중 2.88%, 20일선 +4.04%)
TIGER MKF배당귀족 (편입상위, 비중 3.95%, 20일선 +1.53%)
TIGER 우량가치 (편입상위, 비중 2.31%, 20일선 +2.15%)",https://finance.naver.com/item/main.naver?code=294870
2026-08-31,028670,팬오션,5670,30310,13.40,29.86,87.33,5810.75,-2.42,X,-10.28,5368.92,2938376,4932796,+67.87,해운사,LNG(액화천연가스) / 해운,3개통과,"ACE 라이프자산주주가치액티브 · 편입상위
HANARO Fn조선해운 · 편입상위
KODEX 친환경조선해운액티브 · 편입상위","ACE 라이프자산주주가치액티브 (편입상위, 비중 2.28%, 20일선 +2.03%)
HANARO Fn조선해운 (편입상위, 비중 3.21%, 20일선 -2.21%)
KODEX 친환경조선해운액티브 (편입상위, 비중 7.09%, 20일선 -0.68%)",https://finance.naver.com/item/main.naver?code=028670
2026-08-31,093050,LF,23250,6798,13.14,29.86,87.12,22725.00,2.31,X,-1.06,23142.08,31424,28661,-8.79,"섬유,의류,신발,호화품",패션/의류,0개통과,,,https://finance.naver.com/item/main.naver?code=093050
2026-08-31,079160,CJ CGV,5440,9007,12.63,29.86,86.73,5325.00,2.16,X,+3.42,4806.29,528139,854850,+61.86,방송과엔터테인먼트,영화,0개통과,,,https://finance.naver.com/item/main.naver?code=079160
2026-08-31,011780,금호석유화학,127500,32075,11.74,29.86,86.05,123395.00,3.33,X,+6.25,126799.17,97383,102316,+5.06,화학,석유화학 / 밸류업(25년 기업가치 제고계획 발표) / 타이어,2개통과,"KODEX 에너지화학 · 편입상위
HANARO Fn골프테마 · 편입상위","KODEX 에너지화학 (편입상위, 비중 2.60%, 20일선 +3.90%)
HANARO Fn골프테마 (편입상위, 비중 8.30%, 20일선 -0.21%)",https://finance.naver.com/item/main.naver?code=011780
2026-08-31,139130,iM금융지주,18490,29281,11.72,29.86,86.03,17407.00,6.22,X,+8.07,17637.67,573270,349078,-39.11,은행,밸류업(24년 기업가치 제고계획 발표) / 지주사 / 은행,3개통과,"TIGER 은행고배당플러스TOP10 · 편입상위
SOL 금융지주플러스고배당 · 편입상위
KODEX 은행 · 편입상위","TIGER 은행고배당플러스TOP10 (편입상위, 비중 2.75%, 20일선 +2.73%)
SOL 금융지주플러스고배당 (편입상위, 비중 1.88%, 20일선 +2.92%)
KODEX 은행 (편입상위, 비중 1.77%, 20일선 +2.86%)",https://finance.naver.com/item/main.naver?code=139130
2026-08-31,000815,삼성화재우,426000,296905,11.37,29.86,85.76,407575.00,4.52,X,+5.19,392387.50,14122,11978,-15.18,손해보험,개별 테마 확인 필요,1개통과,TIGER 우선주 · 편입상위,"TIGER 우선주 (편입상위, 비중 5.70%, 20일선 +1.50%)",https://finance.naver.com/item/main.naver?code=000815
2026-08-31,001800,오리온홀딩스,25800,15520,10.73,29.86,85.27,26202.50,-1.54,X,+0.58,25135.00,117502,70269,-40.20,식품,지주사,2개통과,"KODEX 코리아배당성장 · 편입상위
TIGER 배당성장 · 편입상위","KODEX 코리아배당성장 (편입상위, 비중 3.66%, 20일선 +0.83%)
TIGER 배당성장 (편입상위, 비중 3.66%, 20일선 +0.97%)",https://finance.naver.com/item/main.naver?code=001800
2026-08-31,005090,SGC에너지,55500,7997,10.34,29.86,84.97,58162.50,-4.58,X,-9.02,52447.92,144297,168451,+16.74,에너지장비및서비스,온실가스(탄소배출권)/탄소 포집·활용·저장(CCUS),0개통과,,,https://finance.naver.com/item/main.naver?code=005090
2026-08-31,138040,메리츠금융지주,122200,204498,9.60,29.86,84.40,119710.00,2.08,X,+5.89,113149.17,290541,207978,-28.42,증권,밸류업(24년 기업가치 제고계획 발표) / 지주사 / 밸류업(25년 기업가치 제고계획 발표),3개통과,"TIME Korea플러스배당액티브 · 편입상위
SOL 금융지주플러스고배당 · 편입상위
TIGER 200 금융 · 편입상위","TIME Korea플러스배당액티브 (편입상위, 비중 3.97%, 20일선 +2.13%)
SOL 금융지주플러스고배당 (편입상위, 비중 2.60%, 20일선 +2.92%)
TIGER 200 금융 (편입상위, 비중 3.16%, 20일선 +2.47%)",https://finance.naver.com/item/main.naver?code=138040
2026-08-31,006125,SK디스커버리우,40600,8881,8.56,29.86,83.60,38975.00,4.17,X,+3.97,39390.42,2027,1424,-29.74,석유와가스,개별 테마 확인 필요,0개통과,,,https://finance.naver.com/item/main.naver?code=006125
2026-08-31,316140,우리금융지주,33800,249033,7.13,29.86,82.50,33205.00,1.79,X,+5.79,32115.83,2271521,1638276,-27.88,은행,밸류업(24년 기업가치 제고계획 발표) / 지주사 / 밸류업(25년 기업가치 제고계획 발표),3개통과,"PLUS 고배당주 · 편입상위
KODEX 금융고배당TOP10타겟위클리커버드콜 · 편입상위
TIGER 은행고배당플러스TOP10 · 편입상위","PLUS 고배당주 (편입상위, 비중 5.20%, 20일선 +1.64%)
KODEX 금융고배당TOP10타겟위클리커버드콜 (편입상위, 비중 12.84%, 20일선 +2.19%)
TIGER 은행고배당플러스TOP10 (편입상위, 비중 15.26%, 20일선 +2.73%)",https://finance.naver.com/item/main.naver?code=316140
2026-08-31,462870,시프트업,32650,19179,6.35,29.86,81.90,32262.50,1.20,O,+2.67,31981.25,107865,43527,-59.65,게임엔터테인먼트,게임 / 모바일게임(스마트폰),3개통과,"TIGER Fn메타버스 · 편입상위
KODEX 게임산업 · 편입상위
RISE 게임테마 · 편입상위","TIGER Fn메타버스 (편입상위, 비중 4.79%, 20일선 -0.76%)
KODEX 게임산업 (편입상위, 비중 10.04%, 20일선 -1.72%)
RISE 게임테마 (편입상위, 비중 11.82%, 20일선 -0.18%)",https://finance.naver.com/item/main.naver?code=462870
2026-08-31,096770,SK이노베이션,125500,212161,6.18,29.86,81.76,120530.00,4.12,X,-3.54,116982.50,672128,1205252,+79.32,석유와가스,정유 / 2차전지(생산) / 윤활유,2개통과,"KODEX 2차전지산업 · 편입상위
TIGER 2차전지테마 · 편입상위
KODEX 2차전지산업레버리지 · 편입상위","KODEX 2차전지산업 (편입상위, 비중 6.41%, 20일선 +9.37%)
TIGER 2차전지테마 (편입상위, 비중 10.05%, 20일선 +9.76%)
KODEX 2차전지산업레버리지 (편입상위, 비중 2.98%, 20일선 +17.57%)",https://finance.naver.com/item/main.naver?code=096770
2026-08-31,268280,미원에스씨,131900,6595,5.86,29.86,81.52,126335.00,4.40,X,-0.75,115689.17,3535,2154,-39.07,화학,개별 테마 확인 필요,2개통과,"KODEX 200동일가중 · 편입상위
TIGER 200동일가중 · 편입상위","KODEX 200동일가중 (편입상위, 비중 0.67%, 20일선 +3.22%)
TIGER 200동일가중 (편입상위, 비중 0.68%, 20일선 +3.35%)",https://finance.naver.com/item/main.naver?code=268280
2026-08-31,002790,아모레퍼시픽홀딩스,27250,20834,5.21,29.86,81.02,26380.00,3.30,X,+2.83,25603.75,131672,90145,-31.54,화장품,밸류업(24년 기업가치 제고계획 발표) / 지주사 / 화장품,2개통과,"TIGER 중국소비테마 · 편입상위
KODEX 밸류Plus · 편입상위","TIGER 중국소비테마 (편입상위, 비중 4.54%, 20일선 +6.60%)
KODEX 밸류Plus (편입상위, 비중 3.01%, 20일선 +3.00%)",https://finance.naver.com/item/main.naver?code=002790
2026-08-31,003555,LG우,72100,180523,4.64,29.86,80.58,68400.00,5.41,X,+3.59,69034.17,9710,8826,-9.10,복합기업,개별 테마 확인 필요,0개통과,,,https://finance.naver.com/item/main.naver?code=003555
2026-08-31,006040,동원산업,38450,16972,4.06,29.86,80.13,37485.00,2.57,X,+0.39,36392.50,61565,44759,-27.30,식품,밸류업(24년 기업가치 제고계획 발표) / 지주사 / 부동산 보유 자산주,3개통과,"HANARO Fn K-푸드 · 편입상위
KODEX 밸류Plus · 편입상위
HANARO 농업융복합산업 · 편입상위","HANARO Fn K-푸드 (편입상위, 비중 4.81%, 20일선 +5.67%)
KODEX 밸류Plus (편입상위, 비중 3.59%, 20일선 +3.00%)
HANARO 농업융복합산업 (편입상위, 비중 16.89%, 20일선 +1.30%)",https://finance.naver.com/item/main.naver?code=006040
2026-09-01,009150,삼성전기,1.43e+06,1068119,255.72,23.56,287.90,1361150.00,5.06,X,+4.99,1195987.50,1020282,673768,-33.96,전자장비와기기,S7(삼성전자/SK하이닉스 등) / 자율주행차 / 카메라모듈/부품,3개통과,"KODEX 200 · 편입상위
TIGER 200 · 편입상위
KODEX 200TR · 편입상위","KODEX 200 (편입상위, 비중 1.98%, 20일선 +2.72%)
TIGER 200 (편입상위, 비중 1.99%, 20일선 +2.77%)
KODEX 200TR (편입상위, 비중 1.98%, 20일선 +2.74%)",https://finance.naver.com/item/main.naver?code=009150
2026-09-01,009155,삼성전기우,524000,1068119,224.06,23.56,262.28,480825.00,8.98,X,+6.83,434489.17,87215,29497,-66.18,전자장비와기기,개별 테마 확인 필요,1개통과,TIGER 우선주 · 편입상위,"TIGER 우선주 (편입상위, 비중 6.67%, 20일선 +2.36%)",https://finance.naver.com/item/main.naver?code=009155
2026-09-01,006340,대원전선,13280,10413,147.30,23.56,200.15,14163.50,-6.24,O,-0.38,10902.67,12709353,2967032,-76.65,전기장비,철도 / 전선 / 전력설비,2개통과,"KODEX AI전력핵심설비 · 편입상위
HANARO 전력설비투자 · 편입상위","KODEX AI전력핵심설비 (편입상위, 비중 1.99%, 20일선 +1.70%)
HANARO 전력설비투자 (편입상위, 비중 1.92%, 20일선 +1.54%)",https://finance.naver.com/item/main.naver?code=006340
2026-09-01,402340,SK스퀘어,1.067e+06,1407629,92.60,23.56,155.88,1052800.00,1.35,O,+0.66,1043033.33,1032190,556505,-46.09,반도체와반도체장비,S7(삼성전자/SK하이닉스 등) / 밸류업(24년 기업가치 제고계획 발표) / 지주사,3개통과,"KODEX 200 · 편입상위
TIGER 200 · 편입상위
TIGER 반도체TOP10 · 편입상위","KODEX 200 (편입상위, 비중 2.79%, 20일선 +2.72%)
TIGER 200 (편입상위, 비중 2.79%, 20일선 +2.77%)
TIGER 반도체TOP10 (편입상위, 비중 20.82%, 20일선 +2.93%)",https://finance.naver.com/item/main.naver?code=402340
2026-09-01,010060,OCI홀딩스,263500,49196,85.96,23.56,150.50,268725.00,-1.94,X,-4.18,251943.33,321408,214287,-33.33,화학,지주사 / 태양광에너지,3개통과,"KODEX 신재생에너지액티브 · 편입상위
TIGER 지주회사 · 편입상위
PLUS 태양광&ESS · 편입상위","KODEX 신재생에너지액티브 (편입상위, 비중 7.61%, 20일선 +1.98%)
TIGER 지주회사 (편입상위, 비중 5.15%, 20일선 +3.98%)
PLUS 태양광&ESS (편입상위, 비중 19.94%, 20일선 +1.62%)",https://finance.naver.com/item/main.naver?code=010060
2026-09-01,475150,SK이터닉스,51800,17646,81.12,23.56,146.59,54690.00,-5.28,X,-6.16,50249.58,6070563,2355090,-61.20,에너지장비및서비스,전력저장장치(ESS) / 태양광에너지 / 풍력에너지,2개통과,"KODEX 신재생에너지액티브 · 편입상위
PLUS 태양광&ESS · 편입상위","KODEX 신재생에너지액티브 (편입상위, 비중 6.54%, 20일선 +1.98%)
PLUS 태양광&ESS (편입상위, 비중 6.75%, 20일선 +1.62%)",https://finance.naver.com/item/main.naver?code=475150
2026-09-01,000660,SK하이닉스,1.693e+06,12367235,80.49,23.56,146.08,1605950.00,5.42,X,+0.89,1674741.67,5825829,3815695,-34.50,반도체와반도체장비,IT 대표주 / S7(삼성전자/SK하이닉스 등) / 반도체 대표주(생산),3개통과,"KODEX 200 · 편입상위
TIGER 200 · 편입상위
TIGER 반도체TOP10 · 편입상위","KODEX 200 (편입상위, 비중 26.47%, 20일선 +2.72%)
TIGER 200 (편입상위, 비중 26.51%, 20일선 +2.77%)
TIGER 반도체TOP10 (편입상위, 비중 25.15%, 20일선 +2.93%)",https://finance.naver.com/item/main.naver?code=000660
2026-09-01,066570,LG전자,206500,336356,78.17,23.56,144.20,196675.00,5.00,O,+2.99,177962.50,1735447,713393,-58.89,전자제품,피지컬 AI/휴머노이드 로봇 / IT 대표주 / 제습기,3개통과,"TIGER 200 IT · 편입상위
KODEX 로봇액티브 · 편입상위
TIGER 200IT레버리지 · 편입상위","TIGER 200 IT (편입상위, 비중 3.76%, 20일선 +3.94%)
KODEX 로봇액티브 (편입상위, 비중 7.38%, 20일선 -2.42%)
TIGER 200IT레버리지 (편입상위, 비중 7.59%, 20일선 +6.02%)",https://finance.naver.com/item/main.naver?code=066570
2026-09-01,093370,후성,12700,13621,76.63,23.56,142.96,11714.00,8.42,O,+1.93,11945.00,5970233,2413151,-59.58,화학,리튬 / 여름 / 2차전지,2개통과,"KoAct 반도체&2차전지핵심소재액티브 · 편입상위
KIWOOM K-반도체북미공급망 · 편입상위","KoAct 반도체&2차전지핵심소재액티브 (편입상위, 비중 3.71%, 20일선 +2.77%)
KIWOOM K-반도체북미공급망 (편입상위, 비중 6.38%, 20일선 +3.94%)",https://finance.naver.com/item/main.naver?code=093370
2026-09-01,006360,GS건설,33300,28498,67.67,23.56,135.71,34417.50,-3.25,X,-4.86,30900.50,2612904,2431810,-6.93,건설,모듈러주택 / 전후 재건(우크라/중동 전쟁 등) / GTX(수도권 광역급행철도),2개통과,"KODEX 건설 · 편입상위
TIGER LG그룹플러스 · 편입상위","KODEX 건설 (편입상위, 비중 8.29%, 20일선 -0.27%)
TIGER LG그룹플러스 (편입상위, 비중 7.49%, 20일선 +2.89%)",https://finance.naver.com/item/main.naver?code=006360
2026-09-01,034730,SK,586000,424865,66.95,23.56,135.12,550050.00,6.54,X,+5.40,525370.83,268654,156470,-41.76,석유와가스,LNG(액화천연가스) / 냉각시스템(액침냉각 등) / SI(시스템통합),3개통과,"TIME Korea플러스배당액티브 · 편입상위
TIGER 지주회사 · 편입상위
TIME 코리아밸류업액티브 · 편입상위","TIME Korea플러스배당액티브 (편입상위, 비중 3.32%, 20일선 +2.76%)
TIGER 지주회사 (편입상위, 비중 8.76%, 20일선 +3.98%)
TIME 코리아밸류업액티브 (편입상위, 비중 2.40%, 20일선 +1.01%)",https://finance.naver.com/item/main.naver?code=034730
2026-09-01,007340,DN오토모티브,46200,27032,66.49,23.56,134.75,48745.00,-5.22,X,-4.84,41509.58,238407,286850,+20.32,자동차부품,자동차부품 / 지주사,2개통과,"KODEX 자동차 · 편입상위
ACE 라이프자산주주가치액티브 · 편입상위","KODEX 자동차 (편입상위, 비중 2.32%, 20일선 -3.23%)
ACE 라이프자산주주가치액티브 (편입상위, 비중 4.59%, 20일선 +1.67%)",https://finance.naver.com/item/main.naver?code=007340
2026-09-01,085620,미래에셋생명,22450,30347,55.79,23.56,126.09,21715.00,3.38,X,-22.98,18607.92,1179873,561692,-52.39,생명보험,생명보험,1개통과,KODEX 보험 · 편입상위,"KODEX 보험 (편입상위, 비중 2.29%, 20일선 +8.23%)",https://finance.naver.com/item/main.naver?code=085620
2026-09-01,018260,삼성에스디에스,245000,189575,50.77,23.56,122.03,232000.00,5.60,X,+7.93,198048.33,375192,204707,-45.44,IT서비스,IT 대표주 / SI(시스템통합) / 스마트팩토리(스마트공장),3개통과,"KODEX 삼성그룹 · 편입상위
TIGER 200 IT · 편입상위
SOL 코리아메가테크액티브 · 편입상위","KODEX 삼성그룹 (편입상위, 비중 2.66%, 20일선 +4.01%)
TIGER 200 IT (편입상위, 비중 1.56%, 20일선 +3.94%)
SOL 코리아메가테크액티브 (편입상위, 비중 3.59%, 20일선 +0.89%)",https://finance.naver.com/item/main.naver?code=018260
2026-09-01,002995,금호건설우,21050,6147,49.50,23.56,121.00,21356.00,-1.43,X,+1.45,18484.17,35024,22955,-34.46,건설,개별 테마 확인 필요,0개통과,,,https://finance.naver.com/item/main.naver?code=002995
2026-09-01,032830,삼성생명,309500,619000,46.34,23.56,118.44,296225.00,4.48,X,+8.60,308629.17,505343,555149,+9.86,생명보험,생명보험 / S7(삼성전자/SK하이닉스 등),3개통과,"KODEX 삼성그룹 · 편입상위
KODEX 코스피 · 편입상위
TIGER 코스피 · 편입상위","KODEX 삼성그룹 (편입상위, 비중 8.50%, 20일선 +4.01%)
KODEX 코스피 (편입상위, 비중 1.19%, 20일선 +2.58%)
TIGER 코스피 (편입상위, 비중 1.18%, 20일선 +2.62%)",https://finance.naver.com/item/main.naver?code=032830
2026-09-01,278470,에이피알,432500,161920,43.45,23.56,116.10,403750.00,7.12,X,-1.82,384212.50,284467,288041,+1.26,화장품,패션/의류 / 미용기기 / 화장품,3개통과,"TIME 코스피액티브 · 편입상위
TIGER 화장품 · 편입상위
TIGER 경기방어 · 편입상위","TIME 코스피액티브 (편입상위, 비중 2.09%, 20일선 +3.00%)
TIGER 화장품 (편입상위, 비중 8.98%, 20일선 +6.61%)
TIGER 경기방어 (편입상위, 비중 5.70%, 20일선 +0.65%)",https://finance.naver.com/item/main.naver?code=278470
2026-09-01,028260,삼성물산,390500,633264,43.04,23.56,115.77,361725.00,7.95,X,+6.40,364975.00,609659,387331,-36.47,복합기업,S7(삼성전자/SK하이닉스 등) / 모듈러주택 / 자원개발,3개통과,"KODEX 200 · 편입상위
TIGER 200 · 편입상위
KODEX 200TR · 편입상위","KODEX 200 (편입상위, 비중 1.03%, 20일선 +2.72%)
TIGER 200 (편입상위, 비중 1.03%, 20일선 +2.77%)
KODEX 200TR (편입상위, 비중 1.03%, 20일선 +2.74%)",https://finance.naver.com/item/main.naver?code=028260
2026-09-01,066575,LG전자우,75000,336356,41.51,23.56,114.53,69825.00,7.41,O,+4.75,66829.17,146348,61848,-57.74,전자제품,개별 테마 확인 필요,1개통과,TIGER 우선주 · 편입상위,"TIGER 우선주 (편입상위, 비중 5.79%, 20일선 +2.36%)",https://finance.naver.com/item/main.naver?code=066575
2026-09-01,005935,삼성전자우,190300,15258787,41.49,23.56,114.51,186145.00,2.23,X,-2.16,176045.00,4448466,4876034,+9.61,반도체와반도체장비,S7(삼성전자/SK하이닉스 등),3개통과,"TIGER MSCI Korea TR · 편입상위
TIGER 배당커버드콜액티브 · 편입상위
KODEX MSCI Korea TR · 편입상위","TIGER MSCI Korea TR (편입상위, 비중 4.57%, 20일선 +2.62%)
TIGER 배당커버드콜액티브 (편입상위, 비중 4.91%, 20일선 +2.61%)
KODEX MSCI Korea TR (편입상위, 비중 4.56%, 20일선 +2.64%)",https://finance.naver.com/item/main.naver?code=005935
2026-09-01,005930,삼성전자,261000,15258787,38.90,23.56,112.42,255150.00,2.29,X,+1.56,257840.83,30136587,21320575,-29.25,반도체와반도체장비,피지컬 AI/휴머노이드 로봇 / IT 대표주 / S7(삼성전자/SK하이닉스 등),3개통과,"KODEX 200 · 편입상위
TIGER 200 · 편입상위
TIGER 반도체TOP10 · 편입상위","KODEX 200 (편입상위, 비중 35.37%, 20일선 +2.72%)
TIGER 200 (편입상위, 비중 35.40%, 20일선 +2.77%)
TIGER 반도체TOP10 (편입상위, 비중 31.53%, 20일선 +2.93%)",https://finance.naver.com/item/main.naver?code=005930
2026-09-01,000810,삼성화재,677000,302263,38.59,23.56,112.17,643600.00,5.19,X,+4.48,573075.00,134639,92862,-31.03,손해보험,손해보험 / 밸류업(25년 기업가치 제고계획 발표) / 코리아 밸류업 지수(Korea Value-up Index),3개통과,"KODEX 삼성그룹 · 편입상위
KODEX 금융고배당TOP10타겟위클리커버드콜 · 편입상위
TIGER 은행고배당플러스TOP10 · 편입상위","KODEX 삼성그룹 (편입상위, 비중 5.99%, 20일선 +4.01%)
KODEX 금융고배당TOP10타겟위클리커버드콜 (편입상위, 비중 10.52%, 20일선 +2.92%)
TIGER 은행고배당플러스TOP10 (편입상위, 비중 4.81%, 20일선 +3.42%)",https://finance.naver.com/item/main.naver?code=000810
2026-09-01,007070,GS리테일,26350,22030,36.67,23.56,110.61,26732.50,-1.43,X,-0.94,24221.92,197292,140620,-28.72,백화점과일반상점,편의점 / 홈쇼핑 / 소매유통,2개통과,"TIGER LG그룹플러스 · 편입상위
TRUSTON 코리아밸류업액티브 · 편입상위","TIGER LG그룹플러스 (편입상위, 비중 3.31%, 20일선 +2.89%)
TRUSTON 코리아밸류업액티브 (편입상위, 비중 2.90%, 20일선 +1.62%)",https://finance.naver.com/item/main.naver?code=007070
2026-09-01,021240,코웨이,97800,69210,35.27,23.56,109.48,96570.00,1.27,X,-0.91,87748.33,213691,150794,-29.43,가정용기기와용품,제습기 / 여름 / 밸류업(25년 기업가치 제고계획 발표),3개통과,"BNK 주주가치액티브 · 편입상위
KIWOOM 블루칩 · 편입상위
KODEX 경기소비재 · 편입상위","BNK 주주가치액티브 (편입상위, 비중 2.64%, 20일선 +1.30%)
KIWOOM 블루칩 (편입상위, 비중 2.79%, 20일선 +1.79%)
KODEX 경기소비재 (편입상위, 비중 13.42%, 20일선 +3.38%)",https://finance.naver.com/item/main.naver?code=021240
2026-09-01,010950,S-Oil,151700,170788,28.67,23.56,104.14,141035.00,7.56,X,+8.43,120923.33,408225,354598,-13.14,석유와가스,정유 / 윤활유 / LPG(액화석유가스),3개통과,"에셋플러스 코리아대장장이액티브 · 편입상위
FOCUS AI코리아액티브 · 편입상위
TIGER 모멘텀 · 편입상위","에셋플러스 코리아대장장이액티브 (편입상위, 비중 5.08%, 20일선 +0.72%)
FOCUS AI코리아액티브 (편입상위, 비중 4.54%, 20일선 +1.09%)
TIGER 모멘텀 (편입상위, 비중 3.63%, 20일선 +1.03%)",https://finance.naver.com/item/main.naver?code=010950
2026-09-01,003550,LG,120300,181883,27.84,23.56,103.47,111630.00,7.77,X,+6.84,103458.33,435498,315567,-27.54,복합기업,밸류업(24년 기업가치 제고계획 발표) / 지주사 / 스마트팩토리(스마트공장),3개통과,"TIGER 200 IT · 편입상위
TIGER 200IT레버리지 · 편입상위
TIGER 지주회사 · 편입상위","TIGER 200 IT (편입상위, 비중 1.73%, 20일선 +3.94%)
TIGER 200IT레버리지 (편입상위, 비중 3.49%, 20일선 +6.02%)
TIGER 지주회사 (편입상위, 비중 7.82%, 20일선 +3.98%)",https://finance.naver.com/item/main.naver?code=003550
2026-09-01,010955,S-Oil우,69900,170788,26.86,23.56,102.68,67040.00,4.27,X,+6.07,58908.33,20485,16279,-20.53,석유와가스,개별 테마 확인 필요,0개통과,,,https://finance.naver.com/item/main.naver?code=010955
2026-09-01,282330,BGF리테일,150900,26081,25.23,23.56,101.35,143205.00,5.37,X,+3.85,130016.67,87875,65799,-25.12,백화점과일반상점,편의점 / 밸류업(25년 기업가치 제고계획 발표) / 소매유통,2개통과,"RISE K엔터&여행레저 · 편입상위
TIGER 우량가치 · 편입상위","RISE K엔터&여행레저 (편입상위, 비중 4.85%, 20일선 +1.69%)
TIGER 우량가치 (편입상위, 비중 2.28%, 20일선 +2.33%)",https://finance.naver.com/item/main.naver?code=282330
2026-09-01,073240,금호타이어,7450,21400,25.21,23.56,101.34,7465.50,-0.21,X,+6.43,5929.17,6947830,3170851,-54.36,자동차부품,타이어,3개통과,"KODEX 자동차 · 편입상위
KODEX 200동일가중 · 편입상위
TIGER 200동일가중 · 편입상위","KODEX 자동차 (편입상위, 비중 2.08%, 20일선 -3.23%)
KODEX 200동일가중 (편입상위, 비중 0.87%, 20일선 +2.34%)
TIGER 200동일가중 (편입상위, 비중 0.87%, 20일선 +2.27%)",https://finance.naver.com/item/main.naver?code=073240
2026-09-01,086790,하나금융지주,137400,376981,25.02,23.56,101.19,131030.00,4.86,X,+5.05,121936.67,880525,710341,-19.33,은행,밸류업(24년 기업가치 제고계획 발표) / STO(토큰증권 발행) / 토스(toss),3개통과,"KODEX 200 · 편입상위
TIGER 200 · 편입상위
KODEX 200TR · 편입상위","KODEX 200 (편입상위, 비중 0.86%, 20일선 +2.72%)
TIGER 200 (편입상위, 비중 0.87%, 20일선 +2.77%)
KODEX 200TR (편입상위, 비중 0.86%, 20일선 +2.74%)",https://finance.naver.com/item/main.naver?code=086790
2026-09-01,051900,LG생활건강,306000,45825,24.90,23.56,101.09,310150.00,-1.34,X,-3.16,259620.83,82654,75995,-8.06,화장품,밸류업(24년 기업가치 제고계획 발표) / 여름 / 음식료업종,3개통과,"TIGER 화장품 · 편입상위
TIGER LG그룹플러스 · 편입상위
TIGER 중국소비테마 · 편입상위","TIGER 화장품 (편입상위, 비중 9.58%, 20일선 +6.61%)
TIGER LG그룹플러스 (편입상위, 비중 4.81%, 20일선 +2.89%)
TIGER 중국소비테마 (편입상위, 비중 5.63%, 20일선 +4.89%)",https://finance.naver.com/item/main.naver?code=051900
2026-09-01,055550,신한지주,111100,521559,24.55,23.56,100.81,106220.00,4.59,X,+4.32,99533.33,1354565,1082393,-20.09,은행,밸류업(24년 기업가치 제고계획 발표) / STO(토큰증권 발행) / 지주사,3개통과,"KODEX 200 · 편입상위
TIGER 200 · 편입상위
KODEX 200TR · 편입상위","KODEX 200 (편입상위, 비중 1.14%, 20일선 +2.72%)
TIGER 200 (편입상위, 비중 1.16%, 20일선 +2.77%)
KODEX 200TR (편입상위, 비중 1.14%, 20일선 +2.74%)",https://finance.naver.com/item/main.naver?code=055550
2026-09-01,004800,효성,172500,28877,23.30,23.56,99.80,162085.00,6.43,X,+9.45,170940.00,29561,18761,-36.53,복합기업,지주사 / 삼성페이 / 풍력에너지,0개통과,,,https://finance.naver.com/item/main.naver?code=004800
2026-09-01,017670,SK텔레콤,94600,203191,22.54,23.56,99.18,94900.00,-0.32,X,-4.35,92349.17,1586084,1404260,-11.46,무선통신서비스,통신 / 자율주행차 / UAM(도심항공모빌리티),3개통과,"TIME Korea플러스배당액티브 · 편입상위
TIME 코스피액티브 · 편입상위
TIGER 경기방어 · 편입상위","TIME Korea플러스배당액티브 (편입상위, 비중 3.51%, 20일선 +2.76%)
TIME 코스피액티브 (편입상위, 비중 2.06%, 20일선 +3.00%)
TIGER 경기방어 (편입상위, 비중 9.11%, 20일선 +0.65%)",https://finance.naver.com/item/main.naver?code=017670
2026-09-01,078935,GS우,64800,115840,21.12,23.56,98.03,62220.00,4.15,X,+1.25,55957.50,7952,6766,-14.91,석유와가스,개별 테마 확인 필요,0개통과,,,https://finance.naver.com/item/main.naver?code=078935
2026-09-01,008930,한미사이언스,45800,31323,20.53,23.56,97.55,44782.50,2.27,X,-1.08,36307.92,278515,782954,+181.12,제약,밸류업(24년 기업가치 제고계획 발표) / 지주사 / 밸류업(25년 기업가치 제고계획 발표),3개통과,"KODEX 바이오 · 편입상위
TIGER 200 헬스케어 · 편입상위
KODEX 200동일가중 · 편입상위","KODEX 바이오 (편입상위, 비중 3.53%, 20일선 -2.98%)
TIGER 200 헬스케어 (편입상위, 비중 3.71%, 20일선 -0.41%)
KODEX 200동일가중 (편입상위, 비중 0.81%, 20일선 +2.34%)",https://finance.naver.com/item/main.naver?code=008930
2026-09-01,453340,현대그린푸드,18900,6137,19.70,23.56,96.88,18638.50,1.40,X,+1.61,17272.92,46552,35406,-23.94,식품,밸류업(24년 기업가치 제고계획 발표) / 음식료업종,0개통과,,,https://finance.naver.com/item/main.naver?code=453340
2026-09-01,064400,LG씨엔에스,75800,73439,19.37,23.56,96.61,74190.00,2.17,X,+3.84,74272.50,1226605,633533,-48.35,IT서비스,SI(시스템통합) / 스마트팩토리(스마트공장) / 클라우드 컴퓨팅,3개통과,"RISE AI&로봇 · 편입상위
TIGER 소프트웨어 · 편입상위
ACE 코리아AI테크핵심산업 · 편입상위","RISE AI&로봇 (편입상위, 비중 5.43%, 20일선 -4.41%)
TIGER 소프트웨어 (편입상위, 비중 5.70%, 20일선 -0.76%)
ACE 코리아AI테크핵심산업 (편입상위, 비중 4.42%, 20일선 +1.52%)",https://finance.naver.com/item/main.naver?code=064400
2026-09-01,079160,CJ CGV,5540,9173,18.76,23.56,96.12,5353.00,3.49,X,+5.93,4812.21,528604,832162,+57.43,방송과엔터테인먼트,영화,0개통과,,,https://finance.naver.com/item/main.naver?code=079160
2026-09-01,003490,대한항공,28750,105863,18.07,23.56,95.56,26770.00,7.40,X,+9.32,25958.33,2884535,2935017,+1.75,항공사,환율하락 수혜 / UAM(도심항공모빌리티) / 밸류업(24년 기업가치 제고계획 발표),3개통과,"TIGER 여행레저 · 편입상위
RISE K엔터&여행레저 · 편입상위
KODEX 운송 · 편입상위","TIGER 여행레저 (편입상위, 비중 9.84%, 20일선 +4.80%)
RISE K엔터&여행레저 (편입상위, 비중 13.11%, 20일선 +1.69%)
KODEX 운송 (편입상위, 비중 20.49%, 20일선 +2.90%)",https://finance.naver.com/item/main.naver?code=003490
2026-09-01,460860,동국제강,10390,5154,17.53,23.56,95.13,9820.00,5.80,X,+7.11,10132.08,213936,208994,-2.31,철강,철강 주요종목,1개통과,KODEX 철강 · 편입상위,"KODEX 철강 (편입상위, 비중 2.63%, 20일선 +3.95%)",https://finance.naver.com/item/main.naver?code=460860
2026-09-01,105560,KB금융,171200,607225,16.15,23.56,94.00,168360.00,1.69,X,+2.88,160642.50,1379758,1133244,-17.87,은행,밸류업(24년 기업가치 제고계획 발표) / STO(토큰증권 발행) / 지주사,3개통과,"KODEX 200 · 편입상위
TIGER 200 · 편입상위
KODEX 200TR · 편입상위","KODEX 200 (편입상위, 비중 1.35%, 20일선 +2.72%)
TIGER 200 (편입상위, 비중 1.35%, 20일선 +2.77%)
KODEX 200TR (편입상위, 비중 1.35%, 20일선 +2.74%)",https://finance.naver.com/item/main.naver?code=105560
2026-09-01,003690,코리안리,14680,25942,14.33,23.56,92.53,14559.50,0.83,O,+1.66,13288.08,376780,185126,-50.87,손해보험,생명보험 / 손해보험,3개통과,"KODEX 고배당주 · 편입상위
ACE 라이프자산주주가치액티브 · 편입상위
KODEX 보험 · 편입상위","KODEX 고배당주 (편입상위, 비중 4.26%, 20일선 +2.73%)
ACE 라이프자산주주가치액티브 (편입상위, 비중 3.19%, 20일선 +1.67%)
KODEX 보험 (편입상위, 비중 9.68%, 20일선 +8.23%)",https://finance.naver.com/item/main.naver?code=003690
2026-09-01,161390,한국타이어앤테크놀로지,67400,83491,14.04,23.56,92.30,68140.00,-1.09,X,+0.75,64304.17,376755,225933,-40.03,자동차부품,밸류업(25년 기업가치 제고계획 발표) / 타이어,3개통과,"KODEX 자동차 · 편입상위
KODEX 자율주행액티브 · 편입상위
KODEX 모멘텀Plus · 편입상위","KODEX 자동차 (편입상위, 비중 12.13%, 20일선 -3.23%)
KODEX 자율주행액티브 (편입상위, 비중 5.78%, 20일선 +1.36%)
KODEX 모멘텀Plus (편입상위, 비중 2.65%, 20일선 +1.33%)",https://finance.naver.com/item/main.naver?code=161390
2026-09-01,004370,농심,441500,26854,13.94,23.56,92.21,420575.00,4.98,X,-2.11,379033.33,29792,39278,+31.84,식품,환율하락 수혜 / 밸류업(25년 기업가치 제고계획 발표) / 음식료업종,3개통과,"TIGER 중국소비테마 · 편입상위
TIGER MKF배당귀족 · 편입상위
HANARO Fn K-푸드 · 편입상위","TIGER 중국소비테마 (편입상위, 비중 4.93%, 20일선 +4.89%)
TIGER MKF배당귀족 (편입상위, 비중 4.10%, 20일선 +1.96%)
HANARO Fn K-푸드 (편입상위, 비중 16.55%, 20일선 +4.50%)",https://finance.naver.com/item/main.naver?code=004370
2026-09-01,090430,아모레퍼시픽,146300,85574,13.24,23.56,91.65,138745.00,5.45,X,+2.09,126190.00,345012,280446,-18.71,화장품,밸류업(24년 기업가치 제고계획 발표) / 코리아 밸류업 지수(Korea Value-up Index) / 마이크로바이옴,3개통과,"TIGER 화장품 · 편입상위
TIGER 중국소비테마 · 편입상위
TIGER 경기방어 · 편입상위","TIGER 화장품 (편입상위, 비중 8.55%, 20일선 +6.61%)
TIGER 중국소비테마 (편입상위, 비중 5.26%, 20일선 +4.89%)
TIGER 경기방어 (편입상위, 비중 2.58%, 20일선 +0.65%)",https://finance.naver.com/item/main.naver?code=090430
2026-09-01,033780,KT&G,174900,181564,13.13,23.56,91.56,176965.00,-1.17,X,-0.29,173545.00,301635,186629,-38.13,담배,밸류업(24년 기업가치 제고계획 발표) / 코리아 밸류업 지수(Korea Value-up Index) / 건강기능식품,3개통과,"TIGER 경기방어 · 편입상위
KODEX 필수소비재 · 편입상위
KODEX 모멘텀Plus · 편입상위","TIGER 경기방어 (편입상위, 비중 9.26%, 20일선 +0.65%)
KODEX 필수소비재 (편입상위, 비중 21.18%, 20일선 +3.91%)
KODEX 모멘텀Plus (편입상위, 비중 4.43%, 20일선 +1.33%)",https://finance.naver.com/item/main.naver?code=033780
2026-09-01,093050,LF,23200,6783,12.35,23.56,90.93,22785.00,1.82,X,-1.07,23164.17,31193,26172,-16.10,"섬유,의류,신발,호화품",패션/의류,0개통과,,,https://finance.naver.com/item/main.naver?code=093050
2026-09-01,000815,삼성화재우,437000,302263,11.48,23.56,90.23,410100.00,6.56,X,+5.68,392841.67,13436,11716,-12.80,손해보험,개별 테마 확인 필요,1개통과,TIGER 우선주 · 편입상위,"TIGER 우선주 (편입상위, 비중 5.70%, 20일선 +2.36%)",https://finance.naver.com/item/main.naver?code=000815
2026-09-01,138040,메리츠금융지주,125400,209853,10.97,23.56,89.82,119965.00,4.53,X,+3.81,113265.00,290167,227499,-21.60,증권,밸류업(24년 기업가치 제고계획 발표) / 지주사 / 밸류업(25년 기업가치 제고계획 발표),3개통과,"TIME Korea플러스배당액티브 · 편입상위
SOL 금융지주플러스고배당 · 편입상위
TIGER 200 금융 · 편입상위","TIME Korea플러스배당액티브 (편입상위, 비중 3.97%, 20일선 +2.76%)
SOL 금융지주플러스고배당 (편입상위, 비중 2.60%, 20일선 +3.51%)
TIGER 200 금융 (편입상위, 비중 3.16%, 20일선 +3.67%)",https://finance.naver.com/item/main.naver?code=138040
2026-09-01,139130,iM금융지주,18960,30025,10.81,23.56,89.69,17507.00,8.30,X,+8.03,17657.75,570584,350201,-38.62,은행,밸류업(24년 기업가치 제고계획 발표) / 지주사 / 은행,3개통과,"TIGER 은행고배당플러스TOP10 · 편입상위
SOL 금융지주플러스고배당 · 편입상위
KODEX 은행 · 편입상위","TIGER 은행고배당플러스TOP10 (편입상위, 비중 2.75%, 20일선 +3.42%)
SOL 금융지주플러스고배당 (편입상위, 비중 1.88%, 20일선 +3.51%)
KODEX 은행 (편입상위, 비중 1.77%, 20일선 +3.71%)",https://finance.naver.com/item/main.naver?code=139130
2026-09-01,020560,아시아나항공,7710,15881,10.78,23.56,89.66,7230.00,6.64,X,+8.59,7150.25,146518,142839,-2.51,항공사,환율하락 수혜 / 항공/저가 항공사(LCC),3개통과,"TIGER 여행레저 · 편입상위
KODEX 운송 · 편입상위
HK S&P코리아로우볼 · 편입상위","TIGER 여행레저 (편입상위, 비중 9.94%, 20일선 +4.80%)
KODEX 운송 (편입상위, 비중 4.79%, 20일선 +2.90%)
HK S&P코리아로우볼 (편입상위, 비중 2.64%, 20일선 +1.76%)",https://finance.naver.com/item/main.naver?code=020560
2026-09-01,294870,IPARK현대산업개발,23050,15191,10.29,23.56,89.26,22352.50,3.12,X,+2.90,21118.58,204589,121017,-40.85,건설,GTX(수도권 광역급행철도) / 부동산 보유 자산주 / 건설 대표주,3개통과,"KODEX 건설 · 편입상위
TIGER MKF배당귀족 · 편입상위
TIGER 우량가치 · 편입상위","KODEX 건설 (편입상위, 비중 2.88%, 20일선 -0.27%)
TIGER MKF배당귀족 (편입상위, 비중 3.95%, 20일선 +1.96%)
TIGER 우량가치 (편입상위, 비중 2.31%, 20일선 +2.33%)",https://finance.naver.com/item/main.naver?code=294870
2026-09-01,003300,한일홀딩스,18720,5771,10.05,23.56,89.07,17856.50,4.84,X,+2.35,17273.00,19574,23756,+21.37,건축자재,지주사,0개통과,,,https://finance.naver.com/item/main.naver?code=003300
2026-09-01,028670,팬오션,5600,29935,8.95,23.56,88.18,5844.00,-4.18,X,-12.23,5373.92,3015105,4616275,+53.10,해운사,LNG(액화천연가스) / 해운,3개통과,"ACE 라이프자산주주가치액티브 · 편입상위
HANARO Fn조선해운 · 편입상위
KODEX 친환경조선해운액티브 · 편입상위","ACE 라이프자산주주가치액티브 (편입상위, 비중 2.28%, 20일선 +1.67%)
HANARO Fn조선해운 (편입상위, 비중 3.21%, 20일선 -2.37%)
KODEX 친환경조선해운액티브 (편입상위, 비중 7.09%, 20일선 -1.69%)",https://finance.naver.com/item/main.naver?code=028670
2026-09-01,462870,시프트업,33050,19414,7.83,23.56,87.27,32362.50,2.12,O,+3.12,32000.83,107358,40882,-61.92,게임엔터테인먼트,게임 / 모바일게임(스마트폰),3개통과,"TIGER Fn메타버스 · 편입상위
KODEX 게임산업 · 편입상위
RISE 게임테마 · 편입상위","TIGER Fn메타버스 (편입상위, 비중 4.79%, 20일선 -0.57%)
KODEX 게임산업 (편입상위, 비중 10.04%, 20일선 -0.29%)
RISE 게임테마 (편입상위, 비중 11.82%, 20일선 +1.44%)",https://finance.naver.com/item/main.naver?code=462870
2026-09-01,268280,미원에스씨,133000,6650,7.78,23.56,87.23,127175.00,4.58,O,+1.45,115759.17,3550,2008,-43.44,화학,개별 테마 확인 필요,2개통과,"KODEX 200동일가중 · 편입상위
TIGER 200동일가중 · 편입상위","KODEX 200동일가중 (편입상위, 비중 0.67%, 20일선 +2.34%)
TIGER 200동일가중 (편입상위, 비중 0.68%, 20일선 +2.27%)",https://finance.naver.com/item/main.naver?code=268280
2026-09-01,316140,우리금융지주,34550,254559,7.63,23.56,87.11,33265.00,3.86,X,+5.98,32140.83,2258568,1720584,-23.82,은행,밸류업(24년 기업가치 제고계획 발표) / 지주사 / 밸류업(25년 기업가치 제고계획 발표),3개통과,"PLUS 고배당주 · 편입상위
KODEX 금융고배당TOP10타겟위클리커버드콜 · 편입상위
TIGER 은행고배당플러스TOP10 · 편입상위","PLUS 고배당주 (편입상위, 비중 5.20%, 20일선 +2.44%)
KODEX 금융고배당TOP10타겟위클리커버드콜 (편입상위, 비중 12.84%, 20일선 +2.92%)
TIGER 은행고배당플러스TOP10 (편입상위, 비중 15.26%, 20일선 +3.42%)",https://finance.naver.com/item/main.naver?code=316140
2026-09-01,011780,금호석유화학,130100,32729,6.81,23.56,86.45,124250.00,4.71,X,+8.24,126932.50,97173,101798,+4.76,화학,석유화학 / 밸류업(25년 기업가치 제고계획 발표) / 타이어,2개통과,"KODEX 에너지화학 · 편입상위
HANARO Fn골프테마 · 편입상위","KODEX 에너지화학 (편입상위, 비중 2.60%, 20일선 +3.69%)
HANARO Fn골프테마 (편입상위, 비중 8.30%, 20일선 +0.14%)",https://finance.naver.com/item/main.naver?code=011780
2026-09-01,000400,롯데손해보험,2155,6687,5.90,23.56,85.71,2035.05,5.89,X,+6.16,2068.16,898196,451480,-49.73,손해보험,손해보험,0개통과,,,https://finance.naver.com/item/main.naver?code=000400
2026-09-01,001800,오리온홀딩스,25500,15339,5.37,23.56,85.28,26202.50,-2.68,X,+0.00,25153.33,116503,65483,-43.79,식품,지주사,2개통과,"KODEX 코리아배당성장 · 편입상위
TIGER 배당성장 · 편입상위","KODEX 코리아배당성장 (편입상위, 비중 3.66%, 20일선 +2.09%)
TIGER 배당성장 (편입상위, 비중 3.66%, 20일선 +2.09%)",https://finance.naver.com/item/main.naver?code=001800
2026-09-01,006125,SK디스커버리우,41100,9211,4.98,23.56,84.97,39130.00,5.03,X,+5.79,39421.25,2035,2096,+2.97,석유와가스,개별 테마 확인 필요,0개통과,,,https://finance.naver.com/item/main.naver?code=006125
2026-09-01,017940,E1,98000,6722,4.93,23.56,84.92,91235.00,7.41,X,+3.81,91986.67,10976,8017,-26.96,가스유틸리티,LPG(액화석유가스) / 셰일가스(Shale Gas),1개통과,TIGER 우량가치 · 편입상위,"TIGER 우량가치 (편입상위, 비중 2.25%, 20일선 +2.33%)",https://finance.naver.com/item/main.naver?code=017940
2026-09-01,180640,한진칼,129800,86657,4.26,23.56,84.38,122085.00,6.32,X,+6.13,117333.33,124990,73692,-41.04,항공사,지주사 / 밸류업(25년 기업가치 제고계획 발표) / 코리아 밸류업 지수(Korea Value-up Index),3개통과,"TIGER 지주회사 · 편입상위
KODEX 경기소비재 · 편입상위
RISE 수출주 · 편입상위","TIGER 지주회사 (편입상위, 비중 8.19%, 20일선 +3.98%)
KODEX 경기소비재 (편입상위, 비중 14.34%, 20일선 +3.38%)
RISE 수출주 (편입상위, 비중 2.28%, 20일선 +2.43%)",https://finance.naver.com/item/main.naver?code=180640
2026-09-01,036460,한국가스공사,37500,34617,3.88,23.56,84.07,36175.00,3.66,X,+1.90,35485.83,179194,102296,-42.91,가스유틸리티,환율하락 수혜 / LNG(액화천연가스) / 셰일가스(Shale Gas),2개통과,"RISE 우량업종대표주 · 편입상위
RISE 중소형고배당 · 편입상위","RISE 우량업종대표주 (편입상위, 비중 2.52%, 20일선 +2.70%)
RISE 중소형고배당 (편입상위, 비중 3.26%, 20일선 +1.23%)",https://finance.naver.com/item/main.naver?code=036460
2026-09-01,002790,아모레퍼시픽홀딩스,27200,20796,3.62,23.56,83.86,26475.00,2.74,X,+1.30,25614.58,131181,88244,-32.73,화장품,밸류업(24년 기업가치 제고계획 발표) / 지주사 / 화장품,2개통과,"TIGER 중국소비테마 · 편입상위
KODEX 밸류Plus · 편입상위","TIGER 중국소비테마 (편입상위, 비중 4.54%, 20일선 +4.89%)
KODEX 밸류Plus (편입상위, 비중 3.01%, 20일선 +3.00%)",https://finance.naver.com/item/main.naver?code=002790
2026-09-01,051905,LG생활건강우,109000,45825,3.02,23.56,83.38,110225.00,-1.11,X,-0.27,105157.50,9070,8740,-3.64,화장품,개별 테마 확인 필요,0개통과,,,https://finance.naver.com/item/main.naver?code=051905
2026-09-01,003555,LG우,72100,181883,2.85,23.56,83.24,68785.00,4.82,X,+3.15,69060.83,9337,8316,-10.93,복합기업,개별 테마 확인 필요,0개통과,,,https://finance.naver.com/item/main.naver?code=003555
2026-09-01,011200,HMM,21350,201381,2.15,23.56,82.68,21610.00,-1.20,X,-5.74,20431.75,1570786,1577462,+0.43,해운사,해운 / 밸류업(25년 기업가치 제고계획 발표) / 코리아 밸류업 지수(Korea Value-up Index),3개통과,"HANARO Fn조선해운 · 편입상위
KODEX 친환경조선해운액티브 · 편입상위
파워 K-주주가치액티브 · 편입상위","HANARO Fn조선해운 (편입상위, 비중 19.39%, 20일선 -2.37%)
KODEX 친환경조선해운액티브 (편입상위, 비중 6.46%, 20일선 -1.69%)
파워 K-주주가치액티브 (편입상위, 비중 2.91%, 20일선 +2.59%)",https://finance.naver.com/item/main.naver?code=011200
2026-09-01,499790,GS피앤엘,45300,8983,1.80,23.56,82.39,42292.50,7.11,X,+14.39,44523.33,122574,55360,-54.84,"호텔,레스토랑,레저",지주사 / 호텔/리조트,1개통과,TIGER 여행레저 · 편입상위,"TIGER 여행레저 (편입상위, 비중 6.25%, 20일선 +4.80%)",https://finance.naver.com/item/main.naver?code=499790
2026-09-01,383800,LX홀딩스,8270,6308,1.72,23.56,82.33,8070.50,2.47,X,+1.22,8198.08,115941,70166,-39.48,무역회사와판매업체,지주사,0개통과,,,https://finance.naver.com/item/main.naver?code=383800
2026-09-01,009420,한올바이오파마,55100,28784,1.66,23.56,82.28,58445.00,-5.72,X,-9.23,53301.67,449876,371255,-17.48,제약,바이오시밀러(복제 바이오의약품) / 제약업체,3개통과,"KoAct 바이오헬스케어액티브 · 편입상위
KODEX 바이오 · 편입상위
TIME K바이오액티브 · 편입상위","KoAct 바이오헬스케어액티브 (편입상위, 비중 5.47%, 20일선 -4.25%)
KODEX 바이오 (편입상위, 비중 2.50%, 20일선 -2.98%)
TIME K바이오액티브 (편입상위, 비중 3.73%, 20일선 -5.21%)",https://finance.naver.com/item/main.naver?code=009420
2026-09-01,006040,동원산업,37950,16751,0.66,23.56,81.47,37625.00,0.86,X,-2.19,36400.83,60796,45035,-25.92,식품,밸류업(24년 기업가치 제고계획 발표) / 지주사 / 부동산 보유 자산주,3개통과,"HANARO Fn K-푸드 · 편입상위
KODEX 밸류Plus · 편입상위
HANARO 농업융복합산업 · 편입상위","HANARO Fn K-푸드 (편입상위, 비중 4.81%, 20일선 +4.50%)
KODEX 밸류Plus (편입상위, 비중 3.59%, 20일선 +3.00%)
HANARO 농업융복합산업 (편입상위, 비중 16.89%, 20일선 +0.94%)",https://finance.naver.com/item/main.naver?code=006040
2026-09-01,192400,쿠쿠홀딩스,27900,9921,0.54,23.56,81.37,27272.50,2.30,X,+0.00,26907.50,21639,22540,+4.16,가정용기기와용품,지주사,2개통과,"TIGER 코스피고배당 · 편입상위
ACE 주주환원가치주액티브 · 편입상위","TIGER 코스피고배당 (편입상위, 비중 2.90%, 20일선 +2.25%)
ACE 주주환원가치주액티브 (편입상위, 비중 6.48%, 20일선 +0.63%)",https://finance.naver.com/item/main.naver?code=192400
2026-09-01,090435,아모레퍼시픽우,45550,85574,0.22,23.56,81.11,45187.50,0.80,X,-1.83,42887.08,19568,14792,-24.41,화장품,개별 테마 확인 필요,0개통과,,,https://finance.naver.com/item/main.naver?code=090435
2026-09-01,012750,에스원,81400,30931,-1.09,23.56,80.05,78015.00,4.34,X,+2.01,78171.67,76144,56196,-26.20,상업서비스와공급품,스마트홈(홈네트워크) / 코리아 밸류업 지수(Korea Value-up Index) / 보안주(물리),3개통과,"KODEX 삼성그룹밸류 · 편입상위
ACE 삼성그룹섹터가중 · 편입상위
TIGER MKF배당귀족 · 편입상위","KODEX 삼성그룹밸류 (편입상위, 비중 4.81%, 20일선 +2.86%)
ACE 삼성그룹섹터가중 (편입상위, 비중 11.91%, 20일선 +3.31%)
TIGER MKF배당귀족 (편입상위, 비중 3.54%, 20일선 +1.96%)",https://finance.naver.com/item/main.naver?code=012750
